:020000040800F2
:10000000B00C0020950200089D0200089F02000825
:10001000A1020008A3020008A502000800000000D9
:10002000000000000000000000000000A70200081F
:10003000A902000800000000AB020008AD020008A1
:10004000AF020008AF020008AF020008612F0008ED
:10005000AF020008AF020008AF020008AF020008BC
:10006000AF020008AF020008AF020008AF020008AC
:10007000AF020008AF020008AF020008AF0200089C
:10008000AF020008AF020008AF0200080000000045
:10009000000000000000000000000000AF020008A7
:1000A00059330008AF020008AF020008AF02000891
:1000B000AF020008AF020008AF020008AF0200085C
:1000C000AF020008AF020008AF020008AF0200084C
:1000D000AF0200084937000861380008000000003E
:1000E000AF0200088D2B0008AF02000800000000DE
:1000F000000000000000000000000000AF02000847
:1001000000000000AF020008AF020008AF020008C4
:1001100000000000000000000000000000000000DF
:10012000AF020008AF020008AF020008AF020008EB
:10013000AF02000800000000000000000000000006
:10014000000000000000000000000000AF020008F6
:10015000AF020008AF020008AF020008D53800085F
:10016000AF020008AF02000800000000000000001D
:10017000000000000000000000000000000000007F
:1001800000000000AF0200080000000000000000B6
:10019000AF02000800F002F800F06DF80AA090E845
:1001A000000C82448344AAF10107DA4501D100F032
:1001B00062F8AFF2090EBAE80F0013F0010F18BF92
:1001C000FB1A43F0010318475C7F02007C7F0200AA
:1001D0000A444FF0000C10F8013B13F0070408BF6D
:1001E00010F8014B1D1108BF10F8015B641E05D00B
:1001F00010F8016B641E01F8016BF9D113F0080FC0
:100200001EBF10F8014BAD1C0C1B09D16D1E58BF51
:1002100001F801CBFAD505E014F8016B01F8016B88
:100220006D1EF9D59142D6D37047000000230024FB
:1002300000250026103A28BF78C1FBD8520728BFF6
:1002400030C148BF0B607047642900F09F8075295A
:1002500000F09C80002070471FB508F021FB00F0E3
:10026000FFFB04000020002108F004FB401C60603C
:100270001FBD10B510BD00F0CEFB1146FFF7ECFF1F
:1002800005F0DEF900F0FEFB03B4FFF7F2FF03BC5C
:1002900003F0EBFC0948804709480047FEE7FEE70A
:1002A000FEE7FEE7FEE7FEE7FEE7FEE7FEE7FEE726
:1002B00004480549054A064B70470000F132000822
:1002C00095010008B0060020B00C0020B008002006
:1002D000B00800207047B2F120030AD5C2F1200314
:1002E00001FA02F120FA03F300FA02F041EA0301F5
:1002F000704700FA03F14FF0000070470FB4044953
:1003000010B503AA029800F0BBFA10BC5DF814FB0C
:100310005C0000200FB41CB5074B06AA7B4469465D
:100320000090059800F093FA0020694600F0A2FAC8
:100330001CBC5DF814FB00005505000070B50446B8
:1003400085690068C10601D5302600E02026C00777
:1003500007D070BDD4E9012130469047206A401C87
:1003600020626D1EF6D570BD70B5044685690078B3
:10037000C00707D170BDD4E9012120209047206A31
:10038000401C20626D1EF6D570BD00002DE9F041C5
:100390000646002410687529314616A510D0AFF323
:1003A0000080002802DA404213A507E031688A077E
:1003B00001D512A502E0490704D511A5012401E0E9
:1003C000AFF3008000210A2206F1240709E0B0FB08
:1003D000F2FCB0FBF2F302FB1C00303078541846FC
:1003E000491C0028F3D123462A463046BDE8F04197
:1003F00000F0CEB9000000002D0000002B0000002E
:10040000200000002DE9F05F894604464FF0000A05
:10041000DFF824B1FB44C0F820A02046E1688847FB
:1004200000287DD0252806D0D4E901219047206AF4
:10043000401C2062F1E700255F462046E1688847BE
:100440002028064607DB312E05D2B81910F8200CFB
:1004500008B10543F1E7A80701D525F00405C4F864
:100460001CA00027C4F818A02A2E09D0304603F09B
:10047000F5FB38B304EB8708303EC8F8186019E084
:1004800059F8041B204604EB87029161E168884714
:10049000012F064618D1E069002820DA25F0200552
:1004A0001DE0D8F8180000EB800006EB4000303863
:1004B000C8F818002046E1688847064603F0CEFBDE
:1004C0000028EED1012F0AD02E2E08D12046E16857
:1004D00088477F1C0646022F45F02005C4DBA06933
:1004E000002803DA404245F00105A061E80701D089
:1004F00025F01005A6B1A6F14100192802D8203632
:1005000045F400654A463146204625604D46FFF7D2
:100510009BFE60B1012807D0ED1D25F0070000E02B
:1005200007E000F1080978E705F1040975E73046AE
:100530007AE7206ABDE8F09F027C020070B50646AB
:1005400000F022F90468054630460A22002100F036
:10055000A9F92C6070BD401ECAB210F8011F8A4272
:1005600002D00029F9D10020704730B505460B466E
:100570002A4613F8014B12F8010B08B1A042F8D03B
:100580001CB1002802D06D1CF1E7284630BD40EABE
:10059000010370B59B072ED14FF00136042A2AD3F0
:1005A00008C810C99D1B9D43121F15EAC61517D018
:1005B000D8B2E1B2401A50EA056110D198B2A1B2A6
:1005C000401A50EA05410AD123F07F4024F07F41D0
:1005D000401A50EA052102D1180EA0EB146070BD3C
:1005E000A342DBD018BA21BA884201D9012070BDDC
:1005F0004FF0FF3070BD0AB9002070BD10F8013B0C
:1006000011F8014B63B1A3420AD1521E08D010F871
:10061000013B11F8014B1BB1A34201D1521EEDD198
:10062000181B70BD421E12F8013F002BFBD111F8C0
:10063000013B002B02F8013BF9D1704710B5203A7D
:10064000C0F00B80B1E81850203AA0E81850B1E88B
:100650001850A0E81850BFF4F5AF5FEA027C24BF41
:10066000B1E81850A0E8185044BF18C918C0BDE838
:1006700010405FEA827C24BF51F8043B40F8043B01
:1006800008BF7047D20728BF31F8023B48BF11F8B6
:10069000012B28BF20F8023B48BF00F8012B704710
:1006A00002F0FF0343EA032242EA024200F034B9B7
:1006B0004FF0000200B5134694469646203922BFFB
:1006C000A0E80C50A0E80C50B1F12001BFF4F7AF46
:1006D000090728BFA0E80C5048BF0CC05DF804EB28
:1006E000890028BF40F8042B08BF704748BF20F896
:1006F000022B11F0804F18BF00F8012B704700004B
:100700004FF0013C50F8042B51F8043B9A4221D1A0
:10071000A2EB0C03934313EACC1317D150F8042B2C
:1007200051F8043B9A4215D1A2EB0C03934313EA10
:10073000CC130BD150F8042B51F8043B9A4209D149
:10074000A2EB0C03934313EACC13DBD04FF0000071
:10075000704700BFD01A01BAB1FA81F101F0180157
:1007600022FA01F0CB40C1F12001DBB2C0B2C01AC5
:100770002CFA01F3D11A914311EAC311E6D1704763
:100780007047704770477047004870475006002018
:100790002DE9F0470D4699469246044600F124089B
:1007A0000168880604D5E06921F01001216000E0AD
:1007B0000120A84201DD471B00E00027A1697A194A
:1007C00002EB0900081AA0612078C00602D4204676
:1007D000FFF7B4FD002608E0D4E901211AF806006D
:1007E0009047206A401C761C20624E45F4DB20783E
:1007F000C0060AD52046FFF7A1FD06E0D4E9012195
:1008000030209047206A401C2062381EA7F1010763
:10081000F4DC07E0D4E9012118F805009047206ACC
:10082000401C2062281EA5F10105F3DC2046FFF7DD
:100830009BFD2078000602D50220BDE8F08701204C
:10084000FBE7000001694A1C02610878704700B5A7
:100850008FB0CDE901310021059105497944CDE9F9
:10086000031011466846FFF7CDFD0FB000BD000034
:10087000E5FFFFFF0A6802F8010B0A6070470000FD
:10088000074B70B50D467B44FFF7E1FF0446284651
:1008900000F0BDF810B14FF0FF3070BD204670BDC4
:1008A0004F4900002DE9F04791460F468046044627
:1008B000002614F8015B2DB100F052F80068405D8D
:1008C000C007F6D12B2D02D02D2D18D0641E4A461C
:1008D0003946204600F04CF827B13968A14201D1D1
:1008E000C7F800804FF0020471050BD54042002884
:1008F00003DDFFF749FF0460A007BDE8F08746F479
:100900008066E4E70028F8DAFFF73EFF04606FF046
:100910000040F2E74FF000020429C0F0128010F00E
:10092000030C3FF4C7AECCF1040CBCF1020F18BFAE
:1009300000F8012BA8BF20F8022BA1EB0C01FFF758
:10094000B9BE5FEAC17C24BF00F8012B00F8012B7F
:1009500048BF00F8012B7047004870475006002040
:1009600010B500F07DF8001D10BD00BF097F00002C
:100970002DE9F05F824615468B4600270AF10104F7
:10098000B9460078302801D09DB113E014F8010B6E
:100990000127782803D0582801D045B10AE00DB1CD
:1009A000102D07D1002714F8010B102502E00825AF
:1009B00000E00A250026B0460EE005FB080005FB16
:1009C00006F101271FFA80F801EB1046B6F5803FCB
:1009D00000D3B94614F8010B294600F045F8002869
:1009E000EBDABBF1000F05D00FB1641E00E05446F6
:1009F000CBF80040B9F1000F06D0FFF7C5FE022189
:100A00000160C81EBDE8F09F48EA0640FAE7007B97
:100A100000F0800070477546FFF79EFFAE46050068
:100A20006946534620F00700854618B020B5FFF709
:100A30003FFCBDE820404FF000064FF000074FF0AC
:100A400000084FF0000B21F00701AC46ACE8C009EC
:100A5000ACE8C009ACE8C009ACE8C0098D467047F5
:100A600000487047700600203A2800D2303820F045
:100A70002002412A01D3A2F13700884201D34FF06E
:100A8000FF30704710B50446AFF300802046BDE844
:100A90001040FFF7F9BB2DE9F04104460D4616461C
:100AA00004F0C6FCA046E11704EB11610912A02274
:100AB00002EB4101C8B204F081FC04F0DFFB074601
:100AC000012F04D104F0DEFC0120BDE8F081E0B28A
:100AD00004F074FC04F0D2FB0746012F03D104F0AC
:100AE000D1FC0220F1E704F0A3FCA046E11704EBDF
:100AF00011610912A12202EB4101C8B204F05EFCAF
:100B000004F0BCFB0746012F03D104F0BBFC01201D
:100B1000DBE70DE004F0E6FB3070681E85B21DB91E
:100B2000012004F01BFC04E0002004F017FC761CFC
:100B3000F0E700BF04F0A6FC0020C6E72DE9F04175
:100B400006460D4690461F4619E0F80096FBF0F168
:100B500000FB1160C0EBC700C4B2AC4205DBE9B2D8
:100B60004246304600F010F80AE042462146304640
:100B700000F00AF8301986B2281B85B2A044E4E7D9
:100B800000BF0020BDE8F0812DE9F04104460D468C
:100B9000164604F04DFCA046E11704EB1161091262
:100BA000A02202EB4101C8B204F008FC04F066FB8D
:100BB0000746012F04D104F065FC0120BDE8F08157
:100BC000E0B204F0FBFB04F059FB0746012F03D110
:100BD00004F058FC0220F1E710E0307804F0EEFB5E
:100BE00004F04CFB0746012F03D104F04BFC03201B
:100BF000E4E7681EC5B205B901E0761CEDE700BF69
:100C000004F040FC052007F0D3F80020D6E70000F0
:100C100010B5FF240E48006900F0020068B90D48C5
:100C2000007850B100F018F80446FF2C05D00020E1
:100C3000084908701D2007F05BFA0548006900F0BC
:100C4000020010B1012003490870204610BD0000C9
:100C500000000240B500002010B503F0D9FAA02032
:100C600003F09EFA03F00AFA18B103F0FBFA012030
:100C700010BD00BF3B48006800F040000028F9D0DC
:100C8000082003F08DFA03F0F9F918B103F0EAFA3D
:100C90000220EDE700BF3348006800F04000002864
:100CA000F9D003F0B5FAA12003F07AFA03F0E6F9DF
:100CB00018B103F0D7FA0320DAE700BF294800682B
:100CC00000F040000028F9D003F002FA04460020AA
:100CD00003F036FA03F0FCF944EA0024012003F0A3
:100CE0002FFA03F0BFFA402C2AD00EDC082C29D0B2
:100CF00006DC012C1AD0022C1ED0042C2ED127E0A9
:100D0000102C29D0202C29D120E0B4F5007F21D04F
:100D100005DC802C0ED0B4F5807F1FD114E0B4F533
:100D2000806F05D0B4F5006F18D107E031209FE740
:100D300032209DE733209BE7342099E7352097E761
:100D4000362095E7372093E7382091E739208FE761
:100D50002A208DE730208BE7232089E700BFFF2082
:100D600086E700001004024070B50446002603F038
:100D70004FFAA02003F014FA03F080F918B103F041
:100D800071FA012070BD00BF1D48006800F04000EE
:100D90000028F9D0B02003F003FA03F06FF918B17E
:100DA00003F060FA0220EDE700BF1548006800F08C
:100DB00040000028F9D001251BE0162D03D1F0B228
:100DC00003F0EEF905E0207803F0EAF92078064414
:100DD000641C03F053F918B103F044FA0320D1E77F
:100DE00000BF0748006800F040000028F9D0681CE8
:100DF000C5B2162DE1DD03F035FA0020C2E7000090
:100E00001004024000B58DB0182107A8FFF750FC70
:100E100018220BA101A8FFF711FC03F00FF90E48EF
:100E2000006840F001000C4908600C48006820F0A0
:100E30000C000A49086001A8FFF796FF0DB000BD3D
:100E4000000083F3983F3F3F3F3F3F3F3F3F3F3FDF
:100E50003F3F3F3F7F00000030380240000002402B
:100E60002DE9F0410746884615460421052000F08B
:100E70002DF80021012002F0D5FE80210A2002F089
:100E8000B5F9002405E0395D092002F0CBFE601CB5
:100E9000C4B24445F7DB0321012002F0C3FEFF2466
:100EA00000BF052002F012F90646601EC4B21CB154
:100EB00006F004000028F4D0222002F007F9287080
:100EC000212002F003F96870BDE8F08170B5054695
:100ED0000C460026284602F0F9F8064626EA0401E8
:100EE000284602F09FFE70BD10B540F6B83208A14A
:100EF00009A000F07FFA04461CB90BA0FFF7FEF929
:100F000002E00EA0FFF7FAF903F0CCF9204610BD7D
:100F1000726561647900000041542B524553544F6F
:100F200052450D0A00000000BBD6B8B4B3F6B3A713
:100F3000C9E8D6C3B3C9B9A60D0A0000BBD6B8B478
:100F4000B3F6B3A7C9E8D6C3CAA7B0DC0D0A000040
:100F50000149086070470000143C01403EB5054659
:100F60005F48007800286ED05EA0FFF7C7F963A045
:100F7000FFF7C4F967A0FFF7C1F96B4A00210846E3
:100F800000F0D4FD2020FF21002247F67C53CDE95C
:100F90000021029065A23021182000F0D2FB102021
:100FA000FF21002247F67C53CDE90021029063A285
:100FB000DC21002000F0C5FB1020FF21002247F6B5
:100FC0007C53CDE9002102905FA2DC21962000F045
:100FD000B8FB554801214CF218635EA2CDE9001020
:100FE0007821602000F0D2FC5B4A09211520FFF730
:100FF00052FD1E2059490880002420E05648005D1B
:10100000FF281AD05448015D55A0FFF777F920203A
:10101000FF210022CDE9002102904F48005D3030D1
:10102000C2B247F67C5350214C48008800F0CCFBFC
:101030004A480088143049490880601CC4B2092C11
:10104000DCDB002407E016E04348005DFF2800D108
:1010500003E0601CC4B2092CF6DB00BF601C4249EF
:101060000870084600780A2802D140A0FFF746F928
:1010700000201B4908703C4800780A281BDA3A48CF
:10108000007804F06BFF3F4908600846006890B99B
:10109000354801780078401E2F4A11540223092157
:1010A0001520FFF74BFD3048017837A0FFF726F9F0
:1010B00001200B490870232D02D02A2D0DD106E006
:1010C00004203549088001200549087005E0012009
:1010D000314908800249087000BF00BF3EBD0000D2
:1010E000920000200D0AD7A2B2E1D3C3BBA7D6B8A5
:1010F000CEC6BDE7C3E63A0D0A000000A1BE23A19B
:10110000BFBBD8B5BDC9CFD2BBBCB6B2CBB5A50DA0
:101110000A000000A1BE2AA1BFBBD8B5BDD6F7BD4D
:10112000E7C3E60D0A000000D8BD0008D7A2B2E16F
:10113000D3C3BBA7D6B8CEC600000000A1BE2AA16B
:10114000BFD6F7BDE7C3E600C9CFD2BBBCB6A1BED0
:1011500023A1BF005A000000E801002098000020F1
:1011600025752020000000009A000020D7A2B2E1DF
:10117000D6B8CEC6CAFDC1BFD2D4B4EFC9CFCFDE78
:101180000D0A000094000020D2D1D7A2B2E125645C
:10119000BAC549440D0A0000120000201CB50446DF
:1011A000FE20009002211E4800F052FA1E2006F098
:1011B000FFFD2146732005F0DFF86A4601A9732080
:1011C00004F08EFE40B117A0FFF798F802211448F2
:1011D00000F03CFAFF201CBD9DF8000030B18328D0
:1011E00009D090280BD0FF2811D10CE0214614A083
:1011F000FFF784F80BE017A0FFF780F807E018A0CE
:10120000FFF77CF803E01AA0FFF778F800BF00BFF3
:101210000221034800F01AFA9DF80000DBE7000005
:1012200000080240CDA8D0C5CAA7B0DC2CBDD3CAE7
:10123000D5CAFDBEDDB0FCB4EDCEF30D0A00000052
:10124000D6B8CEC62564C9BEB3FDB3C9B9A60D0ACA
:1012500000000000B2CECAFDB4EDCEF30D0A0000CE
:10126000CEB4D7A2B2E1B5C4D3C3BBA70D0A000068
:10127000D0B4C8EB524F4DB4EDCEF30D0A000000D0
:1012800010B506F0B3FE0A2221A122A000F0B2F8A8
:1012900003F008F80A221EA11EA000F0ABF818B156
:1012A00003F000F800F040F902F0FCFFFFF71CFE2D
:1012B00002F0F8FF0A2216A118A000F09BF818B956
:1012C0001AA0FFF71BF802E01FA0FFF717F802F0C3
:1012D000E9FF0A220EA123A000F08CF818B925A07E
:1012E000FFF70CF802E028A0FFF708F802F0DAFF99
:1012F0000A2207A129A000F07DF818B92DA0FEF759
:10130000FDFF02E033A0FEF7F9FF02F0CBFF10BDB6
:101310004F4B000041540D0A0000000041542B4384
:10132000574D4F44453D310D0A000000BFCDBBA7CE
:10133000B6CBC4A3CABDD6B8C1EED6B4D0D0B3C95B
:10134000B9A60D0A00000000BFCDBBA7B6CBC4A351
:10135000CABDD6B8C1EED6B4D0D0CAA7B0DC0D0A8B
:101360000000000041542B4349504D4F44453D314E
:101370000D0A0000CDB8B4ABD6B8C1EED6B4D0D00B
:10138000B3C9B9A60D0A0000CDB8B4ABD6B8C1EE4A
:10139000D6B4D0D0CAA7B0DC0D0A000041542B430C
:1013A000575245434F4E4E4346473D362C300D0A6B
:1013B0000000000057692D466920D6D8C1ACC5E4AD
:1013C000D6C3D6B8C1EED6B4D0D0B3C9B9A60D0A2B
:1013D0000000000057692D466920D6D8C1ACC5E48D
:1013E000D6C3D6B8C1EED6B4D0D0CAA7B0DC0D0AE9
:1013F000000000002DE9F04106460F461546002486
:10140000304606F059FE642006F0D2FC40F6B838AB
:1014100022E00DE0641C012006F0CAFCAC4207D1BA
:1014200002F040FF0DA0FEF769FF0120BDE8F0814A
:101430000E4890F802040028ECD039460B48FFF71C
:1014400094F808B10020F1E7641C012006F0B0FC1C
:10145000444501D10120E9E7DBE70000CFECD3A64A
:10146000CAFDBEDDB3ACCAB10D0A000026020020E1
:1014700030B58DB004460D46342214496846FFF756
:10148000DDF821466846FFF7CDF811A16846FFF761
:10149000C9F829466846FFF7C5F80EA16846FFF768
:1014A000C1F802F0FFFE41F288320BA16846FFF757
:1014B000A1FF28B909A0FEF721FF00200DB030BD23
:1014C0000FA0FEF71BFF0120F8E70000E87F0208ED
:1014D000222C2200220D0A004F4B0000574946499A
:1014E000C1ACBDD3D6B8C1EED6B4D0D0B3C9B9A6BD
:1014F0002CBFAACABCC1ACBDD34D5154540D0A0077
:1015000057494649C1ACBDD3D6B8C1EED6B4D0D048
:10151000CAA7B0DC2CD4B6B3CCBFAACBF8B9A6C44A
:10152000DCCAA7D0A70D0A0010B505A006F0C4FDBF
:101530004FF4FA6006F03CFC02A0FEF7DFFE10BD9F
:101540002B2B2B00CDB8B4ABC4A3CABDD2D4CDCB0A
:10155000B3F62CBDF8C8EBC9E8D6C3C4A3CABD0D09
:101560000A000000F0B50A4600210023002400BF55
:101570003DE0012505FA01F3156805EA03049C42E4
:1015800034D105684F000326BE40B5430560157988
:101590004E00B5400668354305601579012D02D02F
:1015A0001579022D16D185684F000326BE40B5433C
:1015B000856055794E00B54086683543856045683D
:1015C00001268E40B5434560456896798E40B6B297
:1015D00035434560C5684F000326BE40B543C5602E
:1015E000D5794E00B540C6683543C560491C102901
:1015F000BFD3F0BDF0B5002300244D07ED0E02FA75
:1016000005F3CE1000F1200555F826504E07F70ED1
:101610000F26BE40B543CF1000F1200646F82750F4
:10162000CE1000F1200555F8265045EA0304CE10EF
:1016300000F1200545F82640F0BD02460020136960
:101640000B400BB1012000E0002070474183704740
:10165000018370471CB50121022001F0A9F945F270
:101660000240009001208DF8040000208DF8060053
:101670008DF8070069460648FFF774FF0221044809
:10168000FFF7E4FF4FF480510148FFF7E1FF1CBD75
:101690000004024070B506460C4615462A2006F0A6
:1016A00081F9304606F0AEF9304606F0ABF92B2052
:1016B00006F078F9204606F0A5F9204606F0A2F9D2
:1016C0002C2006F06FF9284606F09CF970BD2DE934
:1016D000F04707460C4615469946781B801E1FFAB0
:1016E00080F828E0601B801E86B21CE0A8EB070093
:1016F0004043311B321B01FB020105FB05F0814217
:101700000FDBA8EB07004043311B321B01FB02013A
:10171000A81C4043814204DC4A4631464046FFF75C
:10172000B9FF701C86B26019801CB042DEDA08F185
:1017300001001FFA80F87819801C4045D2DABDE814
:10174000F0872DE9FE4F06460F4615469A46DDE91D
:101750000C890E9C33E0287820281DDB28787F2810
:101760001ADC04EBD4714910C1F1F001B14202DA84
:101770000026381987B2CDE9008902942A785346A9
:101780003946304600F020F86D1C204604EBD0713D
:1017900006EB61018EB212E0C4F1F000B04202DA51
:1017A0000026381987B253462A4639463046CDE9D5
:1017B0000089029400F06AF8AD1C301986B22878CE
:1017C0000028C8D1BDE8FE8F2DE9F04F95B08046C6
:1017D000894692469B46209C5046C7B2102C07D1A2
:1017E000610301EB071010AA102106F06DFF08E05D
:1017F000202C06D1244901EB87106A46402106F0CF
:1018000063FF00253BE0102C03D110A8405D14902D
:101810000AE0202C08D16800401C1DF800001DF8CB
:10182000151040EA01201490002621E004EBD47149
:101830004910491E8A1B01219140149A114049B157
:1018400009EB050291B208EB060290B25A46FFF787
:1018500021FF0BE01E98012808D109EB050291B287
:1018600008EB060290B21F9AFFF714FF701CC6B275
:1018700004EBD471B6EB610FD8DB681CC5B2A5428E
:10188000C1DB15B0BDE8F08F060802002DE9F04F6E
:10189000A9B08046894692469B46349D00BF9AF87F
:1018A0000100A1389AF80010A139C1EB011202EB36
:1018B000411100EB410087B2102D07D1314901EBF6
:1018C000471020AA202106F0FFFE08E0202D06D1B7
:1018D0002D4901EBC7106A46802106F0F5FE002471
:1018E0004AE0102D09D1012000EB440020A9085C3A
:1018F00011F8141040EA01202890202D17D11DF86E
:1019000024000006012101EB84011DF8011040EACA
:101910000140022101EB84011DF8011040EA012081
:10192000032101EB84011DF80110084328900026D3
:101930001EE0681E811B012088402899084048B19C
:1019400009EB040291B208EB060290B25A46FFF787
:10195000A1FE0BE03298012808D109EB040291B2F4
:1019600008EB060290B2339AFFF794FE701CC6B2E1
:10197000AE42DEDB601CC4B2AC42B2DB29B0BDE8D3
:10198000F08F00000C280200522606002DE9FF4FC0
:1019900083B081468A469346BDE0002508E09BF867
:1019A00000006049495D884200D105E0681C85B2AD
:1019B0005C48405D0028F2D100BF5A48405D10B934
:1019C00007B0BDE8F08F00249CE004EB4400400029
:1019D00005EBC50100EB41105349085C01020022F0
:1019E00004EB4400400005EBC50300EB4310401C32
:1019F0004D4B185C1243014304EB4400400005EBDF
:101A0000C50300EB4310801C474B1B5C0020000605
:101A100040EA132042EA0362084304EB4401490010
:101A200005EBC50301EB4311C91C3F4B5B5C002177
:101A3000090441EA13414FEA034C034642EA0C0011
:101A400043EA010204EB4401490005EBC50301EB45
:101A50004311091D344B5B5C0021090241EA13610B
:101A60004FEA032C134640EA0C0243EA010004EB60
:101A70004401490005EBC50301EB4311491D2A4B05
:101A8000595C42EA01078046002637E0C6F12F0282
:101A900001210020CDE9010108460199FEF71BFC58
:101AA000384001EA0801002358405940084309D052
:101AB0000AEB040291B209EB060290B2069AFFF714
:101AC000E9FD19E01098012816D109EB06000AEB90
:101AD0000401C1EB011100EB01111198083000EB7A
:101AE00041030093009B1A880AEB040399B209EBA7
:101AF000060398B2FFF7CEFD701C86B2302EC5DB10
:101B0000601C84B2302CFFF660AF0BF1010B09F1C1
:101B100030001FFA80F99BF8000000287FF43DAFE9
:101B200000BF4DE7AA880008BD8800082DE9F047EE
:101B300007460E461446254604F108082A2005F0FB
:101B400031FF384605F05EFF69883944491E88B286
:101B500005F058FF2B2005F025FF304605F052FF19
:101B6000A9883144491E88B205F04CFF2C2005F0AD
:101B700019FF4FF0000907E0B8F8000005F042FF38
:101B800008F1020809F101096888A9884843484515
:101B9000F2D8BDE8F08710B500F0E6F8FFF75AFD7F
:101BA00005F0EEFE362005F0FDFE002005F012FFE8
:101BB0003A2005F0F7FE052005F00CFFB22005F0F5
:101BC000F1FE0C2005F006FF0C2005F003FF0020BD
:101BD00005F000FF332005F0FDFE332005F0FAFE8E
:101BE000B72005F0DFFE352005F0F4FEBB2005F040
:101BF000D9FE192005F0EEFEC02005F0D3FE2C2002
:101C000005F0E8FEC22005F0CDFE012005F0E2FE61
:101C1000C32005F0C7FE122005F0DCFEC42005F04D
:101C2000C1FE202005F0D6FEC62005F0BBFE0F2029
:101C300005F0D0FED02005F0B5FEA42005F0CAFEC8
:101C4000A12005F0C7FEE02005F0ACFED02005F095
:101C5000C1FE042005F0BEFE0D2005F0BBFE1120E4
:101C600005F0B8FE132005F0B5FE2B2005F0B2FEFE
:101C70003F2005F0AFFE542005F0ACFE4C2005F0EF
:101C8000A9FE182005F0A6FE0D2005F0A3FE0B20EE
:101C900005F0A0FE1F2005F09DFE232005F09AFE12
:101CA000E12005F07FFED02005F094FE042005F031
:101CB00091FE0C2005F08EFE112005F08BFE132006
:101CC00005F088FE2C2005F085FE3F2005F082FE01
:101CD000442005F07FFE512005F07CFE2F2005F00A
:101CE00079FE1F2005F076FE1F2005F073FE2020F0
:101CF00005F070FE232005F06DFE212005F052FE58
:101D0000112005F04FFE292005F04CFE01F080FB6C
:101D100010BD2DE9F04707460D4614469946381B7D
:101D20001FFA80F81BE0281B86B211E0A8EB070021
:101D30004043711B721B01FB020104FB04F0814252
:101D400004DC4A4631464046FFF7A4FC701C86B2CC
:101D50002819B042EADA08F101001FFA80F83819B0
:101D60004045E0DABDE8F0871CB50121022000F013
:101D70001FFE4FF42040009001208DF80400002049
:101D80008DF806008DF8070002208DF805006946E1
:101D90000448FFF7E7FB4FF400510248FFF756FCF9
:101DA0001CBD00000004024070B5044600251BE085
:101DB0004FF400510E48FFF749FC04F0800028B1B1
:101DC0004FF400410A48FFF743FC04E04FF40041A0
:101DD0000748FFF73BFC4FF400510548FFF738FC7C
:101DE0006006040E681CC5B2082DE1DB70BD000062
:101DF000000402402DE9F05F06460D4614461F46DA
:101E0000DDF82C904FF0000AC5EB051006EB001131
:101E10000C98083000EB41082A2005F0C3FD30463D
:101E200005F0F0FD3119491E88B205F0EBFD2B20BD
:101E300005F0B8FD284605F0E5FDE919491E88B210
:101E400005F0E0FD2C2005F0ADFDD3461DE0B9F115
:101E5000000F03D10A9805F0D5FD14E0B9F1010F88
:101E600011D1B8F8000005F0CDFD08F102080AF123
:101E700001001FFA80FAA24505D1C4F1F00008EB79
:101E800040084FF0000A0BF1010B04FB07F0584526
:101E9000DDD8BDE8F09F10B503211420FFF716F838
:101EA00010BD10B5142001F011F9044604F0030030
:101EB00018B90321142001F099F910BDF0B587B0CD
:101EC0000546002708210846FFF700F800210D20ED
:101ED00001F0A8FE80210E20FEF7F8FF93208DF878
:101EE000040020208DF8050006A801AB022201A9FC
:101EF00000900C2000F07DF90646262E10D100241B
:101F000007E001A8005D285501A8005D4740601C5E
:101F1000C4B2042CF5DB01A8005DB84200D0BB269A
:101F200080210E2001F062F9304607B0F0BD2DE9A6
:101F3000F04387B006460F4690469946002006902B
:101F40008DF804608DF80570002406E018F8041080
:101F500001AAA01C1154601CC4B2062CF6DB00249C
:101F600007E019F8041001AA04F108001154601CDC
:101F7000C4B2042CF5DB06A801AB0C2201A9009029
:101F80000E2000F036F90546262D05D1082001F077
:101F90009DF800F0080000B9BB25284607B0BDE851
:101FA000F08310B588B050208DF8080000208DF81F
:101FB00009000DF10A02022102A8FEF751FF07A84D
:101FC00002AB042202A900900C2000F012F9044692
:101FD000262008B010BD00001CB501210D2000F026
:101FE000E7FC4FF4A050009001208DF80400002081
:101FF0008DF806008DF8070069461248FFF7B2FA1F
:102000004FF40040009069460F48FFF7ABFA0420F8
:10201000009069460D48FFF7A5FA00208DF80400EE
:102020004FF40060009069460648FFF79BFA0421D0
:102030000648FFF70DFB4FF400410348FFF708FB8C
:102040001CBD00000008024000000240000C0240DD
:10205000F0B587B005460E4630208DF804008DF8A7
:1020600005500DF10602022101A8FEF7F9FE06A8AF
:1020700001AB042201A900900C2000F0BAF8074639
:10208000262F0CD10698902809D1002404E001A83D
:10209000005D3055601CC4B2102CF8DB00E0BB279B
:1020A000384607B0F0BD70B588B005460C4608212B
:1020B0000846FEF70BFF07210D2001F0B3FD0321B9
:1020C000142001F093F88DF8085007A802AB012204
:1020D00002A900900C2000F08CF80646262E09D1AB
:1020E0000798102806D19DF8080020709DF8090077
:1020F000607000E0BB26304608B070BD10B504210A
:102100001E48FFF7A5FA022005F08EFE04211B48A9
:10211000FFF79CFA022005F087FE04211748FFF71D
:1021200097FA022005F080FE0F21012001F07AFDD0
:1021300000BF012000F0CAFF00F010000028F8D115
:10214000022005F071FE3D21112001F06BFD1E21E2
:102150002D2001F067FD00212C2001F063FD8D2171
:102160002A2001F05FFD3E212B2001F05BFD402184
:10217000152001F057FD262010BD0000000C024084
:1021800070B588B0054693208DF8080070208DF852
:10219000090000208DF80E0000240BE0295D02AA42
:1021A000A01C11549DF80E00295D48408DF80E00CA
:1021B000601CC4B2042CF1DB0DF10F02072102A850
:1021C000FEF74EFE08210846FEF780FE07A802AB88
:1021D000092202A900900C2000F00BF80646262EDA
:1021E00003D10798182800D100E0BB26304608B07C
:1021F00070BD2DE9FE4F0646884691469A46DDF8A9
:1022000030B0BB2002900020019000900C2E06D030
:102210000E2E09D1122001901020009005E07720A9
:1022200001903020009000E000BF00BF019840F016
:102230008001022001F0F6FC80210420FEF746FE1A
:102240000021012001F0EEFC80210A2000F0CEFFE9
:10225000002505E018F80510092001F0E3FC6D1CCD
:102260004D45F7D33146012001F0DCFC0C2E03D1A3
:1022700080210D2000F0BAFF042000F027FF044663
:1022800040F2DC5500BF042000F020FF04466D1E24
:1022900035B104F0010018B9009820400028F2D0B0
:1022A00080210D20FEF712FE95B3062000F00EFFF0
:1022B00000F01B0068BB262002900198204000F02F
:1022C000010008B1CC2002900C2E24D10A2000F08D
:1022D000FDFE04460C2000F0F9FE00F007072FB1C8
:1022E000601E07EBC000CBF8000002E0E000CBF876
:1022F000000004B90124122C00DD1224002505E0A1
:10230000092000F0E3FE0AF805006D1CA542F7D392
:1023100001E0BB20029080210C2000F067FF00212B
:10232000012001F07FFC0298BDE8FE8FF0B587B078
:1023300006460F46A0208DF804008DF805600DF1CB
:102340000602022101A8FEF78BFD06A801AB0422BC
:1023500001A900900C20FFF74CFF0546262D08D15F
:102360000698042805D19DF8040000F00F000A2803
:1023700000D0BB25262D22D1002404E0385D01A920
:102380000855601CC4B2102CF8DB05AA102101A866
:10239000FEF766FD06A801AB122201A900900C20F1
:1023A000FFF727FF0546262D08D10698042805D1FA
:1023B0009DF8040000F00F000A2800D0BB25284635
:1023C00007B0F0BD38B504460020009069465220A1
:1023D000FFF769FE262807D0FFF790FEFFF75BFDA9
:1023E000FFF75FFD012038BD2046FFF767FD262877
:1023F00001D00220F7E72620F5E700001FB50446CC
:10240000FE2002904F48007898B9162005F070FE23
:102410004DA0FDF773FF554801214CF2186354A2FB
:10242000CDE9001078216020FFF7B0FA012045497E
:10243000087001214F48FFF700F900283DD04148BE
:102440000078012839D102214A48FFF701F91E20FE
:1024500005F0AEFC00204849C860444801214FF611
:10246000E07343A2CDE9001078216020FFF78EFAD7
:1024700000BF002003F05CFA02903F48C06841F2C0
:10248000883188420CD33DA0FDF738FF00202D494C
:10249000087002213748FFF7D9F8FC2004B010BDBE
:1024A0009DF808000028E4D1FF20264908703CA0D0
:1024B000FDF724FF162005F01BFE01212D48FFF734
:1024C000BCF800283CD11F480078FF2838D12748A5
:1024D00001214CF2186326A2CDE90010782160207A
:1024E000FFF754FA0021712003F046FF02AA03A966
:1024F000712003F0F5FC40B12FA0FDF7FFFE022193
:102500001C48FFF7A3F8FF20C8E79DF8080028B98A
:102510009DF80C102FA0FDF7F1FE03E032A0FDF7AF
:10252000EDFE00BF00BF9DF80C00207001200549A2
:10253000087002210F48FFF789F89DF80800ADE701
:10254000FE20ABE751010020C7EBBDABCAD6D6B821
:10255000B7C5B5BDD6B8CEC6C4A3BFE9BFAACABC6D
:10256000CAB6B1F0D6B8CEC60D0A0000D8BD000874
:102570005A00000000080240C0010020B4ABB8D0EF
:10258000C6F7D2ECB3A3A3ACB2C9BCAFCAA7B0DC48
:10259000A3ACC7EBD6D8D0C2D7A2B2E10D0A0000D7
:1025A000D6B8CEC6B2C9BCAFB3C9B9A62CC7EBB7B3
:1025B000C5CAD6D6B80D0A00CDA8D0C5CAA7B0DC0A
:1025C0002CBDD3CAD5CAFDBEDDB0FCB4EDCEF30D33
:1025D0000A000000D6B8CEC6B6D4B1C8B3C9B9A6F1
:1025E0003A25640D0A000000B8C3D6B8CEC6B2BB07
:1025F000B4E6D4DA0D0A000070B5002100230F22E2
:10260000C4781CB3174C246804F4E064C4F5E06497
:10261000C4F30721C1F10404E3B20A4144789C40A9
:10262000E1B28478144021430C07210E0E4C05784A
:102630006155047804F01F050124AC4005786D1144
:10264000AD0005F1E025C5F8004109E0047804F08B
:102650001F050124AC40054D0678761145F826404B
:1026600070BD00000CED00E000E400E080E100E05F
:1026700002490143024A1160704700000000FA0558
:102680000CED00E0014908627047000000000E42B6
:102690002DE9F34F83B000200190029089A10398A7
:1026A000FDF763FF00282ED08AA10398FDF75DFF98
:1026B000074647B33A213846FDF74DFF074617B3A3
:1026C0007F1C3846FDF73AFF8146B9F1000F07D16C
:1026D0004FF480718348FEF7BBFF01F0F9FD12E073
:1026E000B9F1010F0FD14FF480717E48FEF7AEFFB4
:1026F000182005F0FDFC01F001FE00207A49086178
:1027000001207A4908707AA10398FDF72EFF8046D0
:10271000B8F1000F35D03A214046FDF71CFF804646
:10272000B8F1000F2AD008F101084046FDF706FF76
:1027300006461EB1032E01D0042E08D16FA0FDF76E
:10274000DDFD0120704908707049087016E0012E07
:1027500001D0022E12D16C480078012808D16CA05B
:10276000FDF7CCFD0020684908707049087005E04D
:102770006FA0FDF7C3FD0020644908700020704978
:10278000087070A10398FDF7F0FE0546DDB13A210F
:102790002846FDF7E0FE0546ADB16D1C6D1C6D1CB5
:1027A0002846FDF7CBFE8346BBF1060F08D068A094
:1027B000FDF7A4FD0020544908705C49087002E050
:1027C00068A0FDF79BFD6BA10398FDF7CEFE0446C4
:1027D000002C74D00D344FF0000A14E0694850F812
:1027E0002A1003222046FDF7D2FE50B90AF101005B
:1027F000072190FBF1F201FB1200C0B28DF8070037
:1028000004E00AF1010ABAF1070FE7DB00BF241D5B
:102810004FF0000A0FE05C4850F82A1003222046CF
:10282000FDF7B5FE28B90AF10100C0B28DF8050028
:1028300004E00AF1010ABAF10C0FECDB00BF241D21
:102840002046FDF77BFEC0B28DF8060000E0641C58
:1028500020782028FBD1641C2046FDF76FFEC0B213
:102860008DF8080000E0641C20783A28FBD1641C35
:102870002046FDF763FEC0B28DF8090000E0641C3D
:1028800020783A28FBD1641C2046FDF757FEC0B2E1
:102890008DF80A0000E0641C20782028FBD1641C1D
:1028A0002046FDF74BFE00900098A0F5FA60C0B2FC
:1028B0008DF80400DDE9010104F020FF00BF05B040
:1028C000BDE8F08F617474726962757465732F70FE
:1028D00075736800226C6F636B5F737461747573DA
:1028E000223A000000040240C001002048000020FD
:1028F0002B435753544154453A00000077696669A9
:10290000B6CFBFAA0D0A0000490000204B000020EE
:1029100077696669C1ACBDD3BBD6B8B42CBFAACAAF
:10292000BCC1ACBDD34D5154540D0A004A00002027
:1029300077696669D5FDB3A3C1ACBDD30D0A0000AC
:102940004C0000202B4D515454434F4E4E3A000042
:102950004D515454B6CFBFAA2CB3A2CAD4D6D8C1B5
:10296000AC0D0A004D515454C1ACBDD3D5FDB3A339
:102970000D0A00002B434950534E545054494D45C5
:102980003A000000E8000020B800002010B5074819
:1029900090F8020400B910BD0448B0F80014FFF725
:1029A00077FE01F07FFC00BFF5E700002602002063
:1029B00029B1064A12680243044B1A6004E0034A34
:1029C00012688243014B1A607047000030380240A1
:1029D00029B1064A12680243044B1A6004E0034A14
:1029E00012688243014B1A60704700004038024071
:1029F00029B1064A12680243044B1A6004E0034AF4
:102A000012688243014B1A6070470000443802404C
:102A1000F0B5002100220024022500260223324FB7
:102A20003F6807F00C0121B1042905D0082937D1EE
:102A300005E02E4F076036E02D4F076033E02A4F48
:102A40003F1F3F68C7F38056274F3F1F3F6807F07F
:102A50003F036EB1264FB7FBF3F7DFF88CC0ACF144
:102A6000040CDCF800C0CCF3881C07FB0CF40CE071
:102A70001E4FB7FBF3F7DFF870C0ACF1040CDCF8C5
:102A800000C0CCF3881C07FB0CF4174F3F1F3F68B6
:102A9000C7F301477F1C7D00B4FBF5F7076002E038
:102AA000124F076000BF00BF0F4F3F6807F0F001F3
:102AB0000909104F7A5C0768D74047600A4F3F68A2
:102AC00007F4E051890A0B4F7A5C4768D74087606A
:102AD000054F3F6807F46041490B064F7A5C476831
:102AE000D740C760F0BD0000083802400024F40061
:102AF00040787D010000002010B50146002200232F
:102B000000204A11012A02D10A4C236808E0022A57
:102B100003D1084C7034236802E0064C74342368F7
:102B200001F01F02012494401C400CB1012000E080
:102B3000002010BD003802400149086070470000C5
:102B4000800E474201490860704700003C0E474232
:102B5000002100F44072B2F5407F08D1094A1168A3
:102B600021F4F811084A02401143064A1160054A4F
:102B700068321268C0F30B031A43024B68331A60C1
:102B80007047000008380240FFFCFF0F10B54FF4FB
:102B9000805000F09FF818B14FF4805000F01EF8FC
:102BA0004FF40030FEF7D4F910BD014600BF08090C
:102BB00000EB8000420001F00F001044C0B27047EB
:102BC0000146002204E0501CC2B2A1F10A00C1B2C9
:102BD0000A29F8DA100741EA10607047002101095C
:102BE0008AB242F08002044B1B6803F0800363EA60
:102BF0000202014B1A6070470C28004008B5002201
:102C0000009200200021104A126802F04002CAB966
:102C1000421E0D4B1A6000BF0B4A126802F04001C1
:102C2000009A521C0092009AB2F5803F01D0002910
:102C3000F2D0054A126802F040020AB1012002E017
:102C4000002000E0012008BD0C2800400348006877
:102C500020F0800001490860704700000C28004007
:102C600070B506460C4600250E4800680E4900EA7D
:102C70000105280CE070C5F30420607005F03F00EA
:102C8000A070C5F3423020705EB9E078FFF78DFF89
:102C9000E0706078FFF789FF6070A078FFF785FF2C
:102CA000A07070BD042800403FFFFF0010B5014632
:102CB00000200022054B1B68054C03EA040202EACF
:102CC00001030BB1012000E0002010BD0C280040E2
:102CD0007F3F010030B501460020002200230C4C4C
:102CE000246804F004020A4C383C24680C4002EAD0
:102CF000D13544EA0503064C343C246804EA111239
:102D00001BB194B20CB1012000E0002030BD0000E6
:102D10004028004070B506460C4600250F48006864
:102D20000F4900EA0105C5F305402070C5F30620F0
:102D3000607005F07F00A07005F48000000CE0706A
:102D40005EB92078FFF731FF20706078FFF72DFF24
:102D50006070A078FFF729FFA07070BD00280040C8
:102D60007F7F7F0030B504460025CA2015490860E2
:102D700053200860FFF742FF00B91DE011481C38DE
:102D8000006820F040000F491C39086008460068C0
:102D9000216808430B491C3908600A491439A068A6
:102DA000086008460068A18840EA014005491439D6
:102DB0000860FFF74BFF0125FF2002490860284605
:102DC00030BD0000242800402DE9F04105460C46A6
:102DD000002600274DB9607800F01000102804D1BB
:102DE000607820F010000A30607005B908E0607863
:102DF000FFF7DBFE0646A078FFF7D7FE064600BFCA
:102E000055B1E0780004617840EA0120A1780843D8
:102E1000217840EA413611E0E078FFF7D1FE4FEA31
:102E200000486078FFF7CCFE48EA0028A078FFF75A
:102E3000C7FE48EA0008207848EA4036CA2012490E
:102E4000086053200860FFF7D9FE08B9002714E096
:102E50000E4830400C4920390860FFF7F7FE0A4859
:102E60001C38006800F0200030B900F085F808B97F
:102E7000002702E0012700E00127FF200249086047
:102E80003846BDE8F0810000242800403FFFFF00E5
:102E90002DE9F04105460C46002600274DB92E4885
:102EA000006800F0400000B102E00020E07000BFC8
:102EB0000DE02948006800F0400020B12078FFF7BD
:102EC00074FE064602E00020E07000BF00BF55B16E
:102ED00020780004617840EA0120A1780843E17875
:102EE00040EA014611E02078FFF76AFE4FEA004809
:102EF0006078FFF765FE48EA0028A078FFF760FEDB
:102F000048EA0008E07848EA0046CA2012491C3125
:102F1000086053200860FFF771FE08B9002713E02E
:102F20000E4830400C4908390860FFF78FFE0A4808
:102F3000006800F0200030B900F01EF808B9002742
:102F400002E0012700E00127FF2003491C3108604F
:102F50003846BDE8F0810000082800407F7F7F00F0
:102F600010B54FF48040FFF7B5FE18B14FF4804024
:102F7000FFF734FE10BD000008B5002200920020CB
:102F80000021CA22134B1A6053221A60114A183AC0
:102F9000126822F0A0020F4B183B1A6000BF0D4AC6
:102FA000183A126802F02001009A521C0092009A0E
:102FB000B2F5003F01D00029F1D0064A183A126854
:102FC00002F020020AB1012000E00020FF22014BA4
:102FD0001A6008BD2428004018B1FF21044A11607E
:102FE00004E0CA21024A11605321116070470000B9
:102FF00024280040F8B504460F46154600200090EE
:1030000069465220FFF74FF8262807D0FFF776F8D9
:10301000FEF741FFFEF745FF0120F8BD2846FEF709
:103020004DFF262801D00220F7E72846FFF7A8F831
:10303000262801D00320F0E71D2005F059F8E017FD
:1030400004EB90708010032202EB8000C1B22B468B
:10305000104A6020FEF76BFF262806D00EA0FDF771
:103060004DF9FEF79EFF0420D7E739462046FEF7CC
:10307000EFFF262806D00DA0FDF740F9FEF791FFDF
:103080000520CAE7FEF78DFF0CA0FDF737F92620D3
:10309000C3E7000025000020C3DCC2EB41B6D4B179
:1030A000C8CAA7B0DC210D0A00000000CAFDBEDDC1
:1030B000B6C1C8A1CAA7B0DC210D0A00CAFDBEDD99
:1030C000B6C1C8A1B3C9B9A60D0A000070B50446BF
:1030D00000264FF400410E48FEF7B8FA022004F033
:1030E000A3FE7E2000EA440040F08005284600F060
:1030F00011F8FF2000F00EF806464FF40041044896
:10310000FEF7A6FA022004F08FFE304670BD0000E4
:103110000000024070B504464FF480611648FEF787
:1031200097FA002523E04FF480611348FEF78EFAEA
:1031300004F0800028B14FF480510F48FEF788FA60
:1031400004E04FF480510C48FEF780FA6006040E4C
:103150004FF480610848FEF77BFA4FF4006106489F
:10316000FEF76BFA08B144F00104681CC5B2082DE3
:10317000D9DB204670BD00000008024021B1028862
:1031800042F04002028004E002884FF6BF731A400A
:10319000028070470246002013890B400BB10120CA
:1031A00000E00020704701468889704781817047A0
:1031B00010B50022028802F441520B884C88234348
:1031C0008C882343CC8823430C8923434C89234395
:1031D0008C892343CC8923431A430280838B4FF28B
:1031E000FF74234083830B8A038210BD70B50546AC
:1031F0000C4600262846FFF769FF064646EA04010A
:10320000284600F00FFD70BD0CB500200190009025
:103210003348006840F480303149086000BF3048CE
:10322000006800F4003000900198401C0190009864
:1032300018B90198B0F5A04FF1D12948006800F401
:10324000003010B10120009001E0002000900098B3
:10325000012844D122484030006840F08050204985
:10326000403108601F48006840F440401D49086034
:103270001B48083000681A49083108600846006891
:1032800008600846006840F4805008601648091F2E
:103290000860081F006840F08070091F086000BFC8
:1032A0000F48006800F000700028F9D040F202706A
:1032B0000E4908600A480830006820F003000849F9
:1032C000083108600846006840F00200086000BF4E
:1032D00003480830006800F00C000828F8D10CBD45
:1032E000003802400070004019544107003C024081
:1032F00010B51548006840F4700013490860134881
:10330000006840F001001149086000200F490831B1
:1033100008600E4800680E4908400C4908600D48D6
:10332000091D0860081F006820F48020091F08603C
:10333000002006490C310860FFF766FF4FF000607F
:1033400001498039086010BD88ED00E00038024076
:10335000FFFFF6FE1030002410B50121284800F0D0
:10336000C0F801284AD10121254800F0A2F82548DB
:103370000068401E2349086008464068401C4860B9
:1033800008468068401C88600846C068401CC860C9
:1033900008460069401C086108464069401C4861B5
:1033A00008468069401C88610846C069401CC861A5
:1033B00008464068022821D300204860124800785F
:1033C00001280DD111480068401C104908600846CA
:1033D0000068B0F57A7F11D300200B4908700DE02A
:1033E0000948007850B909480068401E074908603C
:1033F0000846006810B901200349087010BD00009C
:1034000000400140C001002058000020400800405A
:1034100000B58BB001210220FFF7CAFA02208DF817
:10342000280000208DF82A000220099000208DF845
:103430002B008DF8290009A91A48FEF793F80222FB
:1034400001211848FEF7D6F801210220FFF7C0FA43
:103450000020069007900890ADF81A0040F2E7307F
:1034600007905320ADF8180006A90F4800F020F986
:10347000142101A8FDF71CF96020ADF8040000201C
:10348000ADF810000120ADF806004FF47A700390FB
:1034900001A9054800F0D0F80121034800F00CF81C
:1034A0000BB000BD0004024000040040CA43028289
:1034B0007047CA430282704721B1028842F001027C
:1034C000028004E002884FF6FE731A4002807047C3
:1034D00002460020138A0B400BB1012000E00020BF
:1034E000704730B50246002000230024158A05EA03
:1034F0000103958905EA010413B10CB1012000E034
:10350000002030BD1AB183890B43838102E0838997
:103510008B4383817047000070B500240022002394
:10352000058C4FF6FE7635400584028C8388048B2B
:103530004FF68F752C40B51E2C400D882C43751E00
:103540002A408D892A434D882A43104DA84202D033
:103550000F4DA84213D14FF6F7752A40CD892A4363
:103560004FF6FB752A408D882A434FF6FF652B40A6
:103570004FF6FF552B400D8A2B434D8A2B438380FA
:1035800004838D684563028470BD00000000014023
:103590000004014070B5002400220023058C4FF682
:1035A000EF7635400584028C8388048B48F6FF75DE
:1035B0002C404FF6FF452C400D884FF6FF7606EA6B
:1035C00005252C434FF6DF752A408D8906EA05153F
:1035D0002A434D8806EA05152A43154DA84202D014
:1035E000144DA8421DD14FF67F752A40CD894FF664
:1035F000FF7606EA05152A434FF6BF752A408D88E7
:1036000006EA05152A434FF6FF352B404FF2FF75AA
:103610002B400D8A06EA85052B434D8A06EA85056F
:103620002B43838004838D688563028470BD000012
:10363000000001400004014070B500220023002476
:10364000058C4EF6FF7635400584038C8488828B8A
:1036500048F6FF752A404FF6FF452A400D884FF681
:10366000FF7606EA05252A434DF6FF752B408D8926
:1036700006EA05352B434D8806EA05352B430A4DEE
:10368000A84202D0094DA84208D14BF6FF752C4044
:103690000D8A4FF6FF7606EA85152C4384808283D7
:1036A0008D680564038470BD000001400004014082
:1036B00000220288184B98420ED0184B98420BD02B
:1036C000B0F1804F08D0164B984205D0154B984268
:1036D00002D0154B984204D14FF68F731A404B8895
:1036E0001A43124B984207D0114B984204D04FF620
:1036F000FF431A400B891A4302804B68C3620B8850
:103700000385054B984202D0044B984201D18B7A35
:1037100003860123838270470000014000040140BA
:103720000004004000080040000C00400010004071
:10373000001400404FF0FF31416000210180018101
:10374000418081727047000008B540F2255135482C
:1037500000F038F9002850D040F22551314800F0EF
:1037600009F93148007801283BD12E4800F0E4F9EE
:10377000C0B200906A4601212C48006804F06AFF3C
:103780004FF480712A48FDF761FF28480068401C0B
:103790002649086027480068401E264908600846F8
:1037A0000068002829D124A0FCF7A8FD4FF48071FF
:1037B0001F48FDF74DFF00201B49087045F255508A
:1037C0002549086000BF2448C06800F002000028B6
:1037D000F9D1FA20204988604AF6AA20086000BF83
:1037E000FEE7104800F0A8F9C1B21C48426E406ED6
:1037F000401C1A4B58661846815440F2244109482F
:1038000000F0E0F868B1074800880648808800208A
:103810001249496E114A505411464866012081F8F8
:10382000680008BD0010014010000020500000207A
:103830000004024054000020D7D6BFE2C9D5C2BC64
:10384000CDEAB3C92C3173BAF3D7D4B6AFB8B4CE7E
:10385000BBC9E8B1B80D0A00003000405401002097
:1038600010B540F22551194800F0ACF8B8B117482E
:1038700000F062F9C4B21648B0F80004B0F57F7FDA
:1038800002D900F00FFD10BD1148B0F80014B0F8D7
:103890000004401C0E4AA2F800041046445440F2B2
:1038A00024410A4800F08EF870B1084800880748A3
:1038B000001D008800200649B1F80014044A505445
:1038C0000120114681F8020400BFDCE700440040FB
:1038D0002602002010B540F22551134800F072F87E
:1038E00080B140F22551104800F044F80E4800F035
:1038F00023F9C1B20D4802780078401C0B4B1870B8
:103900000B48815440F22441074800F05BF850B165
:10391000054800880448001D0088002003490870FD
:1039200001200449087010BD001401405900002016
:103930001C0000202400002070B505460E4600241F
:1039400004E0285D00F006F8601CC4B2B442F8DB65
:1039500070BD000010B5044600BF8021044800F08F
:1039600024F80028F9D02146014800F0EAF810BDFB
:103970000014014010B50022002340F66A14A14251
:1039800000D100BF0A1201249440A3B2DC4304809A
:1039900010BD21B1828942F40052828104E0828903
:1039A0004DF6FF731A408281704702460020B1F540
:1039B000007F00D100BF13880B400BB1012000E055
:1039C0000020704770B50246002400230025002027
:1039D00040F66A16B14200D100BFC1F3421501F0B2
:1039E0001F03012606FA03F3012D02D19689334005
:1039F00006E0022D02D1168A334001E0968A334058
:103A00000C12012606FA04F41688344013B10CB1E6
:103A1000012000E0002070BDF0B503460024002620
:103A20000025002040F66A17B94200D100BF1846B1
:103A3000C1F3421401F01F06012707FA06F5012C15
:103A400001D10C3004E0022C01D1103000E0143020
:103A50001AB107682F43076002E00768AF430760A9
:103A6000F0BD00002DE9FF4705460E460024A146A3
:103A700000BFA046B08900B100BF2C8A24F4405496
:103A8000F08804432C82AC8941F20C608443B088F6
:103A900031890843718908430443AC81AC8A24F41A
:103AA0004074B0890443AC826846FEF7B1FF2048F9
:103AB000854202D01F48854202D1DDF80C9001E01A
:103AC000DDF80890A88900F4004040B109EBC90076
:103AD00000EB091031684900B0FBF1F707E009EB92
:103AE000C90000EB091031688900B0FBF1F76420D0
:103AF000B7FBF0F004012009642101FB1078A889CC
:103B000000F4004040B1322000EBC800B0FBF1F0FF
:103B100000F00700044308E0322000EB08106421A5
:103B2000B0FBF1F000F00F0004432C81BDE8FF87EB
:103B3000001001400014014001468888C0F30800CD
:103B40007047C1F30802828070470000F8B5044650
:103B50000F4615460020009069465220FEF7A3FA52
:103B6000262807D0FEF7CAFAFEF795F9FEF799F96D
:103B70000120F8BD2846FEF7A1F9262801D0022031
:103B8000F7E72846FEF7FCFA262801D00320F0E7E5
:103B90001D2004F0ADFAE01704EB907080100322B2
:103BA00002EB8000C1B22B46104A6020FEF7BFF93D
:103BB000262806D00EA0FCF7A1FBFEF7F2F90420A0
:103BC000D7E739462046FEF7B1FB262806D00DA0E0
:103BD000FCF794FBFEF7E5F90520CAE7FEF7E1F9EB
:103BE0000CA0FCF78BFB2620C3E70000250000207B
:103BF000C3DCC2EB41B6D4B1C8CAA7B0DC210D0A00
:103C000000000000CAFDBEDDD0B4C8EBCAA7B0DC1E
:103C1000210D0A00CAFDBEDDD0B4C8EBB3C9B9A6F8
:103C20000D0A000070B504460D464FF400410A48E5
:103C3000FDF70CFD7E2000EA44063046FFF76AFAE5
:103C40002846FFF767FA4FF400410348FDF700FDEF
:103C5000022004F0E9F870BD0000024030380A2864
:103C600001D2012070470020704700BF704700005C
:103C70003EB5044663480078012879D162A0FCF77C
:103C80003DFB65A0FCF73AFB67A0FCF737FB6AA099
:103C9000FCF734FB6DA0FCF731FB71A0FCF72EFBA9
:103CA00074A0FCF72BFB784A00210846FDF73EFF85
:103CB0002020FF21002247F67C53CDE9002102900D
:103CC00072A230212820FDF73CFD1020FF210022A8
:103CD00047F67C53CDE9002102906FA253210520C5
:103CE000FDF72FFD1020FF21002247F67C53CDE980
:103CF000002102906CA26C210520FDF722FD10200E
:103D0000FF21002247F67C53CDE9002102906AA2F0
:103D100085210520FDF715FD1020FF21002247F623
:103D20007C53CDE90021029067A29E210520FDF77A
:103D300008FD1020FF21002247F67C53CDE9002129
:103D4000029066A2B7210520FDF7FBFC1020FF21A1
:103D5000002247F67C53CDE90021029064A2D021D5
:103D60000520FDF7EEFC00206649886125490870B2
:103D70006448806942F21071884208D362A0FCF75F
:103D8000BDFA0120664908801E4908703EBD332CEB
:103D90001AD006DC232C2CD0312C07D0322C2ED17B
:103DA0000BE0342C17D0352C29D11BE003205C49C3
:103DB000088001201349087021E004205849088038
:103DC0000120104908701AE005205549088001209B
:103DD0000C49087013E00620514908800120094968
:103DE00008700CE007204E49088001200549087042
:103DF00005E001204A4908800249087000BF00BF61
:103E000000BFC3E77E0000200D0AB9DCC0EDD4B1CD
:103E1000BDE7C3E63A0D0A00A1BE31A1BFC3DCC2B3
:103E2000EBB9DCC0ED0D0A00A1BE32A1BFD6B8CE01
:103E3000C6B9DCC0ED0D0A00A1BE33A1BFC9E4C6FE
:103E4000B5BFA8B9DCC0ED0D0A000000A1BE34A1C9
:103E5000BFC9F9D2F4C1C1B6C8B5F7BDDA0D0A00C1
:103E6000A1BE35A1BFBBD6B8B4B3F6B3A7C9E8D6D7
:103E7000C30D0A00A1BE23A1BFCDCBB3F6B9DCC0F0
:103E8000EDBDE7C3E60D0A00D8BD0008B9DCC0ED02
:103E9000D4B1BDE7C3E60000A1BE31A1BFC3DCC2FF
:103EA000EBB9DCC0ED000000A1BE32A1BFD6B8CE98
:103EB000C6B9DCC0ED000000A1BE33A1BFC9E4C695
:103EC000B5BFA8B9DCC0ED00A1BE34A1BFC9F9D20D
:103ED000F4C1C1B6C8B5F7BDDA000000A1BE35A176
:103EE000BFBBD6B8B4B3F6B3A7C9E8D6C3000000C9
:103EF000A1BE23A1BFCDCBB3F6B9DCC0EDD4B1BD1B
:103F0000E7C3E600C0010020CEDEB2D9D7F73AB74A
:103F1000B5BBD8D6F7BDE7C3E6210D0A0000000007
:103F20001200002000B501F065F900BD2DE9F04157
:103F300004460E4601F07CFA2746E11704EB1161B6
:103F40000912A02202EB4101C8B201F037FA01F0D8
:103F500095F90546012D04D101F094FA0120BDE840
:103F6000F081E0B201F02AFA01F088F90546012D4E
:103F700003D101F087FA0220F1E701F059FA274650
:103F8000E11704EB11610912A12202EB4101C8B251
:103F900001F014FA01F072F90546012D03D101F088
:103FA00071FA0120DBE701F09DF93070012001F08A
:103FB000D5F901F067FA0020D1E72DE9F041044678
:103FC0000F4601F035FA2646E11704EB116109129C
:103FD000A02202EB4101C8B201F0F0F901F04EF964
:103FE0000546012D04D101F04DFA0120BDE8F08114
:103FF0002646E11704EB11610912A4EB0121C8B2B6
:1040000001F0DCF901F03AF90546012D03D101F088
:1040100039FA0220EAE7384601F0D0F901F02EF92A
:104020000546012D03D101F02DFA0320DEE701F052
:1040300029FA052003F0BCFE0020D7E71CB50121BA
:104040000220FEF7B5FC01208DF804008DF8060073
:10405000C020009000208DF807008DF8050069460B
:104060000548FDF77FFA40210348FDF7F1FA80216A
:104070000148FDF7EDFA1CBD0004024010B5002414
:104080001248006820F040001049086008460068A7
:1040900040F0800008600846006820F0400008609A
:1040A000052003F0C1FE0948006840F040000749C0
:1040B0000860052003F0B8FE0448001F006800F007
:1040C000800000B900E00124204610BD1404024025
:1040D00070B51A48006820F040001849086008468A
:1040E000006840F08000086000251DE0134800686B
:1040F00020F0400011490860052003F095FE0F48AC
:10410000006840F040000D490860052003F08CFE77
:104110006006040E0948001F006800F0800008B126
:1041200044F00104681CC5B2082DDFDB03480068B9
:1041300020F0400001490860204670BD1404024090
:1041400010B504461548006820F040001349086087
:10415000032003F069FE34B91048006820F08000A5
:104160000E49086007E0012C05D10C48006840F0BA
:1041700080000A490860022003F056FE07480068E4
:1041800040F0400005490860052003F04DFE03485B
:10419000006820F040000149086010BD140402408E
:1041A00070B50446002528E01848006820F040005B
:1041B00016490860032003F037FE04F0800030B198
:1041C0001248006840F080001049086005E00F4880
:1041D000006820F080000D490860022003F024FEF2
:1041E0000A48006840F0400008490860052003F0D4
:1041F0001BFE6006040E681CC5B2082DD4DB034804
:10420000006820F040000149086070BD14040240BD
:1042100010B51348006820F04000114908600520DF
:1042200003F002FE0E48006840F080000C49086070
:104230000846006840F040000860052003F0F4FDE7
:104240000748006820F0800005490860052003F059
:10425000EBFD0348006820F040000149086010BDF4
:104260001404024010B50E48006820F040000C49CC
:1042700008600846006820F0800008600846006872
:1042800040F040000860052003F0CEFD04480068BF
:1042900040F0800002490860052003F0C5FD10BD14
:1042A00014040240002004E00021084A1154411C7B
:1042B00088B20649B1F800148142F5DC00200349B8
:1042C000A1F8000481F802047047000026020020D3
:1042D00010B5054802F0DAF84FF4967003F068FD67
:1042E000002002F0D3F810BD18FCFFFF10B503F05A
:1042F00053FC03F0ABFCFFF7EBFF10BD10B54FF420
:104300007A7002F0C3F84FF4967003F051FD00206C
:1043100002F0BCF810BD00001CB5FE200090022188
:104320001948FDF795F91E2003F042FD00215420A5
:1043300002F022F86A4601A9542001F0D1FD40B1F3
:1043400012A0FBF7DBFF02210F48FDF77FF9FF20EA
:104350001CBD9DF8000010B1902808D103E012A008
:10436000FBF7CCFF07E015A0FBF7C8FF03E017A0A1
:10437000FBF7C4FF00BF00BF02210348FDF766F949
:104380009DF80000E4E7000000080240CDA8D0C579
:10439000CAA7B0DC2CBDD3CAD5CAFDBEDDB0FCB403
:1043A000EDCEF30D0A000000CBF9D3D0D6B8CEC6BF
:1043B000C9BEB3FDB3C9B9A60D0A0000CEB4D7A2D9
:1043C000B2E1B5C4D3C3BBA70D0A0000C9BEB3FD9B
:1043D000CAA7B0DC0D0A00003EB504463B48007891
:1043E000002852D03AA0FBF789FF3EA0FBF786FFDA
:1043F0003FA0FBF783FF414A00210846FDF796FBEB
:104400002020FF21002247F67C53CDE900210290B5
:104410003BA230211820FDF794F92020FF21002233
:104420004FF47843CDE90021029039A25A21382077
:10443000FDF787F9314801214FF4784337A2CDE9E0
:1044400000107E216020FDF7A1FA1020FF2100223C
:1044500047F67C53CDE90021029031A2DC210020F7
:10446000FDF76FF91020FF21002247F67C53CDE9BC
:10447000002102902CA2DC21B420FDF762F90A2071
:1044800003F036FE0020114908702A2C14D1FF22B7
:1044900024212748FCF704F90223254A24211F2060
:1044A000FCF74CFB112003F023FE05202149088076
:1044B00001200649087007E0232C05D105201D497D
:1044C00008800120014908703EBD0000AF000020B7
:1044D0000D0AC9BEB3FDCBF9D3D0BFA8C6AC3F3AD5
:1044E0000D0A0000A1BE2AA1BFC8B7C8CF0D0A009F
:1044F000A1BE23A1BFC8A1CFFB0D0A00D8BD0008F3
:10450000C9BEB3FDCBF9D3D0BFA8C6AC0000000034
:10451000C8B7C8CFC9BEB3FD000000003F0000000F
:10452000C8B7C8CF282A2900C8A1CFFB2823290053
:10453000F1010020120000202DE9FE4F06464FF049
:10454000010AD3464FF0000893480078002866D04F
:1045500092A0FBF7D3FE97A0FBF7D0FE98A0FBF745
:10456000CDFE9AA0FBF7CAFE9B4A00210846FDF744
:10457000DDFA2020FF21002247F67C53CDE90021FF
:10458000029096A230211920FDF7DBF89248012114
:104590004CF2186395A2CDE9001078213220FDF786
:1045A000F5F98D4801214CF2186391A2CDE9001074
:1045B00078218220FDF7EAF91020FF21002247F63A
:1045C0007C53CDE9002102908AA2DC210020FDF776
:1045D000B8F81020FF21002247F67C53CDE90021D6
:1045E000029086A2DC21B420FDF7ABF8132003F083
:1045F0007FFD844A24211F20FCF74DFA1E208249AA
:10460000087000208149087000BF03E00021804A43
:104610001154401C0928F9DB00205F4908707B48D1
:104620000078092804D17BA0FBF768FE4FF0000A50
:10463000BAF1010F60D17D48FDF7C4FE0746262F71
:104640005AD100241DE04FF0000800250DE06D4810
:1046500000EB8400405D7549495D884203D108F153
:10466000010000F0FF08681CC5B2042DEFDBB8F1B3
:10467000040F04D1611C6EA0FBF740FE03E0601C38
:10468000C4B2092CDFDB00BFB8F1040F31D1002028
:1046900007E05F490A5C611C8A4201D14FF0000BC0
:1046A000401C0928F5D3BBF1010F25D12020FF21A3
:1046B0000022CDE90021029004F13100C2B247F698
:1046C0007C53502150480078FDF77EF8601C50491B
:1046D0004E4A127888544D480078401C4B49087067
:1046E000494800781430484908701D2003F000FD47
:1046F00002E055A0FBF702FE2A2E43D100200090D5
:1047000001900290814600BF2AE0002200210AE0C9
:104710001DF80130DFF8F8C01CF800C0634501D176
:10472000012202E0491C0929F2DB00BFBAB90021CD
:104730000BE04FF0FF0C364B1B5C5B1EDFF8C4E058
:104740000EEB830303F801C0491C0429F1DB304957
:10475000095C0DF8091009F1010101F0FF09401C85
:104760000928D2DB0223274A24211F20FCF7E6F97F
:10477000112003F0BDFC05203949088001200649BD
:10478000087007E0232E05D1052035490880012057
:1047900001490870BDE8FE8FB00000200D0ACAB6BE
:1047A000B1F0C9BEB3FDBFA8C6ACBDE7C3E60D0AF4
:1047B00000000000CAB6B1F0BFA8C6AC0D0A0000E8
:1047C000C8B7C8CF282A290D0A000000B7B5BBD842
:1047D0002823290D0A000000D8BD0008CAB6B1F090
:1047E000C9BEB3FDBFA8C6AC000000005000000069
:1047F00051000000C8B7C8CF282A2900B7B5BBD8D8
:1048000028232900F1010020B1000020B20000207F
:1048100047060020CAB6B1F0D2D1B4EFC9CFCFDE7F
:104820002CC7EBCFC8C9BEB3FD0D0A003B0000206A
:10483000B4CBBFA8C6ACB5C4D7A2B2E14944CEAA96
:1048400025640D0A00000000B4CBBFA8C6ACCEB4EE
:10485000D7A2B2E12CC7EBCFC8D7A2B2E10D0A00B4
:10486000120000203EB504463D480078002852D092
:10487000062003F03DFC3BA0FBF740FD3EA0FBF70C
:104880003DFD40A0FBF73AFD414A00210846FDF7F7
:104890004DF92020FF21002247F67C53CDE900216D
:1048A00002903CA230211820FCF74BFF2020FF2172
:1048B000002247F67C53CDE90021029039A2552110
:1048C0003820FCF73EFF324801214FF4784338A2EC
:1048D000CDE900107E216020FDF758F81020FF215F
:1048E000002247F67C53CDE90021029031A2DC2161
:1048F0000020FCF726FF1020FF21002247F67C5302
:10490000CDE9002102902DA2DC21B420FCF719FF93
:104910000020134908702A2C19D1FFF7FDFCFF2253
:1049200009212848FBF7BCFE0223264A092115204D
:10493000FCF704F924A0FBF7E1FC112003F0D8FBFD
:1049400004202649088001200549087007E0232C2F
:1049500005D10420214908800120014908703EBD8D
:10496000A00000200D0AC9BEB3FDCBF9D3D0D6B844
:10497000CEC63F3A0D0A0000A1BE2AA1BFC8B7C8E3
:10498000CF0D0A0023A1BFC8A1CFFB0D0A00000074
:10499000D8BD0008C9BEB3FDCBF9D3D0D6B8CEC6BA
:1049A00000000000C8B7C8CFC9BEB3FD00000000BA
:1049B0003F000000C8B7C8CF282A2900C8A1CFFBF4
:1049C00028232900E8010020D2D1C9BEB3FDCBF9CC
:1049D000D3D0D6B8CEC60D0A0000000012000020C9
:1049E000FEB5054670480078012858D16FA0FBF746
:1049F00085FC74A0FBF782FC75A0FBF77FFC77A019
:104A0000FBF77CFC784A00210846FDF78FF8202050
:104A1000FF21002247F67C53CDE90021029073A2CA
:104A200030211920FCF78DFE6F4801214CF21863EC
:104A300072A2CDE9001078216020FCF7A7FF1020BA
:104A4000FF21002247F67C53CDE9002102906CA2A1
:104A5000DC21A020FCF775FE1020FF21002247F684
:104A60007C53CDE90021029068A2DC210020FCF7F4
:104A700068FE694A09211520FCF70DF81E206749D8
:104A8000088000206649087000BF03E00021654AE5
:104A90001154401C0928F9DB002043490870614982
:104AA0005F4A12788818FDF7A9FC08BB5C480078BB
:104AB00009281DDA5A480078401C594908702020FE
:104AC000FF210022CDE90021029055480078401EC8
:104AD0005449085C3030C2B247F67C5350214F48ED
:104AE0000088FCF771FE4D48008814304B4908805F
:104AF0004B480078092807D149480078401C4849AC
:104B0000087049A0FBF7FAFB2A2D43D10020009042
:104B1000019002900026002428E00027002008E0F1
:104B20001DF800103F4A125D914201D1012702E0B9
:104B3000401C0928F4DB00BFBFB93A49085DFCF707
:104B40002DFB002009E03449095C364A125D914290
:104B500002D1FF21304A1154401C0928F3DB3148AF
:104B6000005D0DF80600701CC6B2641C2C4800786D
:104B70008442D2DB0223284A09211520FBF7DEFFFD
:104B8000112003F0B5FA04203349088001200649BA
:104B9000087007E0232D05D104202F49088001204B
:104BA00001490870FEBD0000A10000200D0ACAB630
:104BB000B1F0C9BEB3FDD6B8CEC6BDE7C3E60D0A97
:104BC00000000000CAB6B1F0D6B8CEC60D0A00008B
:104BD000A1BE2AA1BFC8B7C8CF0D0A00A1BE23A19C
:104BE000BFC8A1CFFB0D0A00D8BD0008CAB6B1F0FE
:104BF000C9BEB3FDD6B8CEC6000000005A00000002
:104C0000A1BE23A1BFB7B5BBD8000000C8B7C8CFAD
:104C1000A1BE2AA1BF000000E8010020A2000020E0
:104C2000A40000203E060020D6B8CEC6CAB6B1F019
:104C3000B8F6CAFDB4EFB5BDC9CFCFDE2CC7EBCFF8
:104C4000C8C9BEB3FDD2D1BEADCAB6B1F0D6B8CEDA
:104C5000C649440D0A00000012000020FEB50446BB
:104C60001E264F480078002865D0072003F040FA40
:104C70004CA0FBF743FB51A0FBF740FB53A0FBF715
:104C80003DFB58A0FBF73AFB5B4A00210846FCF7C6
:104C90004DFF2020FF21002247F67C53CDE9002163
:104CA000029056A230211820FCF74BFD1020FF2166
:104CB000002247F67C53CDE90021029053A2DC216B
:104CC0000020FCF73EFD1020FF21002247F67C5318
:104CD000CDE90021029050A2DC219620FCF731FDA5
:104CE000504A09211520FBF7D6FE00BF00251DE024
:104CF0004C48405DFF2817D04A48415D4AA0FBF769
:104D0000FDFA2020FF210022CDE900210290454834
:104D1000405D3030C2B247F67C5350213046FCF73C
:104D200053FD06F1140086B2681CC5B2092DDFDB05
:104D300000201B490870FF2C1DD0232C1BD02A2CCF
:104D400019D0A4F13001C8B2FCF728FA384908603C
:104D50000846006878B9FF21A4F13100314A1154A6
:104D6000022309211520FBF7E9FE112003F0C0F909
:104D700001200B490870232C02D02A2C0DD106E00B
:104D800004202C49088001200549087005E0012015
:104D9000284908800249087000BF00BFFEBD00001E
:104DA0009B0000200D0AC9BEB3FDD6B8B6A8D6B880
:104DB000CEC6BDE7C3E63A0D0A000000C7EBD1A19D
:104DC000D4F1D6B8CEC649440D0A0000A1BE23A135
:104DD000BFBBD8B5BDC9CFD2BBBCB6B2CBB5A50D94
:104DE0000A000000A1BE2AA1BFBBD8B5BDD6F7BD41
:104DF000E7C3E60D0A000000D8BD0008C9BEB3FD38
:104E0000D6B8B6A8D6B8CEC600000000A1BE2AA16A
:104E1000BFD6F7BDE7C3E600C9CFD2BBBCB6A1BEC3
:104E200023A1BF00E801002025752020000000001C
:104E30009C00002012000020FEB504466348007864
:104E4000002876D062A0FBF759FA67A0FBF756FA64
:104E500069A0FBF753FA6EA0FBF750FA714A0021E4
:104E60000846FCF763FE2020FF21002247F67C5312
:104E7000CDE9002102906CA230211820FCF761FCE2
:104E80001020FF21002247F67C53CDE9002102903B
:104E900069A2DC210020FCF754FC1020FF21002235
:104EA00047F67C53CDE90021029066A2DC219620D2
:104EB000FCF747FC0B2003F01BF9654A24211F2057
:104EC000FBF7E9FD1E206349088000206249087055
:104ED000002529E0002622E05D4800EB8500805D8A
:104EE000FF281AD02020FF210022CDE900210290C6
:104EF00005F13100C2B247F67C5350215548008875
:104F0000FCF762FC54480078401C53490870514833
:104F1000008814304F49088003E0701CC6B2042E8C
:104F2000DADB00BF681CC5B2092DD3DB002027499E
:104F3000087049480078002823DDFF2C31D0232C4D
:104F40002FD02A2C2DD0002007E0FF22A4F1310120
:104F50003F4B03EB81010A54401C0428F5DB02237C
:104F60003B4A24211F20FBF7E9FD112003F0C0F884
:104F700039480078401E38490870012013490870EC
:104F80000FE036A0FBF7BAF92020FF2100224FF4F2
:104F90007843CDE90021029038A2AA211E20FCF717
:104FA000D0FB232C02D02A2C0DD106E00520374956
:104FB000088001200549087005E001203349088078
:104FC0000249087000BF00BFFEBD0000AB0000201A
:104FD0000D0AC9BEB3FDD6B8B6A8BFA8C6ACBDE71A
:104FE000C3E63A0D0A000000C7EBD1A1D4F1BFA877
:104FF000C6AC0D0A00000000A1BE23A1BFBBD8B5FE
:10500000BDC9CFD2BBBCB6B2CBB5A50D0A0000005E
:10501000A1BE2AA1BFBBD8B5BDD6F7BDE7C3E60D7B
:105020000A000000D8BD0008C9BEB3FDD6B8B6A8B6
:10503000BFA8C6AC00000000A1BE2AA1BFD6F7BD24
:10504000E7C3E600C9CFD2BBBCB6A1BE23A1BF0057
:10505000F1010020AC000020AE000020C3BBD3D083
:10506000D3C3BBA7D7A2B2E1BCC7C2BC2CC7EBCF8E
:10507000C8D7A2B2E1BFA8C6AC0D0A00C7EBCFC823
:10508000D7A2B2E1BFA8C6AC000000001200002009
:105090003EB504463448007800284FD033A0FBF7D3
:1050A0002DF938A0FBF72AF939A0FBF727F93B4A7D
:1050B00000210846FCF73AFD2020FF21002247F698
:1050C0007C53CDE90021029035A230211820FCF755
:1050D00038FB1020FF21002247F67C53CDE9002148
:1050E000029033A255213820FCF72BFB2B480121DD
:1050F0004FF4784331A2CDE900107E216020FCF707
:1051000045FC1020FF21002247F67C53CDE9002109
:1051100002902BA2D2210020FCF713FB1020FF21CC
:10512000002247F67C53CDE90021029026A2D2212D
:10513000B420FCF706FB00200B4908702A2C09D18B
:105140000020234908600120224908800649087090
:1051500002F080F8232C05D102201E49088001208E
:10516000014908703EBD0000B40000200D0ABBD606
:10517000B8B4B3F6B3A7C9E8D6C3BDE7C3E63A0DE2
:105180000A000000A1BE2AA1BFC8B7C8CF0D0A00FF
:10519000A1BE23A1BFC8A1CFFB0D0A00D8BD000846
:1051A000BBD6B8B4B3F6B3A7C9E8D6C300000000B5
:1051B000C8B7C8CFBBD6B8B4A3BF00004800000032
:1051C000C8B7C8CF282A2900C8A1CFFB28232900A7
:1051D000400400401200002000BF054A128802F07F
:1051E0004002002AF9D0C2B2014B9A8070470000F9
:1051F000001001401E48006840F001001C49086092
:105200000846006840F0040008601A48006820F46E
:105210004030184908600846006840F48030086053
:105220001548006820F440201349086008460068CB
:1052300040F4802008600F48406820F480700D49D9
:1052400048600D48001D006840F400700A49091DBF
:1052500008600848406940F4807006494861064883
:105260001430006840F4007003491431086070473E
:1052700030380240000002400008024010B51748D4
:10528000406920F48070154948611548006840F471
:105290000070134908601148406920F480700F497C
:1052A0004861052002F0C0FD0C48406940F4807060
:1052B0000A494861052002F0B7FD0948001F00684F
:1052C00000F4007008B1012400E0002403484069A4
:1052D00020F4807001494861204610BD0000024062
:1052E0001408024070B51B48406920F480701949C9
:1052F00048611948006840F40070174908600025AB
:105300001DE01448406920F480701249486105206E
:1053100002F08AFD0F48406940F480700D494861F1
:10532000052002F081FD6006040E0B48001F006896
:1053300000F4007008B144F00104681CC5B2082DE7
:10534000DFDB0448406920F4807002494861204650
:1053500070BD0000000002401408024010B5044671
:105360001448406920F4807012494861032002F01B
:105370005BFD34B11048006840F400700E490860CD
:1053800005E00D48006820F400700B490860022019
:1053900002F04AFD0748406940F4807005494861C1
:1053A000052002F041FD0348406920F48070014966
:1053B000486110BD000002401408024070B5044668
:1053C000002528E01848406920F48070164948619B
:1053D000032002F029FD04F0800030B1134800687A
:1053E00040F400701149086005E01048006820F49E
:1053F00000700E490860022002F016FD0A4840695C
:1054000040F4807008494861052002F00DFD6006F7
:10541000040E681CC5B2082DD4DB0348406920F493
:1054200080700149486170BD0000024014080240CC
:1054300010B51248406920F4807010494861104846
:10544000006840F400700E4908600C48406940F460
:1054500080700A494861052002F0E6FC08480068AF
:1054600020F4007006490860052002F0DDFC0348C6
:10547000406920F480700149486110BD000002407D
:105480001408024010B50F48406920F480700D499F
:1054900048610D48006820F400700B490860094815
:1054A000406940F4807007494861052002F0BCFC67
:1054B0000548006840F4007003490860052002F0C8
:1054C000B3FC10BD00000240140802404AF6AA20B6
:1054D0000149086070470000003000400E48006835
:1054E00040F001000C49086000BF0B48006800F064
:1054F00002000028F9D045F25550084908600520FF
:10550000486040F6C41088604AF6AA2008604CF64D
:10551000CC40086070470000743802400030004002
:105520001CB501210846FDF743FA01210420FDF7CF
:105530003FFA0020009001908DF8040001200090B7
:1055400000208DF8070069460548FCF70BF84FF47A
:105550000050009069460348FCF704F81CBD0000A9
:10556000000002400008024010B50024012120483C
:10557000FCF763F878B11F48007860B1142002F09E
:1055800017FC01211A48FCF758F8D0B1012400207B
:105590001849087015E04FF400511748FCF74DF812
:1055A00078B91448007860B1142002F001FC4FF47F
:1055B00000511148FCF741F818B9022400200D49A8
:1055C000087001210A48FCF738F878B94FF4005107
:1055D0000948FCF732F808B9012000E0002028B99A
:1055E000142002F0E5FB012002490870204610BD9E
:1055F000000002404E000020000802401CB50121BE
:105600000220FDF7D5F900200090019001208DF8CF
:10561000040000208DF806004FF440700090002038
:105620008DF807008DF8050069460448FBF79AFFDE
:105630004FF440710148FCF70BF81CBD0004024018
:105640004FF4A060FDF714F8FFF7D8FFFFF768FFED
:105650004FF4E13002F064FC02F0DAFFFEF762FC86
:1056600002F04CFBFCF797FA02F086FDFBF7CAFB51
:10567000FFF734FFFEF73AFE01F0F4FF00F0AAFA5C
:10568000FCF7AAFC012002F009FC03F0C7F8FBF7C5
:10569000F7FD55A157A0FBF7EBFE594908700846E6
:1056A000007860B902F0DCF800F00EFF012803D1A9
:1056B00054A0FAF723FE02E05CA0FAF71FFE02F006
:1056C00027F98FE0FFF702FF4D48007880B9614865
:1056D000007868B901205F49087000F0F5FE0128E4
:1056E00003D148A0FAF70AFE02E050A0FAF706FE3E
:1056F00059480078012808D100205749087040F621
:10570000B83256A156A0FBF775FEFBF781FA59494E
:10571000087059480088292828D007DC08285CD25E
:10572000DFE800F05B10151A1F3851562A380D2893
:1057300053D2DFE800F020252A52525252525234FE
:10574000393E43004B48007800F098F845E049485E
:105750000078FEF78DFA40E04648007801F056FAEE
:105760003BE04448007800F05DFA36E041480078BC
:10577000FBF7F4FB31E03F480078FFF76FFA2CE0CD
:105780003C480078FFF76EF827E03A480078FFF7CA
:1057900027F922E03748007801F09AFD1DE03548EE
:1057A000007801F08BFB18E032480078FFF744FBEB
:1057B00013E030480078FEF70FFE0EE02D48007829
:1057C000FEF7BAFE09E02B48007802F001FD04E084
:1057D00028480078FFF75CFC00BF00BF02F02CF9FE
:1057E000FDF7D4F86EE700003838383838383838E4
:1057F00000000000333139333334383534000000D1
:10580000490000204D515454B7FECEF1C6F7C1AC4B
:10581000BDD3B3C9B9A621D4B6B3CCBFAACBF8B90E
:10582000A6C4DCBFAAC6F4A3A10D0A004D5154546E
:10583000B7FECEF1C6F7C1ACBDD3CAA7B0DC21D448
:10584000B6B3CCBFAACBF8B9A6C4DCB9D8B1D5A33E
:10585000A10D0A004A0000204D0000204F4B00001F
:1058600041542B434950534E545054494D453F0DDC
:105870000A00000011000020120000207CB5044640
:105880001F49204601F02EF80546012D0CD10220BB
:105890001C490880C1011C48FBF7D8FE00201B49A9
:1058A000086101201A49087015480078FF2803D1C3
:1058B00000F02AFF00F090FE144880684EF6602148
:1058C00088421BD30020114988601249FDF722FA53
:1058D00011490020FDF7C4F90E48437802780FA162
:1058E0001148FAF717FD114801214CF218630E4ACE
:1058F000CDE900103A210020FCF748F87CBD0000FB
:10590000600000201200002000040240C0010020BE
:1059100048000020140000201800002025303264C8
:105920003A253032640000002A060020D8BD000865
:105930007CB504462146512000F01EFD6A4601A9AF
:10594000512000F0CDFA0546002D4ED19DF8000003
:10595000B5282DD00BDCB2281ED003DCA0B1B128B5
:105960003ED115E0B3281BD0B42839D11CE0B828AB
:105970002AD004DCB6281FD0B72831D120E0C028B7
:1059800026D0C2282CD127E01CA0FAF7B7FC2BE0C8
:1059900022A0FAF7B3FC27E027A0FAF7AFFC23E038
:1059A0002BA0FAF7ABFC1FE037A0FAF7A7FC1BE02F
:1059B00043A0FAF7A3FC17E04EA0FAF79FFC13E010
:1059C0005AA0FAF79BFC0FE065A0FAF797FC0BE0F2
:1059D00069A0FAF793FC07E06BA0FAF78FFC03E0ED
:1059E00070A0FAF78BFC00BF04E076A0FAF786FC03
:1059F000FF207CBD9DF80000FBE70000D7A5C8A1F3
:105A0000D6B8CEC6CDBCCFF1BCB0CCD8D5F7C1BFCF
:105A1000CCE1C8A1B3C9B9A60D0A0000D6B8CEC65C
:105A2000B9FDD0A128736D616C6C2066696E6765E5
:105A300072290D0A00000000CEDED6B8CEC620289E
:105A40006E6F2066696E676572290D0A000000009E
:105A5000D6B8CEC6CEBBD6C3B9FDD3DABFBFD7F357
:105A6000A3ACD0E8D2AABDABCAD6D6B8BFBFD3D2FA
:105A7000B1DFDEF4B0B4286C6566742066696E67C9
:105A80006572290D0A000000D6B8CEC6CEBBD6C3BB
:105A9000B9FDD3DABFBFD3D2A3ACD0E8D2AABDAB95
:105AA000CAD6D6B8BFBFD7F3B1DFDEF4B0B4287220
:105AB000696768742066696E676572290D0A00005F
:105AC000D6B8CEC6CEBBD6C3B9FDD3DABFBFC9CF19
:105AD000A3ACD0E8D2AABDABCAD6D6B8BFBFCFC29E
:105AE000B1DFDEF4B0B42875702066696E67657248
:105AF000290D0A00D6B8CEC6CEBBD6C3B9FDD3DABF
:105B0000BFBFCFC2A3ACD0E8D2AABDABCAD6D6B86D
:105B1000BFBFC9CFB1DFDEF4B0B428646F776E20A9
:105B200066696E676572290D0A000000CAAACAD6A6
:105B3000D6B820A3A8D6B8CEC6B1EDC3E6B3F6BAA0
:105B4000B9BBF2D5DFCBAED7D5B9FDB6E0A3A9205E
:105B5000287765742066696E676572290D0A0000F2
:105B6000B8C9D4EFCAD6D6B8286472792066696EEF
:105B7000676572290D0A0000CCD8D5F7CCE1C8A121
:105B8000B4EDCEF30D0A0000CCD8D5F7CCE1C8A116
:105B9000B4EDCEF32028CDBCCFF1D6CAC1BFB2EE52
:105BA000290D0A00D7A5C8A1D6B8CEC6CDBCCFF165
:105BB000BCB0CCD8D5F7C1BFCCE1C8A1B4EDCEF311
:105BC0000D0A0000CDA8D0C5CAA7B0DCA3A10D0A5C
:105BD000000000001CB54FF4E13000F0EDFB0121A6
:105BE0000420FCF7E5FE0020009001908DF80400F1
:105BF0000120009069460A48FBF7B4FC01208DF8AB
:105C000004000220009069460548FBF7ABFC022126
:105C10000348FBF71BFD02210148FBF717FD1CBDE4
:105C2000000802401FB504466848007800287DD06F
:105C300067A0FAF763FB6BA0FAF760FB6DA0FAF7B9
:105C40005DFB72A0FAF75AFB75A0FAF757FB79A033
:105C5000FAF754FB7DA0FAF751FB814A0021084670
:105C6000FBF764FF2020FF21002247F67C53CDE99B
:105C7000002102907BA230211A20FBF762FD102048
:105C8000FF21002247F67C53CDE90021029079A242
:105C900053210520FBF755FD1020FF21002247F678
:105CA0007C53CDE90021029076A26C210520FBF700
:105CB00048FD1020FF21002247F67C53CDE900214A
:105CC000029075A285210520FBF73BFD1020FF21E6
:105CD000002247F67C53CDE90021029073A29E2159
:105CE0000520FBF72EFD1020FF21002247F67C53F4
:105CF000CDE90021029072A2DC210520FBF721FDF5
:105D00001020FF21002247F67C53CDE900210290AC
:105D10006EA2DC219120FBF714FD03A91420FEF7ED
:105D200005F99DF80C00FF2812D000E013E0FEF703
:105D3000F3FAFF2209216848FAF7B2FC0223664A07
:105D400009211520FAF7FAFEFF211420FEF735F994
:105D500000201E490870322C13D006DC232C25D0DD
:105D60002A2C2AD0312C2ED104E0332C10D0342C04
:105D700029D114E0292059490880012013490870CD
:105D800021E02A20554908800120104908701AE0B6
:105D90002B205249088001200C49087013E02C2068
:105DA0004E4908800120094908700CE002204B4947
:105DB000088001200549087005E001204749088056
:105DC0000249087000BF00BF1FBD00009100002005
:105DD0000D0AD6B8CEC6B9DCC0EDBDE7C3E63A0DB4
:105DE0000A000000A1BE31A1BFD7A2B2E1D6B8CE51
:105DF000C60D0A00A1BE32A1BFC9BEB3FDD6B8B65A
:105E0000A84944D6B8CEC60D0A000000A1BE33A1F1
:105E1000BFC9BEB3FDCBF9D3D0D6B8CEC60D0A00EC
:105E2000A1BE34A1BFCAB6B1F0C9BEB3FDD6B8CECB
:105E3000C60D0A00A1BE23A1BFBBD8B5BDC9CFD234
:105E4000BBBCB6B2CBB5A50D0A000000A1BE2AA10D
:105E5000BFBBD8B5BDD6F7BDE7C3E60D0A0000004D
:105E6000D8BD0008D6B8CEC6B9DCC0EDBDE7C3E6E4
:105E700000000000A1BE31A1BFD7A2B2E1D6B8CECA
:105E8000C6000000A1BE32A1BFC9BEB3FDD6B8B6E0
:105E9000A84944D6B8CEC600A1BE33A1BFC9BEB37F
:105EA000FDCBF9D3D0D6B8CEC6000000A1BE34A138
:105EB000BFCAB6B1F0C9BEB3FDD6B8CEC6000000A9
:105EC000D6F7BDE7C3E6A1BE2AA1BF00A1BE23A1AC
:105ED000BFC9CFD2BBBCB600E80100201200002031
:105EE00030B5034600BF1B4800780028FBD00020D7
:105EF000184D2870184800786C2801D0012030BD5A
:105F000015484078622801D00220F8E712488078CE
:105F1000632801D00320F2E70F48C078984201D0EF
:105F20000420ECE70C48007910700B4840790870A9
:105F300003F1C500157828440D782844064DAD7945
:105F40002844C4B20448C079A04201D00620D6E754
:105F50000020D4E7240000201C0000207FB5054667
:105F6000A048007858B9162002F0C2F89EA0FAF7AF
:105F7000C5F901209B490870A4A0FAF7BFF90121D7
:105F8000A748FBF75AFB00283BD096480078012829
:105F900037D10221A248FBF75BFB1E2001F008FF6E
:105FA0000020A049C860A04801214FF6E0739FA2DD
:105FB000CDE9001078216020FBF7E8FC00BF00204D
:105FC000FFF7B6FC04469748C06841F28831884222
:105FD0000CD397A0FAF792F90020824908700221A9
:105FE0008F48FBF733FBFC2004B070BD002CE6D1DA
:105FF000FF207C49087097A0FAF780F9162002F07C
:1060000077F801218648FBF718FB012814D0754862
:106010000078FF2810D1844801214CF2186383A234
:10602000CDE9001078216020FBF7B0FC02206D491B
:10603000087091A0FAF762F901217948FBF7FDFA9F
:10604000002833D06748007802282FD100207549F6
:10605000C860754801214FF6E07374A2CDE90010C5
:1060600078216020FBF792FC00BF0120FFF760FC65
:1060700004466C48C06841F2883188420BD36CA05A
:10608000FAF73CF900205749087002216448FBF7F1
:10609000DDFAFC20A8E7002CE7D1FE20514908706A
:1060A0006CA0FAF72BF9162002F022F801215C48C7
:1060B000FBF7C3FA012814D04A480078FE2810D113
:1060C000594801214CF2186358A2CDE900107821FB
:1060D0006020FBF75BFC0320424908706BA0FAF7D5
:1060E0000DF901214E48FBF7A8FA002833D03D48AE
:1060F000007803282FD100204A49C8604A4801216E
:106100004FF6E07349A2CDE9001078216020FBF73B
:106110003DFC00BF0220FFF70BFC04464148C0686D
:1061200041F2883188420BD341A0FAF7E7F800200A
:106130002C49087002213A48FBF788FAFC2053E703
:10614000002CE7D1042027490870162001F0D0FF69
:1061500053A0FAF7D3F82348007804283FD1002051
:106160002049087029467F2000F006F902AA03A9F9
:106170007F20FFF7B5FE40B150A0FAF7BFF802212B
:106180002748FBF763FAFF202EE79DF808009128C7
:1061900011D003DC38B1832819D108E093280ED040
:1061A000942814D10FE054A0FAF7A8F80FE055A0F6
:1061B000FAF7A4F80BE060A0FAF7A0F807E065A0F2
:1061C000FAF79CF803E067A0FAF798F800BF00BF61
:1061D00002211348FBF73AFA9DF8080004E7FB2078
:1061E00002E7000050010020C7EBBDABCAD6D6B80D
:1061F000B7C5B5BDD6B8CEC6C4A3BFE9BFAACABC91
:10620000D7A2B2E1D6B8CEC60D0A0000B5DAD2BB2D
:10621000B4CED6B8CEC6B2C9BCAF0D0A00000000DD
:1062200000080240C0010020D8BD00085A0000004C
:10623000B4ABB8D0C6F7D2ECB3A3A3ACB2C9BCAF71
:10624000CAA7B0DCA3ACC7EBD6D8D0C2D7A2B2E104
:106250000D0A0000C7EBCCA7C6F0CAD6D6B8A3ACCF
:10626000D4D9B4CEB2C9BCAFCFC2D2BBB4CED6B8EB
:10627000CEC60D0A00000000B5DAB6FEB4CED6B820
:10628000CEC6B2C9BCAF0D0A00000000B5DAC8FD29
:10629000B4CED6B8CEC6B2C9BCAF0D0A000000005D
:1062A000B2C9BCAFD6B8CEC6B3C9B9A6A3ACD5FDEA
:1062B000D4DAD7A2B2E10D0A00000000CDA8D0C503
:1062C000CAA7B0DCB5BCD6C2D7A2B2E1CAA7B0DCBF
:1062D000A3A1C8E7D0E8D6D8D0C2D7A2B2E1A3AC78
:1062E000C7EBD4D9B4CEBDF8C8EBD7A2B2E1B9A6FA
:1062F000C4DCA3A10D0A0000D7A2B2E1B3C9B9A6BC
:106300000D0A0000494420B4EDCEF3284944203C56
:10631000203020BBF2D5DF204944203E20D7EEB408
:10632000F3D3C3BBA7CAFD29BBF2D5DFCDA8D0C527
:10633000B4EDCEF30D0A0000D7A2B2E1CAA7B0DCDB
:1063400028D3C3BBA7C7F8D3F2D2D1C2FA290D0A0A
:1063500000000000D2D1BEADD7A2B2E1B5C4204941
:10636000440D0A00D6B8CEC6CCE1C8A1B4CECAFD51
:10637000203C20330D0A00007CB504460D460BA1DD
:1063800003C9CDE900018DF803408DF8045004F1F4
:10639000C5002844C6B28DF8066007216846FDF79F
:1063A000CBFA0020034908707CBD00006C636200DA
:1063B000000000002400002010B588B00446012130
:1063C0000420FCF7F5FA082206212E48FBF712F903
:1063D000082207212B48FBF70DF9002006900790B3
:1063E00002208DF81C0000208DF81E008DF81F0083
:1063F00002208DF81D004020069006A92148FBF7D9
:10640000B1F88020069006A91E48FBF7ABF80121E1
:106410002020FCF7EDFA00200290039004900590F4
:106420000294ADF81000ADF80E00ADF80C000C2091
:10643000ADF812000020ADF8140002A91248FDF7D3
:1064400011FB0020019047208DF8040001208DF8F9
:1064500005008DF806008DF8070001A8FCF7CCF8C0
:10646000012240F225510848FDF7D6FA012240F2F8
:1064700024410548FDF7D0FA01210348FDF789FAC8
:1064800008B010BD000802400014014030B90021DE
:106490004FF0804291630B4A116011E0002806DD45
:1064A0004FF0804188630021064A116008E000280F
:1064B00006DA00214FF0804291634142014A1160A7
:1064C000704700003404004010B50124FDF7EAFED7
:1064D0004FF4FA621AA11B48FAF78CFF04460CB974
:1064E000012405E018A0F9F709FF0024204610BD9B
:1064F000FDF7D8FE42F2107211A11AA0FAF77AFF46
:1065000004460CB9012405E022A0F9F7F7FE0024A7
:106510002046ECE7FDF7C6FE41F2883208A121A033
:10652000FAF768FF04460CB9012405E026A0F9F744
:10653000E5FE00242046DAE7FDF7B4FE2046D6E764
:106540004F4B0000788002084D515454BFCDBBA77B
:10655000B6CBD0C5CFA2C9E8D6C3CAA7B0DC0D0A56
:106560000000000041542B4D515454434F4E4E3DBA
:10657000302C22677A2D332D6D7174742E696F74EF
:106580002D6170692E636F6D222C313838332C31B8
:106590000D0A00004D515454C1ACBDD3CAA7B0DCA4
:1065A0000D0A000041542B4D5154545355423D3077
:1065B0002C22617474726962757465732F707573BF
:1065C00068222C310D0A00004D515454B6A9D4C490
:1065D000CAA7B0DC0D0A00002DE9F0414FF0000819
:1065E0003248007838B1324A24211F20FAF753FA92
:1065F00000202E4908702F4A2F493E20FCF7FAFC54
:106600000746262F50D100241BE0002600250BE072
:10661000274800EB8400405D2649495D884201D14E
:10662000701CC6B2681CC5B2042DF1DB042E06D165
:106630004FF00108611C21A0F9F760FE03E0601C27
:10664000C4B2092CE1DB00BFB8F1010F26D100264E
:106650000EE01948805D2049895D884207D01FA05F
:10666000F9F74CFE192001F043FDBDE8F081761CDE
:10667000102EEEDBFDF742FE4FF480711B48FAF757
:10668000E5FF00201A49086101201A490870182006
:1066900001F02EFD01200549087005E016A0F9F76C
:1066A0002DFE192001F024FD00BFDEE77D00002053
:1066B000F10100203B00002015020020B4CBBFA850
:1066C000C6ACD2D1BEADD7A2B2E121204944CEAAF8
:1066D0003A25640D0A0000002B000020B4CBBFA8AF
:1066E000C6ACC3BBD3D0C8A8CFDE21000004024093
:1066F000C001002048000020B4CBBFA8C6ACC3BB7B
:10670000D3D0D7A2B2E121001FB5FE200290012113
:106710005548FAF792FF00286FD0544800780028B7
:106720006BD101205149087002214F48FAF790FFC0
:106730001E2001F03DFB00204D49C8604D4801215D
:106740004FF6E0734CA2CDE9001078216020FBF7F2
:106750001DF900BF0020FFF7EBF802904448C06825
:1067600041F28831884218D344A0F9F7C7FD0221CD
:106770003D48FAF76BFF3F4801214CF218633EA2F7
:10678000CDE9001078216020FBF700F9192001F015
:10679000AFFC0020354908701FBD9DF80800002897
:1067A000D8D100217120FFF7E7FD02AA03A97120CB
:1067B000FFF796FBC0B139A0F9F7A0FD02212A48E6
:1067C000FAF744FF2B4801214CF218632AA2CDE9C5
:1067D000001078216020FBF7D9F8192001F088FC1F
:1067E000002022490870D7E79DF8080030B99DF8CD
:1067F0000C1031A0F9F782FD04E01EE033A0F9F798
:106800007DFD00BF00BF9DF8080080B9FDF776FD53
:10681000182001F06DFC4FF480713048FAF716FF34
:1068200000201349086101202D49087005E0192056
:1068300001F05EFC00200D49087001210A48FAF7BA
:10684000FCFE70B90B4801214CF218630AA2CDE995
:10685000001078216020FBF799F802210248FAF72E
:10686000F5FE00BF98E70000000802407C00002011
:10687000C0010020D8BD00085A000000B4ABB8D059
:10688000C6F7D2ECB3A3A3ACB2C9BCAFCAA7B0DC05
:10689000A3ACC7EBD6D8CAD40D0A0000CDA8D0C58A
:1068A000CAA7B0DC2CBDD3CAD5CAFDBEDDB0FCB4CE
:1068B000EDCEF30D0A000000D6B8CEC6B6D4B1C8EE
:1068C000B3C9B9A63A25640D0A000000B8C3D6B80A
:1068D000CEC6B2BBB4E6D4DA0D0A00000004024012
:1068E00048000020FEB504460D46FF27B348007857
:1068F00000283BD0B2490A20FDF718FBB0480078C9
:106900002870B04A00210846FBF710F92D20AE4947
:10691000087000260FE04CF218630822AB4801789B
:10692000A9480078FAF7D3FEA74800781E30A64998
:106930000870701CC6B2062EEDDB00209F4908705F
:106940002D20A14908704EF66020A14988609C481E
:106950000078FF280AD19B4801214CF218639DA2C0
:10696000CDE9001078216020FBF710F894480078FA
:10697000FF287DD098480078012812D11020FF21EF
:10698000002247F67C53CDE90021029093A2822198
:106990004620FAF7D6FE0D2001F0AAFB00208E4912
:1069A00008702A2C68D0232CFCD0FF2CFAD08F48FA
:1069B0000078062861DA8E488C49097844548B485F
:1069C0000078401C894908704CF2186308227F48FF
:1069D00001787D480078FBF79CF97B4800781E30F1
:1069E0007949087081480078062845D17548012109
:1069F0004FF6FF721023CDE900210290A622C0219C
:106A00002520FBF7F7F92D206F49087000260FE0CD
:106A10004CF2186308226D4801786B480078FAF749
:106A200056FE694800781E3067490870701CC6B26F
:106A3000062EEDDB634801214FF6FF721023CDE9EE
:106A400000210290642282214620FBF7D3F9102016
:106A5000FF21002247F67C53CDE90021029065A278
:106A600082214620FAF76DFE0E2001F041FB00E086
:106A70004CE02D20544908709EE05C4800780628C0
:106A8000FADB5A480078801F5F490C545748007859
:106A9000401C564908704CF2186308224B48017894
:106AA00049480078FBF735F9474800781E304649D9
:106AB00008704E4800780C287ED153494C48F9F7AD
:106AC0001FFEB0B90223504A07210B20FAF736F80F
:106AD000FF210A20FDF771FA0120384908700020D3
:106AE0004249087001203C490870112001F000FB68
:106AF00062E001203849087000203C4908700120FC
:106B00002E490870102001F0F3FA55E03248007861
:106B1000012805D10C2001F0EBFA00202E49087065
:106B20002A2C49D0232C47D0FF2C45D02F48007861
:106B3000062841DA2E482D49097844542B4800781C
:106B4000401C2A4908704CF2186308221F4801783B
:106B50001D480078FBF7DDF81B4800781E301A4905
:106B6000087022480078062826D1274A07210B20E2
:106B7000F9F791FF24491E48F9F7C2FD78B91820AA
:106B800001F0B6FAFDF7BAFB01200C4908700020AD
:106B90001649087001201049087001270CE00120F7
:106BA00006490870002011490870192001F0A0FA68
:106BB00001200949087000273846FEBD6900002001
:106BC00068000020D8BD00086A0000206B0000208B
:106BD000C00100205A0000006C000020C7EBC9E88B
:106BE000D6C3D0C2C3DCC2EB000000007B00002093
:106BF0006D000020C7EBD4D9B4CECAE4C8EBD0C234
:106C0000C3DCC2EB00000000740000203EB5044667
:106C10008148007800287CD000208049087080A03E
:106C2000F9F76CFB83A0F9F769FB88A0F9F766FB1D
:106C30008B4A00210846FAF779FF2020FF21002225
:106C400047F67C53CDE90021029086A2302109202D
:106C5000FAF777FD1020FF21002247F67C53CDE99B
:106C60000021029083A25A213C20FAF76AFD2D20D0
:106C70008449087000250EE04CF218630622782142
:106C800080480078FAF723FD7E4800781E307D4961
:106C90000870681CC5B2062DEEDB1020FF21002213
:106CA00047F67C53CDE90021029077A28C213C204D
:106CB000FAF747FD2D207349087000250EE04CF2CD
:106CC00018630622AA216F480078FAF700FD6D4884
:106CD00000781E306B490870681CC5B2062DEEDBCB
:106CE0002D20684908701020FF21002247F67C53B0
:106CF000CDE90021029068A2DC210520FAF721FDF0
:106D00001020FF21002247F67C53CDE9002102909C
:106D100000E007E063A2DC219120FAF712FD0020D9
:106D20003D4908702A2C63D0232C61D0FF2C5FD002
:106D30003A48007806281FDA5D48384909784454F3
:106D400036480078401C354908704CF21863082218
:106D500078214C480078FAF7DCFF4A4800781E306A
:106D6000484908702D480078062841D12D20087028
:106D70000E2001F0BDF93BE028480078062837DBFB
:106D800026480078801F4B490C5424480078401C4A
:106D9000224908704CF218630822AA213948007869
:106DA000FAF7B7FF374800781E30364908701B489D
:106DB00000780C281CD13F493D48F9F7A1FC70B977
:106DC00002233B4A07210B20F9F7B8FE00201349A4
:106DD00008700120384908800F49087008E0102029
:106DE00001F086F900200D49087001200A49087059
:106DF000232C02D02A2C0DD106E002202E49088037
:106E000001200549087005E001202B49088002494E
:106E1000087000BF00BF3EBD7F0000208200002040
:106E20000D0AD0DEB8C4B9DCC0EDD4B1C3DCC2EB0E
:106E30000D0A0000A1BE23A1BFB7B5BBD8C9CFD2F0
:106E4000BBBCB6B2CBB5A50D0A000000A1BE2AA1FD
:106E5000BFB7B5BBD8D6F7BDE7C3E60D0A00000043
:106E6000D8BD0008D0DEB8C4B9DCC0EDD4B1C3DCF5
:106E7000C2EB0000B5DAD2BBB4CECAE4C8EBC3DCC7
:106E8000C2EB000080000020B5DAB6FEB4CECAE442
:106E9000C8EBC3DCC2EB0000D6F7BDE7C3E6A1BE7A
:106EA0002AA1BF00A1BE23A1BFC9CFD2BBBCB600DF
:106EB000830000208A000020120000202DE9FE43FC
:106EC00007464FF001098E48007800287AD08DA03F
:106ED000F9F714FA91A0F9F711FA96A0F9F70EFA5A
:106EE000994A00210846FAF721FE2020FF210022BE
:106EF00047F67C53CDE90021029094A2302118205E
:106F0000FAF71FFC904801214CF2186393A2CDE9D7
:106F1000001078213220FAF739FD8B4801214CF21C
:106F200018638FA2CDE9001078218220FAF72EFD98
:106F30001020FF21002247F67C53CDE9002102906A
:106F400088A2DC210020FAF7FCFB1020FF210022A0
:106F500047F67C53CDE90021029085A2DC219620E2
:106F6000FAF7EFFB854A24211F20F9F794FD1E2034
:106F70008349088000208349087000252AE0002406
:106F800023E07E4800EB8500005DFF281BD0202019
:106F9000FF210022CDE90021029005F13100C2B2AB
:106FA00047F67C53502176480088FAF70DFC754867
:106FB0000078401C7349087071480088143070498B
:106FC000088004E020E0601CC4B2042CD9DB00BFC0
:106FD000681CC5B2092DD2DB6A48007809280DD19A
:106FE0002020FF2100224FF47843CDE900210290B8
:106FF00065A2AA211E20FAF7A4FB02E0132001F0EB
:1070000077F800203E4908705E480078092861DA68
:10701000614A62493E20FCF799FD0646262E59D169
:10702000002521E04FF0000800240DE0534800EB5C
:107030008500005D5849095D884203D108F10100CF
:1070400000F0FF08601CC4B2042CEFDBB8F1040FA1
:1070500008D14FF0000952A0F9F750F9142001F0BF
:1070600047F803E0681CC5B2092DDBDB00BFB9F1AE
:10707000010F2FD1002512E0002408E03F4800EB6B
:107080008500005DFF2800D003E0601CC4B2042C22
:10709000F4DB00BF042C00D103E0681CC5B2092D4D
:1070A000EADB00BF002407E03B48005D334901EB09
:1070B00085010855601CC4B2042CF5DB02232F4A5D
:1070C00024211F20F9F73AFD112001F011F80120C9
:1070D0000B490870232F02D02A2F0DD106E005207E
:1070E0003E49088001200649087005E001203B491F
:1070F00008800349087000BF00BFBDE8FE830000A0
:10710000A60000200D0AD7A2B2E1D3C3BBA7BFA837
:10711000C6ACBDE7C3E63A0D0A000000A1BE23A13C
:10712000BFBBD8B5BDC9CFD2BBBCB6B2CBB5A50D20
:107130000A000000A1BE2AA1BFBBD8B5BDD6F7BDCD
:10714000E7C3E60D0A000000D8BD0008D7A2B2E1EF
:10715000D3C3BBA7BFA8C6AC00000000500000000E
:1071600051000000A1BE2AA1BFD6F7BDE7C3E600CB
:10717000C9CFD2BBBCB6A1BE23A1BF00F101002084
:10718000A8000020AA000020D7A2B2E1D2D1B4EF1B
:10719000C9CFCFDE000000003B0000202B00002004
:1071A000B4CBBFA8C6ACD2D1BEADD7A2B2E1A3A129
:1071B000BFA8C6ACBFE9C4DACAFDBEDDD2D1BEAD40
:1071C000D0B4C8EBA3ACB5ABCAC7B1BECFB5CDB3D5
:1071D000C3BBD3D0BCC7C2BC0D0A00001200002044
:1071E00010B541F2883202A102A0FAF703F910BDEE
:1071F0004F4B000041542B4D5154545055423D309B
:107200002C2261747472696275746573222C227BFE
:107210005C226C6F636B5F7374617475735C223A8C
:10722000307D222C302C300D0A00000010B51021CA
:107230000748FAF70BFA052001F09AF9FF2001F050
:1072400097F9044610210248FAF702FA204610BDC9
:107250000000024094B0184903C9CDE900010020A4
:1072600003E0002102AA1154401C4728F9DB022345
:1072700002AA47210A20F9F761FC082000F038FF34
:10728000DDE9000100F03AFA0CA0F9F737F845F211
:1072900055500E49086000BF0C48C06800F002005D
:1072A0000028F9D140F2E240084988604AF6AA2055
:1072B000086000BFFEE70000E07F0208B5C8B4FD2B
:1072C00035C3EB2E2E2E2E2E2E0D0A000030004040
:1072D0001FB504466748007800287DD066A0F9F7FE
:1072E0000DF86AA0F9F70AF86CA0F9F707F871A091
:1072F000F9F704F874A0F9F701F878A0F8F7FEFFA1
:107300007CA0F8F7FBFF804A00210846FAF70EFC44
:107310002020FF21002247F67C53CDE90021029076
:107320007AA230211A20FAF70CFA1020FF2100224D
:1073300047F67C53CDE90021029077A25321052026
:10734000FAF7FFF91020FF21002247F67C53CDE920
:107350000021029074A26C210520FAF7F2F91020A6
:10736000FF21002247F67C53CDE90021029073A251
:1073700085210520FAF7E5F91020FF21002247F6C4
:107380007C53CDE90021029071A29E210520FAF7DD
:10739000D8F91020FF21002247F67C53CDE90021C7
:1073A000029070A2DC210520FAF7CBF91020FF2112
:1073B000002247F67C53CDE9002102906CA2DC212B
:1073C0009120FAF7BEF903A91E20FCF7AFFD9DF846
:1073D0000C00FF2810D000E011E0FF2224216748B4
:1073E000F9F75EF90223654A24211F20F9F7A6FB6D
:1073F000FF211E20FCF7E1FD00201E490870322C01
:1074000013D006DC232C25D02A2C2AD0312C2ED1C7
:1074100004E0332C10D0342C29D114E03320584907
:10742000088001201349087021E034205449088065
:107430000120104908701AE03520514908800120C8
:107440000C49087013E036204D4908800120094995
:1074500008700CE002204A490880012005490870A4
:1074600005E00120464908800249087000BF00BFBE
:107470001FBD0000A50000200D0ABFA8C6ACB9DCE6
:10748000C0EDBDE7C3E63A0D0A000000A1BE31A180
:10749000BFD7A2B2E1BFA8C6AC0D0A00A1BE32A1FF
:1074A000BFC9BEB3FDD6B8B6A84944BFA8C6AC0D87
:1074B0000A000000A1BE33A1BFC9BEB3FDCBF9D302
:1074C000D0BFA8C6AC0D0A00A1BE34A1BFCAB6B1D8
:1074D000F0C9BEB3FDBFA8C6AC0D0A00A1BE23A172
:1074E000BFBBD8B5BDC9CFD2BBBCB6B2CBB5A50D5D
:1074F0000A000000A1BE2AA1BFBBD8B5BDD6F7BD0A
:10750000E7C3E60D0A000000D8BD0008C9E4C6B50F
:10751000BFA8B9DCC0ED0000A1BE31A1BFD7A2B2A7
:10752000E1BFA8C6AC000000A1BE32A1BFC9BEB376
:10753000FDD6B8B6A8BFA8C6AC000000A1BE33A156
:10754000BFC9BEB3FDCBF9D3D0BFA8C6AC00000005
:10755000A1BE34A1BFCAB6B1F0C9BEB3FDBFA8C6B3
:10756000AC000000D6F7BDE7C3E6A1BE2AA1BF006C
:10757000A1BE23A1BFC9CFD2BBBCB600F101002080
:107580001200002038B53348407830383149097846
:10759000303901EB810100EB41002F4908712D4882
:1075A000007930382B49C978303901EB810100EB83
:1075B0004100294948712748C079303825498979DF
:1075C000303901EB810100EB4100234988712348E8
:1075D0000079302803DB21480079392802DD30208A
:1075E0001E4908711D48807A30381C49497A303963
:1075F00001EB810100EB4100174908701748407901
:10760000303816490979303901EB810100EB41002E
:1076100011498870002405E01048005D0DF8040051
:10762000601CC4B2032CF7DB00208DF8030000249B
:1076300009E00B4800EB84016846F9F761F800B9EE
:1076400003E0601CC4B20C2CF3DB00BF601C0249D9
:10765000487038BD0B0100200401002014010020F7
:107660002001002000B585B001210807FBF7B0F923
:107670000120FBF707F80120FBF75EFA00BF61204D
:10768000FBF73AFA0028FAD04FF40070FBF760FAE3
:107690000120FBF757FA0020FBF79EFCFBF7AEFA40
:1076A00000BF4020FBF702FB0028FAD00020029028
:1076B0000390049002907F200390F920049002A888
:1076C000FBF750FBFFF75EFF00F05AF8094800682F
:1076D000FF2808D0084903C9CDE9000100F024F8CB
:1076E000FF2004490860FBF7B1FA0120FBF774FCA6
:1076F00005B000BD502800400401002013B5002053
:10770000FBF76AFCFBF77AFA00BF4020FBF7CEFAE2
:107710000028FAD0DDE9000100F006F8FBF796FA40
:107720000120FBF759FC1CBD03B583B0002002907B
:107730009DF810008DF808009DF811008DF80900E3
:107740009DF812008DF80A0002A90020FBF7A0FBAB
:10775000002001909DF80F008DF804009DF80C00AA
:107760008DF807009DF80D008DF805009DF80E00BE
:107770008DF8060001A90020FBF726FB05B000BD2F
:107780003FB532A53CCD8DE83C0000214FF4FD60B3
:1077900015E000F003022AB96422B0FBF2F302FB09
:1077A000130232B94FF4C872B0FBF2F302FB1302BA
:1077B00012B901F5B77101E001F26D11401C274AC1
:1077C000127802F5FA628242E3D8244B1B7803F563
:1077D000FA62D31702EB93739B10A2EB83034BB9AE
:1077E0001E4B1B7803F5FA63642493FBF4F504FB4A
:1077F000153353B9194B1B7803F5FA634FF4C8746A
:1078000093FBF4F504FB15332BB99DF80220521CB1
:10781000D2B28DF80220002003E01DF800201144B0
:10782000401C0E4A52788242F7D80C4A9278114492
:107830000722B1FBF2F302FB1312084BDA701A466F
:10784000D2780AB90722DA703FBD0000001F1C1F62
:107850001E1F1E1F1F1E1F1E1F00000004010020F0
:1078600010B50124FCF71EFD41F288320CA110482E
:10787000F9F7C0FD044674B9FCF714FD002440F686
:10788000B8320CA10CA0F9F7B5FD044634B110A034
:10789000F8F734FD02E017A0F8F730FD10BD000046
:1078A0002B54494D455F5550444154454400000018
:1078B000D88002084F4B000041542B434950534E8F
:1078C0005450494E54563D333630300D0A000000B6
:1078D0004553503332B5C4534E5450CAB1BCE4CDB5
:1078E000ACB2BDBCE4B8F4C9E8D6C3CAA7B0DC0DDD
:1078F0000A0000004553503332B5C4534E5450CAA9
:10790000B1BCE4CDACB2BDCAA7B0DC0D0A0000002A
:1079100010B5184A03214620F9F7BDF8154800783C
:10792000FF2819D00320134988704870FF20087081
:1079300002230A4603214620F9F700F90D49497848
:107940000D4A505C00F0D4FB0A488078C82110FB37
:1079500001F00A4908600CE006494978064A505C83
:1079600000F0C6FB03488078C82110FB01F00349F2
:10797000086010BD3F00002042000020400400408D
:1079800010B54FF480610648F9F760FE642000F0FE
:107990000FFA4FF480610248F9F75AFE10BD00005B
:1079A0000004024010B504464FF480510848F9F72E
:1079B0004DFE4FF480410648F9F748FE2046FAF79D
:1079C000F3F94FF480510248F9F742FE10BD000070
:1079D0000004024010B504464FF480510848F9F7FE
:1079E00035FE4FF480410648F9F732FE2046FAF79B
:1079F000DBF94FF480510248F9F72AFE10BD000070
:107A00000004024010B504464FF480510948F9F7CC
:107A10001DFE4FF480410748F9F71AFE2012FAF7CD
:107A2000C3F9E0B2FAF7C0F94FF480510148F9F711
:107A30000FFE10BD0004024010B52D4840694EF6FF
:107A4000602188420BD300202949486129A0F8F71A
:107A500055FC41F288322DA12DA0F9F7CBFC30481E
:107A6000007878B92F48007860B92FA0F8F746FC65
:107A700042F2107225A132A0F9F7BCFC012028497E
:107A8000087002E00120264908701948006941F297
:107A90008831884215D32E480078012811D1002062
:107AA0002B490870FCF714FC4FF480712948F9F752
:107AB000CFFD2948007808B9FFF792FB27A0F8F717
:107AC0001DFC0B48C0692849884210D30020084992
:107AD000C86101244FF4FA620CA124A0F9F78AFCD2
:107AE0000446012C02D126A0F8F708FC00BF10BD07
:107AF000C0010020D6DCC6DAD0D4BCECB2E95769AC
:107B00004669D7B4CCAC0D0A000000004F4B000012
:107B100041542B435753544154453F0D0A00000034
:107B20004C0000204B000020D6DCC6DAD0D4BCECE0
:107B3000B2E94D515454D7B4CCAC0D0A000000004A
:107B400041542B4D515454434F4E4E3F0D0A0000AB
:107B5000480000200004024049000020D7D4B6AFFE
:107B6000B9D8C3C50D0A000080EE360041542B433E
:107B70004950534E545054494D453F0D0A000000A2
:107B8000B1BEBBFACDACB2BD4553503332CAB1BC65
:107B9000E4CAA7B0DC0D0A0000B58BB001210220B9
:107BA000FAF706FF002009900A9002208DF82800BD
:107BB00000208DF82A000820099000208DF82B0065
:107BC0008DF8290009A92048F9F7CCFC01220321EE
:107BD0001D48F9F70FFD01210846FAF7F9FE0021CB
:107BE0004FF08040FBF768FC00200690079008905B
:107BF00006A8FBF79FFD5320ADF8180040F2E730D0
:107C000007900020ADF81A0006A94FF08040FBF75E
:107C10004FFD142101A8F8F74BFD6020ADF80400DA
:107C20000020ADF810000120ADF806000020039000
:107C300001A94FF08040FBF7ADFC01218807FBF75D
:107C40003BFC0BB000BD00000004024000B58BB04F
:107C500001210220FAF7ACFE002009900A900220D0
:107C60008DF8280000208DF82A00102009900020AF
:107C70008DF82B008DF8290009A91E48F9F772FC30
:107C8000022204211B48F9F7B5FC01210220FAF772
:107C90009FFE00211848FBF70FFC0020069007907C
:107CA000089006A8FBF746FD5320ADF8180040F2F7
:107CB000E73007900020ADF81A0006A90E48FBF740
:107CC000F7FC142101A8F8F7F3FC6020ADF80400DC
:107CD0000020ADF810000120ADF806000020039050
:107CE00001A90548FBF718FC01210348FBF7E4FB59
:107CF0000BB000BD000402400004004000B58BB092
:107D000001210220FAF754FE002009900A90022077
:107D10008DF8280000208DF82A004FF4007009909B
:107D200000208DF82B008DF8290009A91E48F9F7CD
:107D300019FC022209211C48F9F75CFC01210420EE
:107D4000FAF746FE00211948FBF7B6FB0020069023
:107D50000790089006A8FBF7EDFC5320ADF818003B
:107D600040F2E73007900020ADF81A0006A90F484E
:107D7000FBF79EFC142101A8F8F79AFC6020ADF8EF
:107D800004000020ADF810000120ADF8060000202E
:107D9000039001A90548FBF74FFC01210348FBF7BD
:107DA0008BFB0BB000BD0000000402400008004047
:107DB0003EB5044601210820FAF70AFE00211948C1
:107DC000FBF77AFB00200090019002906846FBF7D9
:107DD000B1FC42F2CF00ADF8000004EB84000121B9
:107DE000C1EB400001900020ADF8020069460D484B
:107DF000FBF75EFC01210B48FBF758FB012109480A
:107E0000FBF75AFB00BF01210648FBF761FB002886
:107E1000F9D001210348FBF749FB00210148FBF79A
:107E20004BFB3EBD000C00403EB50446012108203E
:107E3000FAF7CEFD00211848FBF73EFB002000902A
:107E4000019002906846FBF775FC2920ADF8000010
:107E50000120C0EB440001900020ADF8020069460B
:107E60000D48FBF725FC01210B48FBF71FFB012107
:107E70000948FBF721FB00BF01210748FBF728FB5E
:107E80000028F9D001210448FBF710FB002102482B
:107E9000FBF712FB3EBD0000000C00401FB504467E
:107EA00001210804FAF7A4FD00211C48FBF704FB9C
:107EB000002001900290039001A8FBF73BFC42F2E6
:107EC000CF00ADF8040004EB84000121C1EB4000B9
:107ED00002900020ADF8060001A91048FBF7E8FB6E
:107EE00001210E48FBF7E5FA0020009018208DF8DC
:107EF000000000208DF801008DF8020001208DF8AF
:107F000003006846FAF778FB012211460348FBF7A5
:107F1000F9FA01210148FBF7CFFA1FBD00400140EB
:107F200010B588B0044601210846FAF741FD072242
:107F300009212C48F9F75EFB07220A212948F9F7A5
:107F400059FB00200690079002208DF81C000020AD
:107F50008DF81E008DF81F0002208DF81D004FF4D3
:107F6000C060069006A91F48F9F7FCFA012110200D
:107F7000FAF73EFD002002900390049005900294D1
:107F8000ADF81000ADF80E00ADF80C000C20ADF807
:107F900012000020ADF8140002A91348FBF762FD9F
:107FA0000020019025208DF8040001208DF80500A7
:107FB0008DF806008DF8070001A8FAF71DFB0122D5
:107FC00040F225510848FBF727FD012240F22441E9
:107FD0000548FBF721FD01210348FBF7DAFC08B057
:107FE00010BD0000000002400010014000B587B045
:107FF00001210846FAF7DCFC072202212C48F9F798
:10800000F9FA072203212A48F9F7F4FA002005902B
:10801000069002208DF8180000208DF81A000C2020
:10802000059000208DF81B008DF8190005A9204847
:10803000F9F798FA01214804FAF7CAFC00200190E8
:108040000290039004904FF4E13001900020ADF8CD
:1080500010000C20ADF80E000020ADF80C00ADF8BB
:108060000A00ADF8080001A91248FBF7FBFC012249
:1080700040F225510F48FBF7CFFC012240F224418A
:108080000C48FBF7C9FC0020009026208DF800006A
:1080900001208DF801008DF802008DF8030068467C
:1080A000FAF7AAFA01210348FBF773FC07B000BDF9
:1080B000000002400044004010B504460BE000BF41
:1080C00080210A48FBF771FC0028F9D02178074885
:1080D000FBF737FD641C20780028F0D100BF402159
:1080E0000248FBF762FC0028F9D010BD00440040B4
:1080F00070B5044600BF10210B48F9F79EFA00281E
:10810000F9D100F013F800250BE004F0800010B165
:1081100000F01EF801E000F017FA6006040E681C7B
:10812000C5B2082DF1DB70BD0008024010B520215A
:108130000648F9F78DFA0820FFF73AFE2021034898
:10814000F9F784FA0120FFF733FE10BD0008024062
:1081500010B520210748F9F77BFA40F2DC50FFF711
:1081600063FE20210348F9F771FA4FF4FA70FFF724
:108170005BFE10BD000802401CB50020009001907D
:1081800001210420FAF714FC01208DF804000020DE
:108190008DF806002020009000208DF807008DF853
:1081A000050069460948F9F7DDF900208DF804005B
:1081B0001020009069460548F9F7D4F920210348BA
:1081C000F9F744FA6420FFF7F3FD1CBD00080240F4
:1081D0003EB50446A348007800287CD0A2A0F8F75A
:1081E0008DF8A7A0F8F78AF8A9A0F8F787F8ACA04F
:1081F000F8F784F8AEA0F8F781F8B2A0F8F77EF8A7
:10820000B5A0F8F77BF8BAA0F8F778F8BD4A0021D6
:108210000846F9F78BFC2020FF21002247F67C530B
:10822000CDE900210290B8A230211820F9F789FA8F
:10823000B44801214CF21863B7A2CDE900105021D7
:108240000520F9F7A3FBAF4801214CF21863B3A254
:10825000CDE900108C210520F9F798FB1020FF21B3
:10826000002247F67C53CDE900210290ACA2DC212C
:108270000020F9F766FA1020FF21002247F67C5310
:10828000CDE900210290A9A2DC219620F9F759FA44
:1082900000204CF21862CDE900200290A6484078F8
:1082A000C0EB001042001E235A213C20F9F7A2FD2A
:1082B00000204CF21862CDE9002002909E488078A0
:1082C000C0EB001042001E2394213C20F9F792FDE0
:1082D000002064490870232C06D1022097490880A9
:1082E000012060490870BCE02A2C05D10120934987
:1082F00008805C490870B4E0312C24D18E48407865
:108300000528F0DA8C484078401C8B494870497841
:108310008B4A505CFFF7ECFE0223874A032146207C
:10832000F8F70CFC00204CF21862CDE90020029016
:1083300081484078C0EB001042001E235A213C20A7
:10834000F9F758FD8DE0322C2DD17B48407800287C
:10835000C9DD79484078401E774948704978784AA5
:10836000505CFFF7C5FE0223734A03214620F8F74D
:10837000E5FB64480121FF22CDE9002102906E490E
:108380004978C1EB01119623A3EB41018AB26A49F6
:108390004978C1EB01113C2303EB41001E235A2114
:1083A000F9F728FD5DE0332C5BD0342C27D16248EF
:1083B0008078052855DA60488078401C5E498870CE
:1083C000FF2000214CF21862CDE9002102905A48AA
:1083D0008078C0EB001042001E2394213C20F9F766
:1083E00009FD55488078C82110FB01F05549086007
:1083F0000223514A03214620F8F7A0FB31E0352C37
:108400002FD14D48807800282BDD4B488078401EC6
:10841000494988703B4801214CF21862CDE900219E
:10842000029045498978C1EB01119623A3EB4101E4
:108430008AB241498978C1EB01113C2303EB410029
:108440001E239421F9F7D6FC3B488078C82110FB05
:1084500001F03C4908600223374A03214620F8F71F
:108460006DFB3EBDB30000200D0AC9F9D2F4C1C1B5
:10847000B6C8B5F7BDDABDE7C3E63A0D0A0000009D
:10848000A1BE31A1BFD2F4C1BFBCD30D0A00000010
:10849000A1BE32A1BFD2F4C1BFBCF50D0A000000DD
:1084A000A1BE33A1BFBEB2D2F4C4A3CABD0D0A009F
:1084B000A1BE34A1BFC6C1C4BBC1C1B6C8BCD30D27
:1084C0000A000000A1BE35A1BFC6C1C4BBC1C1B670
:1084D000C8BCF50D0A000000A1BE23A1BFBBD8B5E2
:1084E000BDC9CFD2BBBCB6B2CBB5A50D0A0000004A
:1084F000A1BE2AA1BFBBD8B5BDD6F7BDE7C3E60D67
:108500000A000000D8BD0008C9F9D2F4C1C1B6C83C
:10851000B5F7BDDA00000000530000004C00000079
:10852000A1BE2AA1BFD6F7BDE7C3E600C9CFD2BB23
:10853000BCB6A1BE23A1BF003F0000201200002056
:10854000420000204004004010B520210748F9F700
:108550007FF84FF4FA70FFF767FC20210348F9F722
:1085600075F840F2DC50FFF75FFC10BD00080240D8
:1085700070B50446002500BF02210B48FAF70AFE39
:108580000028F9D021460848FAF710FE00BF012163
:108590000548FAF7FFFD0028F9D00348FAF703FE73
:1085A000C5B2284670BD00000030014010B5044639
:1085B00000F008F910210E48F9F748F8D820FFF725
:1085C000D7FFC4F30740FFF7D3FFC4F30720FFF73B
:1085D000CFFFE0B2FFF7CCFF10210548F9F738F8DC
:1085E00000BFFEF723FE00F001000028F9D110BD06
:1085F0000000024070B505460C4606E02846FFF72D
:10860000D5FF05F58035601EC4B2002CF6D170BDD3
:108610001CB500F081F801210846FAF7C9F90120DC
:108620008DF8040000208DF8060010200090002036
:108630008DF8070002208DF8050069460448F8F718
:1086400091FF10210248F9F703F800F0CBF81CBDA8
:108650000000024070B504460D461646210A601916
:10866000401EB1EB102F01D0002070BD00F0AAF821
:1086700010211448F8F7EAFF0220FFF779FFC4F34E
:108680000740FFF775FFC4F30720FFF771FFE0B263
:10869000FFF76EFF07E03078FFF76AFF681EC5B28C
:1086A00005B901E0761CF6E700BF10210548F8F790
:1086B000CFFF00BFFEF7BAFD00F001000028F9D19E
:1086C0000120D2E70000024070B504460D46164670
:1086D00010211048F8F7BAFF0320FFF749FFC4F351
:1086E0000740FFF745FFC4F30720FFF741FFE0B263
:1086F000FFF73EFF07E0FF20FFF73AFF30706D1EE7
:1087000005B901E0761CF6E700BF10210148F8F733
:108710009FFF70BD0000024000B587B001210846F0
:10872000FAF746F900200590069002208DF818000F
:1087300000208DF81A00E020059000208DF81B0025
:1087400002208DF8190005A91C48F8F70BFF052237
:1087500011461A48F8F74EFF052206211748F8F788
:1087600049FF052207211548F8F744FF01210803B6
:10877000FAF73EF914216846F7F79AFF0020ADF8A2
:108780000C00ADF80800ADF80600ADF80400ADF837
:108790000000ADF80E004FF48270ADF802004FF407
:1087A0000070ADF80A0069460548FAF701FD01219D
:1087B0000348FAF7E3FC07B000BD000000000240E8
:1087C0000030014010B510210548F8F73FFF0620A2
:1087D000FFF7CEFE10210248F8F73AFF10BD000067
:1087E0000000024010B5FFF7EDFF10210A48F8F72E
:1087F0002DFF0120FFF7BCFE0020FFF7B9FE10217E
:108800000548F8F725FF00BFFEF710FD00F0010056
:108810000028F9D110BD00000000024010B5FCF79F
:10882000A3FE0446022C0CD106A0F7F767FD152124
:108830002004FFF7DFFE0BA0F7F760FD01200C49D5
:10884000087010BDD5FDD4DAB2C1B3FDD7D6BFE2F2
:10885000B4E6B4A2CBF9D0E8D2AAB5C4BFD5BCE483
:108860002E2E2E00B2C1B3FDCDEAB3C9A3A10A00DA
:108870001000002010B500290AD00878002807D081
:1088800005487844F7F73CFF002801D0002010BDD0
:108890000248784410BD0000C2F80100BAF8010097
:1088A0004FF04070E1EE100A70473031323334350A
:1088B000363738393A5A3F5051534C48000000007F
:1088C00000000000000000000000000000000000A8
:1088D000001FF8000000007FFE00000000FFFF0006
:1088E000000001FFFF80000003FFFFC0000007FF42
:1088F000FFE000000FFC3FF000000FF00FF0000061
:108900001FF007F000001FE007F800001FE003F869
:1089100000003FC003F800003FC003FC00003FC060
:1089200003FC00003F8003FC00003F8001FC0000CE
:108930003F8001FC00007F8001FC00007F8001FC83
:1089400000007F8001FC00007F8001FC00007F8030
:1089500001FC00007F8001FC00007F8001FC000022
:108960007F8001FC00007F8001FC00003F8001FC53
:1089700000003F8003FC00003F8003FC00003FC07C
:1089800003FC00003FC003F800003FC003F80000F4
:108990001FC007F800001FE007F000000FF00FF005
:1089A00000000FF81FE0000007FFFFE0000007FFD6
:1089B000FFC0000003FFFF80000001FFFF00000078
:1089C000007FFE000000001FF0000000000000001B
:1089D0000000000000000000000000000000000097
:1089E0000000000000000000000000001F800000E8
:1089F00000001F80000000003F80000000007F801A
:108A0000000000007F8000000000FF8000000001E7
:108A1000FF8000000007FF800000000FFF800000C3
:108A2000003FFF80000000FFFF80000001FFFF808B
:108A3000000001FFBF80000001FF3F80000001FC3B
:108A40003F80000001F03F80000001C03F80000037
:108A500001003F80000000003F80000000003F80D8
:108A6000000000003F80000000003F800000000088
:108A70003F80000000003F80000000003F800000B9
:108A800000003F80000000003F80000000003F80A9
:108A9000000000003F80000000003F800000000058
:108AA0003F80000000003F80000000003F80000089
:108AB00000003F80000000003F80000000003F8079
:108AC000000000003F80000000003F800000000028
:108AD0003F80000000003F80000000003F80000059
:108AE00000003F80000000000000000000000000C7
:108AF0000000000000000000000000000000000076
:108B000000000000000000000000000FF80000005E
:108B1000003FFF00000000FFFFC0000001FFFFE07A
:108B2000000003FFFFF0000007FFFFF000000FFF51
:108B3000FFF800000FF80FF800001FF003FC000022
:108B40001FE003FC00000FC001FC000007C001FC97
:108B5000000001C001FC0000000001FC000000005A
:108B600001FC0000000003FC0000000003FC00000A
:108B7000000007F8000000000FF8000000001FF0E0
:108B8000000000003FF0000000007FE00000000156
:108B9000FFC000000003FF8000000007FF0000008E
:108BA000001FFC000000003FF8000000007FE00014
:108BB000000000FFC000000001FF8000000003FF74
:108BC0000000000003FE0000000007FC00000000A1
:108BD0000FF8000000001FF0000000001FFFFFFC66
:108BE00000003FFFFFFC00003FFFFFFC00003FFFD5
:108BF000FFFC00003FFFFFFC00003FFFFFFC000008
:108C00003FFFFFFC0000000000000000000000002B
:108C10000000000000000000000000000000000054
:108C200000000000000000000000000FF80000003D
:108C3000007FFE00000001FFFF80000003FFFFC077
:108C4000000007FFFFE0000007FFFFF000000FFF3C
:108C5000FFF000001FF80FF000001FE007F8000011
:108C60001FE007F800001FC007F800001FC007F84A
:108C700000001FC007F80000000007F80000000017
:108C800007F8000000000FF0000000003FF00000B7
:108C9000003FFFE00000003FFFC00000003FFF007A
:108CA0000000003FFF000000003FFFC00000003F49
:108CB000FFE00000003FFFF0000000001FF8000090
:108CC000000007FC0000000003FC0000000001FCA5
:108CD0000000000001FE0000000001FE00003F80D7
:108CE00001FE00003F8001FE00003F8001FC00000B
:108CF0003FC003FC00003FE003FC00001FF00FF842
:108D000000001FFFFFF800000FFFFFF0000007FF4B
:108D1000FFE0000003FFFFC0000000FFFF000000B5
:108D2000003FFC0000000003C00000000000000045
:108D30000000000000000000000000000000000033
:108D40000000000000000000000000000FC0000054
:108D500000001FC0000000001FC0000000003FC056
:108D6000000000007FC000000000FFC00000000005
:108D7000FFC000000001FFC000000003FFC00000B2
:108D80000003FFC000000007FFC00000000FFFC08D
:108D90000000001FFFC00000001FDFC00000003FF8
:108DA0009FC00000007F9FC00000007F1FC0000028
:108DB00000FE1FC0000001FE1FC0000003FC1FC01A
:108DC000000003F81FC0000007F01FC000000FF0F4
:108DD0001FC000000FE01FC000001FC01FC0000028
:108DE0003FC01FC000007FFFFFFE00007FFFFFFEAF
:108DF00000007FFFFFFE00007FFFFFFE00007FFFFF
:108E0000FFFE00007FFFFFFE00007FFFFFFE00006F
:108E100000001FC0000000001FC0000000001FC0B5
:108E2000000000001FC0000000001FC00000000084
:108E30001FC0000000001FC0000000001FC0000095
:108E400000001FC000000000000000000000000043
:108E50000000000000000000000000000000000012
:108E60000000000000000000000000000000000002
:108E700007FFFFF8000007FFFFF8000007FFFFF8FB
:108E8000000007FFFFF8000007FFFFF8000007FFE2
:108E9000FFF8000007FFFFF000000FE000000000F7
:108EA0000FE0000000000FE0000000000FE00000F5
:108EB00000000FE0000000000FE0000000000FEFD6
:108EC000FC0000000FFFFF0000001FFFFF800000FC
:108ED0001FFFFFE000001FFFFFF000001FFFFFF07B
:108EE00000001FFFFFF800001FE00FF800001FC088
:108EF00007FC00001F8003FC0000000001FC0000D4
:108F0000000001FC0000000001FE0000000001FE66
:108F10000000000001FE0000000001FE00003F8094
:108F200001FC00003F8001FC00003F8003FC0000CA
:108F30003FC003FC00003FE007F800001FF00FF8FF
:108F400000001FFFFFF000000FFFFFF0000007FF11
:108F5000FFE0000003FFFFC0000000FFFF00000073
:108F6000003FFC0000000003C00000000000000003
:108F700000000000000000000000000000000000F1
:108F800000000000000000000000000FF8000000DA
:108F9000003FFF00000000FFFF80000001FFFFC056
:108FA000000003FFFFE0000007FFFFF0000007FFE5
:108FB0007FF800000FF807F800000FE003F800004A
:108FC0001FE003FC00001FC001FC00001FC00000E8
:108FD00000003F80000000003F80000000003F874D
:108FE000F80000003F9FFF0000003FBFFFC00000EF
:108FF0007FFFFFE000007FFFFFF000007FFFFFF03A
:1090000000007FFE3FF800007FF007F800007FC0FF
:1090100003FC00007FC003FC00007F8001FC000017
:109020007F8001FC00007F8001FE00003F8001FE88
:1090300000003F8001FE00003F8001FE00003F80F5
:1090400001FC00003F8001FC00001FC001FC00008B
:109050001FC003FC00001FE007F800000FF80FF826
:1090600000000FFFFFF0000007FFFFF0000003FF0C
:10907000FFE0000001FFFFC0000000FFFF00000054
:10908000001FFC00000000000000000000000000C5
:1090900000000000000000000000000000000000D0
:1090A00000000000000000000000000000000000C0
:1090B0007FFFFFFE00007FFFFFFE00007FFFFFFE3F
:1090C00000007FFFFFFE00007FFFFFFE00007FFF2C
:1090D000FFFC00007FFFFFF8000000000FF0000021
:1090E00000000FF0000000001FE0000000003FC083
:1090F000000000003FC0000000007F800000000072
:109100007F0000000000FF0000000000FE000000E3
:109110000001FE0000000003FC0000000003FC0052
:1091200000000003F80000000007F800000000073E
:10913000F0000000000FF0000000000FE000000051
:10914000001FE0000000001FE0000000001FC00042
:109150000000003FC0000000003FC0000000003FD2
:1091600080000000007F80000000007F8000000081
:10917000007F80000000007F0000000000FF000072
:10918000000000FF0000000000FF0000000000FEE3
:109190000000000001FE0000000001FE00000000D1
:1091A00001FE0000000000000000000000000000C0
:1091B00000000000000000000000000000000000AF
:1091C00000000000000000000000000FF0000000A0
:1091D000007FFC00000000FFFF00000003FFFF8095
:1091E000000007FFFFC0000007FFFFE000000FFEC8
:1091F0007FF000000FF01FF000001FE00FF00000F4
:109200001FE007F800001FE007F800001FC003F888
:1092100000001FE003F800001FE007F800001FE057
:1092200007F800000FF007F000000FF80FF0000043
:1092300007FFFFE0000003FFFFC0000001FFFF8009
:10924000000000FFFF00000003FFFFC0000007FF59
:10925000FFE000000FFFFFF000001FF00FF800001C
:109260003FE003FC00003FC003FC00007F8001FCE6
:1092700000007F8001FE00007F8001FE00007F80F3
:1092800001FE00007F8001FE00007F8001FE0000E3
:109290007FC001FE00003FC003FC00003FF007FC60
:1092A00000001FFE7FF800001FFFFFF800000FFF07
:1092B000FFF0000003FFFFE0000001FFFF8000005F
:1092C000007FFC000000001FF00000000000000014
:1092D000000000000000000000000000000000008E
:1092E00000000000000000000000001FF800000067
:1092F000007FFE00000001FFFF80000003FFFFC0B1
:10930000000007FFFFE000000FFFFFE000000FFF7D
:10931000FFF000001FF00FF800001FC007F800006A
:109320003FC003F800003F8001FC00003F8001FCCB
:1093300000003F8001FC00007F8001FC00007F8076
:1093400001FC00007F8001FE00007F8001FE000024
:109350003F8001FE00003F8001FE00003FC003FE91
:1093600000003FC007FE00001FE00FFE00001FFFCF
:10937000FFFE00000FFFFFFE000007FFFFFE0000E2
:1093800003FFFFFE000001FFFDFC000000FFF9FCF1
:109390000000001FC1FC0000000001FC00000000F4
:1093A00003FC0000038003F800001F8003F80000A6
:1093B0001FC007F800001FC00FF000001FF01FF0D3
:1093C00000000FFFFFE000000FFFFFC0000007FFDD
:1093D000FF80000003FFFF00000000FFFE00000010
:1093E000003FF80000000000000000000000000046
:1093F000000000000000000000000000000000006D
:10940000000000000000000000000000000000005C
:10941000000000000000000000000000000000004C
:10942000000000000000000000000000000000003C
:10943000000000000000000000000000000000002C
:109440000000000000000003C00000000007E00072
:109450000000000FF0000000000FF0000000000FFF
:10946000F00000000007E00000000003C000000062
:1094700000000000000000000000000000000000EC
:1094800000000000000000000000000000000000DC
:1094900000000000000000000000000000000000CC
:1094A0000003C00000000007E0000000000FF00013
:1094B0000000000FF0000000000FF00000000007A7
:1094C000E00000000003C0000000000000000000F9
:1094D000000000000000000000000000000000008C
:1094E000000000000000000000000000000000007C
:1094F000000000000000000000000000000000006C
:10950000000000000000000000000000000000005B
:109510000000000000000000000000000000003F0C
:10952000FE00000003FFFF8000000FFFFFE00000CF
:109530001FE007F800003F0000FC0000FC03C03FF4
:109540000001F007FE0F8003E1E3FF878003C3E023
:10955000FFE380038FC007F000001F0001F8301CFC
:109560003E1FF07C781C7C7FF03E783CF8FFF01FBB
:109570003C38F1FC000F3C79E3E001C79E79E7C37A
:10958000C1E79E73CF9FF9E3CEF3CF3FFCF3CFF358
:109590008E3FFC718FE39E781E7807E79E701E78E1
:1095A00007E79E718E78C7E79C73CE39E7E79C7317
:1095B000CE39E7E71CF3C039E7E73CF3C039E7EF02
:1095C0003CF38039E7CF38E38E79E70E00E38E79FC
:1095D000E71E61E38E79EF3CE1E78E79EF3CE1C76E
:1095E0009E71EE39E3C71C71C003C3CF1C71C00369
:1095F000C78F3CF1C007879E3CF3C00F0F1E38E3B6
:10960000C0061E3C79E380003E3C71E780007C7818
:10961000F1C78001F8F9E3C70003F1F1E387000324
:10962000C3E3C786000183C78F000000078F8F0048
:109630000000070F1E000000000E1C0000000000CC
:1096400000000000000000000000001FF800000003
:10965000001FF8000000001FF8000000001FF800C5
:109660000000001FF8000007FFFFFFFFE007FFFFFB
:10967000FFFFE00FFFFFFFFFF00FFFFFFFFFF00F07
:10968000FFFFFFFFF00000000000000000000000EE
:109690000001FFFFFFFF8001FFFFFFFF8001FFFFD1
:1096A000FFFF8001FFFFFFFF8001FFFFFFFF800141
:1096B000FFFFFFFF8001F8FC3F1F8001F0FC3F0F20
:1096C0008001F0FC3F0F8001F0FC3F0F8001F0FCB7
:1096D0003F0F8001F0FC3F0F8001F0FC3F0F800145
:1096E000F0FC3F0F8001F0FC3F0F8001F0FC3F0FCA
:1096F0008001F0FC3F0F8001F0FC3F0F8001F0FC87
:109700003F0F8001F0FC3F0F8001F0FC3F0F800114
:10971000F0FC3F0F8001F0FC3F0F8001F0FC3F0F99
:109720008001F0FC3F0F8001F8FC3F1F8001F8FC36
:109730003F1F8001FFFFFFFF8001FFFFFFFF800150
:10974000FFFFFFFF8001FFFFFFFF8000FFFFFFFF24
:109750008000000000000000000000000000000089
:1097600000000000000000000000000000000000F9
:1097700000000000000000000000000000000000E9
:1097800000000000000000000000000000000000D9
:109790000000000000F00000000007FC0000003C9A
:1097A0003FFF0000003FFFFF8000003FFFFFC000C1
:1097B000003FFFFFF000003FFFFFF800003FFFFF0A
:1097C000FC00003FFFF00000003FFFCFFFFFF83F2D
:1097D000FFDFFFFFFC3FFFBFFFFFFC3FFFFFFFFF7F
:1097E000FC3FFFDFFFFFFC1FFFF1FFFF7C07FFFFD8
:1097F0003FFF7C01FFFFDFFF7C00FFFFDFFBBC00C2
:109800003FFFDCFDBC00001FDB7DBC0000F19B7D49
:10981000BC0000FFFCFDBC0000FFFFFDBC0000FF22
:10982000FFFBFC0000FFFFFB7C0000FFFFFF7C0054
:1098300000FFFFFFFC0000FFFFFFFC0000FFFFFF39
:10984000FC0000FFFFFFFC00007FFFFFF800003F6F
:10985000FFFFF0000000000000000000000000001A
:1098600000000000000000000000000000000000F8
:10987000000000000000000000000000003FFFFFAB
:10988000FF80007FFFFFFFE000FFFFFFFFE000FF22
:10989000FFFFFFF000FFFFFFFFF000FFFFFFFFF003
:1098A00000FFFFFFFFF000FFFFFFFFF000FFFFFFE3
:1098B000FFF000FFFFFFE00000FFFFFF7FFFF8FF6A
:1098C000FFFEFFFFFEFFFFFFFFFFFFFFFFFDFFFFAC
:1098D000FFFFFFFDFFFFFFFFFFFDFFFFFFFFFFFD9E
:1098E000FFFFFFFFFFFDE7FFCFFFFFFDE7FFCFFF1C
:1098F000FFFDCFFFC7FFFFFD8FFFE3FEFFFD9CFED7
:1099000063FC7FFD9CFE73F83FFD9CEE73FC7FFDC6
:109910009CE673FFFFFD9CEE73FFFFFD9CFE73FF53
:10992000FFFD8EFE63FFFFFDCFFFE3FFFFFDC7FFDF
:10993000C7FFFFFDE7FFCFFFFFFDF7FFDFFFFFFDE5
:10994000FFFFFFFFFFFDFFFFFFFFFFFDFFFFFFFF2B
:10995000FFFFFFFFFFFFFFFEFFFFFEFFFFFFFFFF19
:10996000F8FFFFFFE00000FFFFFFFFF000FFFFFF39
:10997000FFF000FFFFFFFFF000FFFFFFFFF000FF21
:10998000FFFFFFF000FFFFFFFFF000FFFFFFFFE022
:10999000007FFFFFFFE0003FFFFFFF8000000000AF
:1099A00000000000000000000000000000000000B7
:1099B00000000000000000000000000000000000A7
:1099C0000000000000000000000000000000000394
:1099D000000E0000000F800F0000001F800F8000AD
:1099E000003F800FC000007F8007C00001FF8003A0
:1099F000E00003FF8001E00007FF8701F00FFFFF99
:109A00008780F01FFFFF87C0F01FFFFF83C0F81F94
:109A1000FFFF83E0781FFFFF81E0781FFFFF81E0F9
:109A2000781FFFFF81E0781FFFFF80F0781FFFFFA6
:109A300080F0381FFFFF80F0781FFFFF81F0781F54
:109A4000FFFF81F0781FFFFF81E0781FFFFF83E0B9
:109A5000781FFFFF87C0F81FFFFF87C0F00FFFFFD1
:109A60008780F00007FF8701F00003FF8203E0001A
:109A700001FF8003E00000FF8007C000003F800F6F
:109A80008000001F800F8000000F800F0000000387
:109A9000000E0000000000000000000000000000B8
:109AA00000000000000000000000000000000000B6
:109AB00000000000000000000000000000000000A6
:109AC0000000000000000000000000000000000096
:109AD0000003C00000000003C00000000003C0003D
:109AE00000000003C00000000003C00000000003ED
:109AF000C00600007003C00F00007800001F0000C7
:109B00007C00003E00003E07E03C00001E3FFC38A9
:109B100000000C7FFE00000000FFFF00000001FFBE
:109B2000FF80000003FFFFC0000007FFFFE0000010
:109B300007FFFFE0000007FFFFE000000FFFFFF05E
:109B4000000F8FFFFFF1F01FCFFFFFF3F81FCFFFD4
:109B5000FFF3F80FCFFFFFF3F0000FFFFFF000005F
:109B600007FFFFE0000007FFFFE0000007FFFFE046
:109B7000000003FFFFC0000001FFFF80000000FFA6
:109B8000FF0000000E7FFE3000001F3FFC78000049
:109B90003E07E07C00003C00003E00003800001E54
:109BA00000001001C00E00000003C0000000000310
:109BB000C00000000003C00000000003C00000005F
:109BC0000003C00000000003C0000000000000000F
:109BD0000000000000000000000000000000000085
:109BE0000000000000000000000000000000000075
:109BF0000000000000000000000000000000000065
:109C0000000000000000001FFFFFFFFFF81FFFFF24
:109C1000FFFFF81FFFFFFFFFF81FFFFFFFFFF81E0A
:109C200000000000781E00000000781E0000000008
:109C3000781E003F8000781E001FC000781E000FB5
:109C4000E000781E0107F000781E0183F000781E06
:109C500003C3F000781E03E7F000781E03FFF00056
:109C6000781E01FFF000781E01FFF000781E00FF53
:109C7000F800781E007FFC00781E003FFE00781E72
:109C80000000FF00781E00007F80781E00003F80EB
:109C9000781E00001F00781E00000E00781E0000D5
:109CA0000000781E00000000781FFFFFFFFFF81F74
:109CB000FFFFFFFFF81FFFFFFFFFF81FFFFFFFFF82
:109CC000F80001FFFF80000001FFFF80000001FF9E
:109CD000FF80000000000000000000000000000005
:109CE0000000000000000000000000000000000074
:109CF0000000000000000000000000000000000064
:109D00000000000000000000000000000000000053
:109D1000101010101010100000181800000012365B
:109D200024480000000000000000000000000000C7
:109D3000242424FE484848FE4848480000000010FB
:109D40003854545030181414545438101000000073
:109D500044A4A8A8A8541A2A2A2A440000000000F3
:109D600030484848506EA4948889760000006060AE
:109D700020C00000000000000000000000000204FD
:109D800008081010101010100808040200004020ED
:109D900010100808080808081010204000000000F3
:109DA000001010D63838D610100000000000000057
:109DB0000010101010FE1010101000000000000025
:109DC000000000000000000000606020C0000000F3
:109DD00000000000007F0000000000000000000004
:109DE00000000000000000000060600000000001B2
:109DF0000202040408081010202040400000000067
:109E0000182442424242424242241800000000000C
:109E1000107010101010101010107C0000000000C6
:109E20003C4242420404081020427E000000000030
:109E30003C42420418040202424438000000000080
:109E4000040C14242444447E04041E00000000007A
:109E50007E40404058640202424438000000000046
:109E60001C24404058644242422418000000000074
:109E70007E4444080810101010101000000000006C
:109E80003C4242422418244242423C00000000006E
:109E90001824424242261A02022438000000000020
:109EA0000000001818000000001818000000000052
:109EB0000000000010000000000010102000000052
:109EC00002040810204020100804020000000000D6
:109ED000000000FE000000FE000000000000000086
:109EE0004020100804020408102040000000000078
:109EF0003C424262020408080018180000000000FA
:109F000038445AAAAAAAAAB4424438000000000061
:109F10001010182828243C444242E70000000000AA
:109F2000F8444444784442424244F80000000000AF
:109F30003E42428080808080424438000000000021
:109F4000F8444242424242424244F80000000000CB
:109F5000FC424848784848404242FC00000000006B
:109F6000FC424848784848404040E000000000007B
:109F70003C44448080808E844444380000000000CB
:109F8000E7424242427E42424242E7000000000075
:109F90007C1010101010101010107C000000000039
:109FA0003E0808080808080808080888F0000000AB
:109FB000EE444850705048484444EE000000000011
:109FC000E0404040404040404042FE000000000071
:109FD000EE6C6C6C6C5454545454D6000000000069
:109FE000C7626252524A4A4A4646E20000000000F6
:109FF00038448282828282828244380000000000DB
:10A00000FC424242427C40404040E00000000000F0
:10A0100038448282828282B2CA4C38060000000034
:10A02000FC4242427C4848444442E30000000000B5
:10A030003E4242402018040242427C0000000000E0
:10A04000FE921010101010101010380000000000C8
:10A05000E74242424242424242423C00000000008B
:10A06000E742424424242828181010000000000071
:10A07000D692929292AAAA6C444444000000000036
:10A08000E7422424181818242442E70000000000A6
:10A09000EE44442828101010101038000000000072
:10A0A0007E840408081020204242FC0000001E109C
:10A0B00010101010101010101010101E0000004092
:10A0C0004020201010100808040404020200780840
:10A0D00008080808080808080808087800001C2272
:10A0E0000000000000000000000000000000000070
:10A0F000000000000000000000000000FF006010F1
:10A10000000000000000000000000000000000004F
:10A11000000000003C421E2242423F0000000000BE
:10A12000C040404058644242426458000000000071
:10A13000000000001C22404040221C0000000000E3
:10A14000060202021E22424242261B0000000000BC
:10A15000000000003C427E4040423C000000000005
:10A160000F1110107E10101010107C000000000065
:10A17000000000003E444438403C42423C000000A5
:10A18000C04040405C6242424242E70000000000A2
:10A19000303000007010101010107C000000000023
:10A1A0000C0C00001C0404040404044478000000A7
:10A1B000C04040404E4850684844EE000000000057
:10A1C000701010101010101010107C000000000013
:10A1D00000000000FE4949494949ED000000000027
:10A1E00000000000DC6242424242E7000000000042
:10A1F000000000003C42424242423C00000000009D
:10A2000000000000D864424242447840E000000070
:10A21000000000001E22424242221E0207000000EF
:10A2200000000000EE3220202020F8000000000096
:10A23000000000003E42403C02427C000000000062
:10A24000000010107C10101010100C000000000016
:10A2500000000000C642424242463B0000000000AF
:10A2600000000000E7422424281010000000000035
:10A2700000000000D79292AAAA4444000000000007
:10A28000000000006E24181818247600000000005A
:10A2900000000000E742242428181010E00000000D
:10A2A000000000007E44081010227E00000003041D
:10A2B0000404040408040404040404030008080853
:10A2C00008080808080808080808080808006010B6
:10A2D00010101010081010101010106000304C43B7
:10A2E000000000000000000000000000000000006E
:10A2F000000000000000000000000000000000005E
:10A30000000000000000000000000000000000004D
:10A31000000000000000000000000000000000003D
:10A32000000000000000000000000000000000002D
:10A33000000000000000000380038003800380030E
:10A340008003800380010001000100010001000181
:10A350000001000000000000000000018003C003B5
:10A36000C0018000000000000000000000000000AC
:10A37000000000073807380F780E701CE018C01076
:10A38000802100000000000000000000000000002C
:10A3900000000000000000000000000000000000BD
:10A3A00000000000000000000000000000000000AD
:10A3B0000000000000000000000408040804080475
:10A3C0000804087FFE7FFE08100810081008100817
:10A3D00010081008107FFE7FFE10201020102010A3
:10A3E000201020000000000000000000000000001D
:10A3F00000000000000080008003E00698088C1830
:10A400008C189C189C1C800E80078003C001E00003
:10A41000F000B8009C008C388C388C308C30881858
:10A42000B007E00080008000800000000000000015
:10A4300000000000000000000038086C18C610C6BC
:10A4400030C620C620C640C640C6806CB839EC0174
:10A450004401C602C602C604C604C60CC608441897
:10A460006C10380000000000000000000000000038
:10A470000000000000000000000F00198031803152
:10A480008031803180310033001E00187C38106C20
:10A49000104C10C620C620C320C3C0C1C260C27108
:10A4A000641E3800000000000000000000000000F2
:10A4B00000000038003C003C000C000C000800309C
:10A4C000006000000000000000000000000000002C
:10A4D000000000000000000000000000000000007C
:10A4E000000000000000000000000000000000006C
:10A4F00000000000020004000800100030002000EE
:10A500006000C000C000C0018001800180018001A6
:10A510008001800180018000C000C000C000600098
:10A52000600030001000080004000200000000007D
:10A5300000000040002000100008000C000400068D
:10A5400000030003000300018001800180018001FD
:10A5500080018001800180030003000300060006E3
:10A56000000C000800100020004000000000000067
:10A57000000000000000000000000000000080015A
:10A58000C001C00080388E3C9E1EBC03E0008003EA
:10A59000E01EBC3C9E388E008001C001C0018000DE
:10A5A00000000000000000000000000000000000AB
:10A5B000000000000000000000000000000000009B
:10A5C000800080008000800080008000803FFE00CE
:10A5D00080008000800080008000800080000000FB
:10A5E000000000000000000000000000000000006B
:10A5F000000000000000000000000000000000005B
:10A60000000000000000000000000000000000004A
:10A610000000000000000000000000000038003CC6
:10A62000003C000C000C000800300060000000003E
:10A63000000000000000000000000000000000001A
:10A64000000000000000000000000000007FFE008D
:10A6500000000000000000000000000000000000FA
:10A6600000000000000000000000000000000000EA
:10A6700000000000000000000000000000000000DA
:10A6800000000000000000000000000000000000CA
:10A69000000000000000000000000018003C003C2A
:10A6A0000018000000000000000000000000000092
:10A6B000000000000200060004000C000800180062
:10A6C00010003000200060004000C00080018001C8
:10A6D0000003000200060004000C0008001800102F
:10A6E000003000200060004000000000000000007A
:10A6F00000000000000000000003E006300C181805
:10A700000C180C18043006300630063006300630BF
:10A71000063006300630061804180C180C0C180603
:10A720003003E00000000000000000000000000016
:10A73000000000000000000000008001801F800178
:10A740008001800180018001800180018001800101
:10A7500080018001800180018001800180018003EF
:10A76000C01FF80000000000000000000000000012
:10A7700000000000000000000007E008381018206A
:10A780000C200C300C300C000C00180010002000C5
:10A7900040008001000200040408041004200C3F63
:10A7A000F83FF8000000000000000000000000007A
:10A7B00000000000000000000007C01870303030BA
:10A7C000183018301800180030006003C000700006
:10A7D000180008000C000C300C300C300830181831
:10A7E0003007C00000000000000000000000000072
:10A7F0000000000000000000000030007000700049
:10A80000F00170017002700670047008700870101A
:10A8100070207020707FFE0070007000700070006B
:10A8200070007003FE000000000000000000000047
:10A830000000000000000000000FFC0FFC080008F2
:10A840000008001000100013E01430181810080061
:10A850000C000C000C000C300C300C2018201810D0
:10A86000300FC000000000000000000000000000E9
:10A8700000000000000000000001F00308040C08C4
:10A880000C180018001000300031F036183C0C385D
:10A89000063006300630063006180618040C0C0682
:10A8A0001803E000000000000000000000000000AD
:10A8B0000000000000000000001FFC1FFC380830F2
:10A8C0001020102020002000400040008000800068
:10A8D00080010001000100030003000300030003E6
:10A8E0000003000000000000000000000000000065
:10A8F00000000000000000000007E00C30181830D5
:10A900000C300C300C380C1C180E1007E00DE01841
:10A91000703038601C600C600C600C600C301818D3
:10A920003007C00000000000000000000000000030
:10A9300000000000000000000007C01820301030A8
:10A94000186008600C600C600C600C601C303C18D7
:10A950006C0F8C000C00180018001830303060307C
:10A96000C00F800000000000000000000000000098
:10A9700000000000000000000000000000000000D7
:10A9800000000000000000018003C003C00180003F
:10A990000000000000000000000000018003C00370
:10A9A000C001800000000000000000000000000066
:10A9B0000000000000000000000000000000000097
:10A9C0000000000000000003000300000000000081
:10A9D0000000000000000000000000000000000374
:10A9E000000300010001000200020000000000005E
:10A9F000000000000000000004000800100020001B
:10AA00006000C00180030006000C00180030001830
:10AA1000000C0006000300018000C0006000200060
:10AA2000100008000400000000000000000000000A
:10AA30000000000000000000000000000000000016
:10AA4000000000000000007FFE0000000000000089
:10AA50000000007FFE000000000000000000000079
:10AA600000000000000000000000000000000000E6
:10AA70000000000000000020001000080004000694
:10AA8000000300018000C0006000300018000C00CE
:10AA9000180030006000C0018003000600040008B8
:10AAA0000010002000000000000000000000000076
:10AAB0000000000000000003E00C18100C1006302D
:10AAC00006380638063806000C00380060008001A1
:10AAD0000001000100010000000000018003C0032C
:10AAE000C001800000000000000000000000000025
:10AAF00000000000000000000003E00618080C1829
:10AB00000430F431B26132633263326632662266F7
:10AB1000226664666466A8333830021004180C0C90
:10AB20001803E0000000000000000000000000002A
:10AB3000000000000000000080038003800380020A
:10AB40008006C004C004C004C00C6008600860082F
:10AB5000601FF01030103010303030201820186096
:10AB600018F83E0000000000000000000000000097
:10AB70000000000000000000007FE01838181C18DA
:10AB80000C180C180C180C181818301FE01818188E
:10AB90000C180418061806180618061806180C18BB
:10ABA000187FF0000000000000000000000000001E
:10ABB00000000000000000000003E4061C080C1860
:10ABC000043002300220006000600060006000601D
:10ABD00000600060006000300230023004180C0C8D
:10ABE0001803E0000000000000000000000000006A
:10ABF0000000000000000000007FC0187018181846
:10AC00000C180C180C180618061806180618061842
:10AC100006180618061806180C180C180818181824
:10AC2000707FC00000000000000000000000000075
:10AC30000000000000000000007FFC180C18041841
:10AC400006180218001810181018301FF0183018C5
:10AC5000101810180018001800180218021804180C
:10AC60000C7FFC000000000000000000000000005D
:10AC70000000000000000000007FFE180E180218FF
:10AC800003180118001808180818181FF8181818C1
:10AC900008180818001800180018001800180018E4
:10ACA000007E000000000000000000000000000026
:10ACB00000000000000000000003C80E380808185B
:10ACC0000830043004200060006000600060006014
:10ACD00000603F600C600C300C300C180C180C0C31
:10ACE0001003E00000000000000000000000000071
:10ACF000000000000000000000FC7E30183018301A
:10AD0000183018301830183018301830183FF83014
:10AD100018301830183018301830183018301830F3
:10AD200018FC7E0000000000000000000000000091
:10AD30000000000000000000001FF80180018001F9
:10AD400080018001800180018001800180018001FB
:10AD500080018001800180018001800180018001EB
:10AD6000801FF8000000000000000000000000004C
:10AD700000000000000000000007FE00600060000E
:10AD800060006000600060006000600060006000C3
:10AD900060006000600060006000600060006000B3
:10ADA0006000600060706070C071803F0000000053
:10ADB0000000000000000000007E3E181818101867
:10ADC00020186018401880198019801B801DC01C35
:10ADD000C018E018601870183018381818180C18B7
:10ADE0000C7E3F000000000000000000000000009A
:10ADF0000000000000000000007E0018001800188D
:10AE00000018001800180018001800180018001882
:10AE1000001800180018001800180218021804186A
:10AE20000C7FFC000000000000000000000000009B
:10AE3000000000000000000000F81F381C381C381B
:10AE40001C383C2C2C2C2C2C2C2C6C2E4C264C26C0
:10AE50004C264C268C238C238C238C230C230C21F6
:10AE60000CF93F000000000000000000000000009E
:10AE7000000000000000000000F83E38083C082CEC
:10AE8000082C082E08260827082308238821882153
:10AE9000C820C820E82068207820382038203820B2
:10AEA00018F818000000000000000000000000007A
:10AEB00000000000000000000003C00C3018181053
:10AEC00008300C300C6006600660066006600660A4
:10AED000066006600660063004300C100818180C76
:10AEE0003003C0000000000000000000000000006F
:10AEF0000000000000000000007FF01818180C1877
:10AF0000061806180618061806180C18181FF01848
:10AF10000018001800180018001800180018001871
:10AF2000007E0000000000000000000000000000A3
:10AF300000000000000000000003C00C30181830B2
:10AF400008300C300460066006600660066006602B
:10AF500006600660066006278634CC384C18680CFC
:10AF60007003E00032003E001C0000000000000002
:10AF70000000000000000000007FE01838181C18D6
:10AF80000C180C180C180C181818301FE019C018E1
:10AF9000C018E01860186018701830183018381889
:10AFA000187E1E00000000000000000000000000ED
:10AFB00000000000000000000007E40C1C180C302A
:10AFC0000430043000300018001E0007C001F000FB
:10AFD00078001C000E0006200620061006180C1C27
:10AFE0001813F00000000000000000000000000046
:10AFF0000000000000000000003FFC318421864179
:10B0000082418201800180018001800180018001F4
:10B010008001800180018001800180018001800128
:10B020008007E000000000000000000000000000B9
:10B03000000000000000000000FC3E300830083036
:10B040000830083008300830083008300830083040
:10B050000830083008300830083008300810101C5C
:10B060002007C000000000000000000000000000F9
:10B070000000000000000000007C1F1804180418E5
:10B08000040C080C080C080C080610061006100723
:10B090003003200320032001C001C001C001C00013
:10B0A00080008000000000000000000000000000A0
:10B0B000000000000000000000FBCF618661846199
:10B0C000843184308431C431C831C831C832C81A9F
:10B0D000481A681A701C701C701C700C300820080C
:10B0E0002008200000000000000000000000000018
:10B0F0000000000000000000007E7C18101C100CF6
:10B10000200C200E40064007800380038001800150
:10B11000C002C002E004600460083008301018105B
:10B12000187C3E000000000000000000000000004D
:10B130000000000000000000007E3E3808180818DB
:10B14000100C100C300E2006200640034003400374
:10B1500080018001800180018001800180018001E7
:10B160008007E00000000000000000000000000078
:10B170000000000000000000001FFC18181018203C
:10B18000302070006000E000C001C0018003800337
:10B1900000070006000E000C001C041804380830DC
:10B1A000187FF80000000000000000000000000010
:10B1B00000000003FC020002000200020002000284
:10B1C000000200020002000200020002000200026F
:10B1D000000200020002000200020002000200025F
:10B1E0000002000200020003FC000000000000005A
:10B1F0000000000000000010001800180008000CFB
:10B2000000040006000600020003000100018001A6
:10B2100080008000C000400060006000200030001E
:10B2200010001800180008000C00040000000000C6
:10B230000000003FC00040004000400040004000CF
:10B2400040004000400040004000400040004000FE
:10B2500040004000400040004000400040004000EE
:10B26000400040004000403FC000000000000000DF
:10B2700000000001E0036004100808000000000066
:10B2800000000000000000000000000000000000BE
:10B2900000000000000000000000000000000000AE
:10B2A000000000000000000000000000000000009E
:10B2B000000000000000000000000000000000008E
:10B2C000000000000000000000000000000000007E
:10B2D000000000000000000000000000000000006E
:10B2E0000000000000000000000000FFFF00000060
:10B2F0000000001E000300008000000000000000AD
:10B30000000000000000000000000000000000003D
:10B31000000000000000000000000000000000002D
:10B32000000000000000000000000000000000001D
:10B33000000000000000000000000000000000000D
:10B34000000000000000000FC018603030303000F6
:10B350003001F00E303830303060306030603230E4
:10B36000F21F1C00000000000000000000000000B0
:10B370000000000000000008007800180018001805
:10B380000018001800180018F01B181C0C1C0618D8
:10B39000061806180618061806180618041C0C1EAF
:10B3A0001813E00000000000000000000000000092
:10B3B000000000000000000000000000000000008D
:10B3C0000000000000000003E00E301818181830CC
:10B3D0001830003000300030003004180418080C19
:10B3E0001003E0000000000000000000000000006A
:10B3F000000000000000000008007800180018009D
:10B400001800180018001807D80C38181818183029
:10B410001830183018301830183018101818380C28
:10B420005E07900000000000000000000000000027
:10B43000000000000000000000000000000000000C
:10B440000000000000000003E00C30181810083065
:10B450000C300C3FFC300030003000180418080E8F
:10B460001803E000000000000000000000000000E1
:10B47000000000000000000000007C01C301030385
:10B48000030300030003003FF8030003000300036D
:10B490000003000300030003000300030003000394
:10B4A000001FF0000000000000000000000000008D
:10B4B000000000000000000000000000000000008C
:10B4C0000000000000000003EE0C360818181818E1
:10B4D00018181808180C300FE0180018000FF00F9B
:10B4E000FC100E3006300630061C1C07F000000071
:10B4F0000000000000000008007800180018001884
:10B500000018001800180019F01B181C0C180C1853
:10B510000C180C180C180C180C180C180C180C180B
:10B520000C7E3F0000000000000000000000000052
:10B5300000000000000000000001C001C001C000C8
:10B54000000000000000801F800180018001800158
:10B5500080018001800180018001800180018001E3
:10B56000801FF80000000000000000000000000044
:10B57000000000000000000000001C001C001C0077
:10B580000000000000000801F80018001800180072
:10B5900018001800180018001800180018001800EB
:10B5A00018001800180018183018600FC0000000AC
:10B5B00000000000000000080078001800180018C3
:10B5C00000180018001800187C1830186018C018EF
:10B5D0008019801B801CC018E018601830183818BB
:10B5E000187E3E0000000000000000000000000087
:10B5F0000000000000000000801F80018001800129
:10B600008001800180018001800180018001800132
:10B610008001800180018001800180018001800122
:10B62000801FF80000000000000000000000000083
:10B63000000000000000000000000000000000000A
:10B6400000000000001000773839CC318C318C318B
:10B650008C318C318C318C318C318C318C318C3102
:10B660008C7BDE00000000000000000000000000F5
:10B6700000000000000000000000000000000000CA
:10B680000000000000080078F01B181C0C180C18B3
:10B690000C180C180C180C180C180C180C180C188A
:10B6A0000C7E3F00000000000000000000000000D1
:10B6B000000000000000000000000000000000008A
:10B6C0000000000000000003E00E38080C180C30E9
:10B6D0000630063006300630063006180C180C0C02
:10B6E0001803E0000000000000000000000000005F
:10B6F000000000000000000000000000000000004A
:10B700000000000000080079F01A181C0C1804183A
:10B710000618061806180618061806180C1C0C1E23
:10B720001819E018001800180018007E000000002A
:10B730000000000000000000000000000000000009
:10B740000000000000000003C40C3C181C180C3062
:10B750000C300C300C300C300C300C100C181C0C55
:10B760003C07CC000C000C000C000C003F0000005B
:10B7700000000000000000000000000000000000C9
:10B78000000000000006007E3C06660686070007F3
:10B790000006000600060006000600060006000679
:10B7A000007FE0000000000000000000000000003A
:10B7B0000000000000000000000000000000000089
:10B7C0000000000000000007E40C1C180C1804180E
:10B7D000000E0007C001F00038200C200C300C389F
:10B7E0001837F0000000000000000000000000001A
:10B7F0000000000000000000000000000001000147
:10B80000000100030007003FF803000300030003EA
:10B81000000300030003000300030003040304010A
:10B820008800F000000000000000000000000000A0
:10B830000000000000000000000000000000000008
:10B8400000000000000804783C180C180C180C18B4
:10B850000C180C180C180C180C180C180C181C0CC4
:10B860002F07C800000000000000000000000000DA
:10B8700000000000000000000000000000000000C8
:10B88000000000000000007E3C181818101C100C6E
:10B89000200C200E400640064007800380038003F2
:10B8A0000001000000000000000000000000000097
:10B8B0000000000000000000000000000000000088
:10B8C00000000000000000FBEF71C630C431C4313D
:10B8D000C419C819C81A681A680E700E700E700460
:10B8E0002004200000000000000000000000000014
:10B8F0000000000000000000000000000000000048
:10B90000000000000000003F7C0E100E2007200306
:10B9100040038001C001C002E00660043008301816
:10B92000187C7E0000000000000000000000000005
:10B930000000000000000000000000000000000007
:10B94000000000000000007E3E181818100C100CBB
:10B95000100C200620062003400340034001800114
:10B9600080018001000100010032003C0000000065
:10B9700000000000000000000000000000000000C7
:10B98000000000000000003FF83030207020600010
:10B99000C001C00180030007000E040C041C0C3819
:10B9A000183FF80000000000000000000000000048
:10B9B000000000000C0010002000200020002000EB
:10B9C00020002000200020002000200040018000F6
:10B9D0004000200020002000200020002000200047
:10B9E000200020002000200010000C00000080003B
:10B9F0008000800080008000800080008000800047
:10BA00008000800080008000800080008000800036
:10BA10008000800080008000800080008000800026
:10BA20008000800080008000800080008000000096
:10BA300000000030000800040004000400040004BA
:10BA4000000400040004000400040002000180025D
:10BA500000040004000400040004000400040004C6
:10BA60000004000400040008003000000000001C76
:10BA700000230061024086004400380000000000FE
:10BA800000000000000000000000000000000000B6
:10BA900000000000000000000000000000000000A6
:10BAA00000000000000000000000000000C9B5B167
:10BAB000C6CEE2C1FAB8D500000000400880097C7B
:10BAC0000AA81268139031F05118128814F011A0CE
:10BAD000124014B0131E00000000000001F0180016
:10BAE00001F0012010C0307813C823E812901370C1
:10BAF0006C0003C0007C00000000000000E0076054
:10BB00000440078000000780010003F81F00028046
:10BB100004600830101E00000000000003600230C6
:10BB2000020003E01F0005300520054008800902DF
:10BB3000130260FE0000000000000000000C0784FB
:10BB400038A423242B24252424A42AA4328420844A
:10BB50002184010C0008000000000000000000002B
:10BB6000000060000000700000C0600000E04000C5
:10BB700000E087C000C0F8E0018F0EE001848CC0B7
:10BB8000010678C003063C8002064D800602018053
:10BB90000F03FF000902000019020380310701C0F2
:10BBA000210660C0010CCC000110F60001018600E6
:10BBB00003038C0003064C00030C38000318380004
:10BBC00003206C000300C700030383E0020C01FEA6
:10BBD0000000000000000000000000000000000065
:10BBE000000000000000020000007F800607F00057
:10BBF0000380000001800C0000807F0000038600AD
:10BC00000003040000011C000001E0000700000028
:10BC10003F8007800301FFE0021E61C0020C61C08B
:10BC2000020CFD80020DE180030C6180010469803B
:10BC30000107F700010403007FC000003078000016
:10BC4000000F80000001FFFC00007FF000000F806B
:10BC500000000000000000000000000000000000E4
:10BC600000000000000000000000780000CFFC0091
:10BC700000701C0000601800002030000030300010
:10BC8000003FF800003800000000000000007000D5
:10BC9000001FF800003E00000003000000030380C6
:10BCA0000003FFE001FF80000FC7000000068000D6
:10BCB000000C4000000C60000018300000301C0038
:10BCC00000600E0000C00F80018007F0060001F840
:10BCD0000000000000000000000000000000000064
:10BCE0000000000000000000000E000000061E0022
:10BCF00000060E000006020000040000000C000018
:10BD0000000CFC00000FF00003FD00000189800022
:10BD1000001986000019870000110E0000311C0078
:10BD200000311800006130000061600000C1C008EF
:10BD30000081800801830008030700080619801CA1
:10BD40000C00C1FC1000FFF800003F800000000064
:10BD500000000000000000000000000000000000E3
:10BD60000000000000000080000000600000007083
:10BD7000000780600FFFC0600601806004018C60D6
:10BD8000040D8E20040D84200519842004D98420FC
:10BD9000045984200471842004318420047984208F
:10BDA00004598420048D8420058D80200C0180207E
:10BDB0000C0180200C0180300C0780300003827061
:10BDC000000101F0000100E0000000600000004000
:10BDD00000000000000000000010F000F000011B57
:10BDE000179C179C179C179C179C179C179C179CBB
:10BDF000179C179C179C179C179C179CF79B179CCC
:10BE0000F79B169416941694F69BF69BF69BF69B5E
:10BE1000F69BD69BD69BD693B69BB593959395935D
:10BE200096937693769376937693769376937693AA
:10BE300075937593758B758B758B758B558B558B32
:10BE4000558B558B558B558B7593558B758B968B69
:10BE500096839683968396839683968B768B75933B
:10BE600075937593759395939593959396939693F0
:10BE7000969396939693969396939693B69396935A
:10BE8000B593B593B593B6939693969396939693ED
:10BE9000969396939693968B968BB68BB793D793F0
:10BEA000B79375937593959B5593F4829372515AFA
:10BEB000F0498E392D294D296E292C212C196C2100
:10BEC0008C216C214C212D192D190D190D192D19AD
:10BED0004D214C214C214C192C192C192C192C19A1
:10BEE0002C214D216D29AE29AF31AF318F318F31EA
:10BEF0008F31AF31AF39AF39AF39AF39CF39CF41EA
:10BF0000CF41CF41CF41CF41CF41F0493152725A59
:10BF1000726292629262D36A1473357B147B147BD3
:10BF2000147B5583357B357B5583558376837683A8
:10BF30007683968B958B74835483748B748B748BFC
:10BF4000548B5483348334833483147BF47A147B8A
:10BF5000147B147B147B147B147BB372726251626A
:10BF6000D372557B5583347BD372F47AF47AF47AA6
:10BF7000D37AF482F482B37A31727282928AB28A6C
:10BF800095A398BCF9C4F9C459CDBAD53BDE3BD6CC
:10BF90005BD65BD63BD63BD63CD65CDE3BDE3BDE9F
:10BFA0003CDE3CDE3CDE3CDE3CDE3CDE3CDE3CDEC1
:10BFB0003CDE3CDE3CDE3CDE3CDE3CDE3CDE3CDEB1
:10BFC000169C169C169C169C169C169C169C169CE1
:10BFD000F79BF79BF79BF79BF79BF79BF79BF79BD1
:10BFE000F79B179417941794F79BF79BF69BF69B78
:10BFF000F69BD69BD69BD693B69BB693959395937B
:10C000009693969396939693769376937693769368
:10C0100075937593758B758B758B758B558B558B50
:10C02000558B558B558B558B7593558B758B768BA7
:10C03000968B968396839683968B968B768B759349
:10C04000759375937593959395939593969396930E
:10C05000969396939693969396939693B693969378
:10C06000B593B593B593B69396939693969396930B
:10C0700096939693969396939693968BB68BB69348
:10C08000B793969395937593F382516AF059AF41A4
:10C090006E392D29EC200C212D210C190C194C2165
:10C0A0006D214D214D212D190D19EC18EC10EC10BE
:10C0B000EC10EC100C192C192C194D216D216D214F
:10C0C000AE29AE298E296D294D214D212D212D21FD
:10C0D0004E296E298E318E318E318E318E318E31D8
:10C0E0008E316E316E318E39AF41CF41EF49104AFA
:10C0F000104A105210521052105A105A105A315AF7
:10C10000926A926A72627262926AB36A147B357B37
:10C1100035835583558354835483758B958B958BC9
:10C12000758B958B758B5483558355833583147B21
:10C13000147BF47AB372B372F47A147BD372726A9A
:10C14000EF515162D372147BF47AF47AF47AB372B9
:10C15000B372B37AB37A937A727A527A52827282D3
:10C16000D28AB5A377B4F8C418C5BACDFBD53BD6EF
:10C170005BD65BD63BD63BD65CDE5CDE3CDE1BD6BC
:10C180003CDE3CDE3CDE3CDE3CDE3CDE3CDE3CDEDF
:10C190003CDE3CDE3CDE3CDE3CDE3CDE3CDE3CDECF
:10C1A000169C169C16941694F69BF69BF79BF79B91
:10C1B000F79BF79BF79BF79BF79BF79BF79BF79BEF
:10C1C000F79BF79BF79BF79BF79BF79BF79BF69BE0
:10C1D000D69BD69BD69BD69BB69BB69396939693AF
:10C1E000959395939693959396939593758B758B5D
:10C1F000758B758B758B758B558B558B558B558BBF
:10C20000558B558B558B5593559355935593768BED
:10C21000768B768B968B968B768B968B768B758BB7
:10C2200075937593958B958B958B958B969396932C
:10C230009693B693969396939693B693B693B69336
:10C24000B693B593B593B693B69396939693969308
:10C250009693969396939693969396939693969396
:10C26000969376937593348B9272AF514E390D310C
:10C270000C29EB20CC180D212D210C190C192C198F
:10C280004D192D190D190D19ED10EC10CD10CC1004
:10C29000CC10CC10EC100C192D196D216D218D29AD
:10C2A0006D294D212C210C190C190C192D214D2112
:10C2B0002D210C21EC20EC180C212D294D294D2984
:10C2C0002D294D292D312D292D314D314D318E39CD
:10C2D0006E398E398E418E418E41AE41AF49CF4984
:10C2E000105A315A105A315A7262B36AF47A157B75
:10C2F0005583758B9693D693D693D693B693959391
:10C30000758B558B558B558B558B55833483348367
:10C310001483147BF47AF37AB272726A9372F47AA9
:10C32000B26AF059CF515162D372D372F47AF47A6F
:10C33000D47AB37A52727272B382527A517A517A43
:10C340005072B182D5A3D8BCF8BC9ACDDAD53BD611
:10C350003BD65BD65CD65CD65CDE5CDE3CDE1BD6B8
:10C360003CDE3CDE3CDE3CDE3CDE3CDE3CDE3CDEFD
:10C370003CDE3CDE3CDE3CDE3CDE3CDE3CDE3CDEED
:10C380001694169416941694F69BF69BF79BF79BBF
:10C39000F79BF79BF79BF79BF79BF79BF79BF79B0D
:10C3A000F793F79BF79BF79BF79BF793F79BF79B0D
:10C3B000D79BD79BD79BD69BB69BB69396939693CA
:10C3C00095939593959395939593958B958B958B45
:10C3D000758B758B758B758B558B558B558B558BDD
:10C3E000558B558B558B5593559355935593559325
:10C3F000768B768B768B768B768B768B758B758B37
:10C40000958B958B958B958B958B958B968BB69302
:10C410009693B693B69396939693B693B693B69334
:10C42000B693B593B693B693B6939693968BB6930D
:10C43000B693959395939593959396939693969398
:10C44000558B558B348BF37A51628F490D31EC2823
:10C45000EC28EC200D212E214E210D190C190D195F
:10C460000D190D19ED10EC10EC10CC10ED10ED18AD
:10C470000D190D190D190D190D192C192C192C192F
:10C48000EB10EB10EB10EB10EB182C214D216D296C
:10C490002C212C210C21EC20EC200C210C210C2136
:10C4A0000C292D292D290C29EC28EC280C292D31BB
:10C4B0004D396E39AE41EF4930521052EF49CF49F4
:10C4C000CF51F051F051F051105A31625262726AFC
:10C4D000B272B372D37A14835483758B9593B693E7
:10C4E0009693758B9593B6939693758B348334831B
:10C4F000148314831483147BF47AD37AB372726A2C
:10C50000726A305AF059CF51105A516AD47A358331
:10C510003583F47A72725272B382727A527A92824C
:10C52000717A7072338B97B419C57ACDBACD1BD698
:10C530001BD63CD63CD63CD65CDE5CDE3CDE1BD655
:10C540003CDE3CDE3CDE3CDE3CDE3CDE3CDE3CDE1B
:10C550003CDE3CDE3CDE3CDE3CDE3BDE3CDE3CDE0C
:10C56000F693F693F693F693F693F693F693F69383
:10C57000F693F693F69BF69BF69BF69BF69BF69B43
:10C58000F793F793F79BF79BF79BF793F79BF79B33
:10C59000F79BF79BD79BD693B693B693B693B69378
:10C5A0009593B593B593B5939593958B958B958B03
:10C5B000758B758B758B758B558B558B558B558BFB
:10C5C000558B558B5593559355935593559355933B
:10C5D000559356935693768B768B758B758B958B7F
:10C5E000958B958B958B958B958B968BB68BB68B08
:10C5F000B68BB693B6939693B693B693B693B6931B
:10C60000B593B593B693B693B693B68B968BB68B1C
:10C61000B58BB593959395939593969B75937593D9
:10C62000148B348B1483B26A10526E410D31ED2895
:10C630000D290D212D212E212E210D19EC18EC1084
:10C64000EC10EC10EC10EC10EC10EC100C112D199F
:10C650002E192E190E190E19ED18EC10EC10EC1005
:10C66000CB10EB10EB180C190C190B19EB18EB187D
:10C67000EB180C210C210C210C210C210C290C296C
:10C680000C292D292D312D294D314D312D312D31B3
:10C690002D312D312C316D39AF41EF4910523052CF
:10C6A000315A315A516251625162726A9372B37255
:10C6B000D372B372B372D37AF37A137B3483548B0D
:10C6C000558B7593758B558B358B558B558B35836A
:10C6D000358B1483F482148314831483B372516AE8
:10C6E0001062716A716AF059F059CF513162B372B8
:10C6F000F47A147BB37A7272727A727A317292829D
:10C70000F38A917A907AB49BD8BC39C579C5DACDD1
:10C71000FBD53BD63CD63CD63CD65CDE3CDE3BDE95
:10C720003CDE3CDE3CDE3CDE3CDE3CDE3CDE3CDE39
:10C730003CDE3CDE3CDE3CDE3CDE3BDE3CDE3CDE2A
:10C74000F693F693F693F693F693F693F693F693A1
:10C75000F693F693F69BF69BF69BF69BF69BF69369
:10C76000F693F793F79BF79BF79BF793F793F69B5B
:10C77000F79BF69BD793D69BD693D693B693B69357
:10C78000B593B593B593B58BB58B958B958B958BF1
:10C79000958B958B758B758B558B558B558B558BD9
:10C7A000558B558B558B558B559355935593559369
:10C7B0005593559355935593758B758B758B958BB9
:10C7C000958B958B958B958B958BB68BB68BB68B06
:10C7D000B68BB68BB68BB58BB693B693B693B59333
:10C7E000B593B593B693B693B68BB58BB58BB58B26
:10C7F000B58BB58B95939593959375935593148BB2
:10C80000148B3483F372305A8E412D31EC28EC2096
:10C81000EC20EC20EC180D19ED18EC10EC10CC10FD
:10C82000EC10EC100C110C11EB10EB100C110D199D
:10C830000D190D190E19ED18ED10ED10ED10EC108D
:10C84000EC180C190C192C212C21EB18CB10AA1068
:10C85000EB18EB180C210C210C212C294D294D3102
:10C860004D316E318E396E316D316D316E398E399B
:10C870008E398E398E418E418E418E416E398E4178
:10C88000CF49F051316272627262926AB372D372AE
:10C89000B372B37AF47A3483558B558B558B758B81
:10C8A000558B348B1483F482F482148314831483A1
:10C8B000358BF48214831583D37A9372B37AD37A47
:10C8C000D37AB372726A516A3162AE516E49D059ED
:10C8D0003162926AD37AB372727272721172717A21
:10C8E000F38A917A0F6AD18216A4B7B439C59ACD6A
:10C8F000DACDFBD51BD61BD63BD63CDE3BDE3BDE82
:10C900003CDE3CDE3CDE3CDE3CDE3CDE3CDE3CDE57
:10C910003CDE3CDE3CDE3CDE3CDE3BDE3CDE3CDE48
:10C92000F693F693F693F693F693F693F693F693BF
:10C93000F693F693F693F693F693F693F693F693AF
:10C94000F693F693F79BF79BF693F693F793F6938C
:10C95000F693F693F693D693D693D693D693D59330
:10C96000B58BD58BD58BB58BB58BB58BB58B958BA7
:10C97000958B958B758B758B558B558B558B558BF7
:10C98000558B558B558B558B558B558B558B55939F
:10C990005593559355935593559375937593958BDF
:10C9A000958B958B958B958B968B968BB68BB68B43
:10C9B000B58BB68BB68BB58BB58BD58BD593D59305
:10C9C000B593B593D593D58BD68BB58BB58BB58BEE
:10C9D000B58BB58BB5939593959375933493F38AF3
:10C9E0001483F47A71628E390C29EC20EC20EB2050
:10C9F000EB18EB18EB18EC18CC10EC180C19EC1821
:10CA0000EC10EC100C110C190B190B190B190C195B
:10CA10000C110C11EC10ED10ED10ED18ED18ED18D7
:10CA2000ED180D190D192D190C212C210C190C19AB
:10CA30002C216D296D298E316E316E316D314D3164
:10CA40006E31AF39CF418E396D316E398E39CF416C
:10CA5000CF41CF41AE41AE41AE41AE41AE41AF411B
:10CA6000EF51F0517262926A926AB372B372B3720A
:10CA7000D37AD47AF482348B558B9593B693B6934C
:10CA800096937693769396937693348BF482F4828E
:10CA9000D482F482F482F482D4821483158BD47A03
:10CAA000D37AB37A7272516A105AEF598E514D414E
:10CAB0006E49CF515162B372B37292725272317237
:10CAC000B27AB27A306A7072538B56ACF8BC59C5E0
:10CAD0009ACDDBCDFBD5FBD5FBD51BD61BD63CDEDB
:10CAE0003CDE3CDE3CDE3CDE3CDE3CDE3CDE3CDE76
:10CAF0003CDE3CDE3CDE3CDE3CDE3BDE3CDE3CDE67
:10CB0000F693F693F693F693F693F693F693F693DD
:10CB1000D693D693D693D693D693F693F693F6936D
:10CB2000F693F693F69B1694F693F693F693F69394
:10CB3000F693F693F693F693D693D693D693D5932E
:10CB4000D58BD48BD48BB58BB48BB48BB58BB58B89
:10CB5000958B958B758B758B758B558B558B558BF5
:10CB6000558B758B758B548B548B748B758B748B29
:10CB70005493559355935593759375937593958BDE
:10CB8000958B958B958B958B968B968BB693B58B5A
:10CB9000B58BB58BB58BD58BD58BD58BF58BD58BD5
:10CBA000D593D593D58BD58BD58BD58BD58BD58B75
:10CBB000B58BB58BB58B9593959B959B5593148BA6
:10CBC000D382B272CF49EC28AB18EB18EB18CA1815
:10CBD000EA18EA18EB18EB18EB182C192D210C1990
:10CBE000EC18EC10EC100C192C192B192B192B1913
:10CBF0002B190B190C190C19EC10EC10CC10CC10D3
:10CC00002D210D190D190D190C192C214D214D2116
:10CC10004D294D294D294D294D296D296E316E31F2
:10CC20006E31AF39AF41AF39AE39CF41CF41EF416E
:10CC3000F049EF41CF41EF493052515251523152F8
:10CC4000715A5162B36AB36A926AB372D37AD47A70
:10CC5000D37AD37AD37AF37A14833483758B758B32
:10CC600096939693969396939693969376935593DD
:10CC7000358B158B158BF482937A937A158B56939B
:10CC8000358B9372316A316AF0591062F0598E49CE
:10CC90002D412D41AF51726AF37AD37AB37A517232
:10CCA0003172B27A917A7072D18236ACB8B439C529
:10CCB0007ACDBBCDFBD5FBCDFBD51BD61BD63CDE41
:10CCC0003CDE3CDE3CDE3CDE3CDE3CDE3CDE3CDE94
:10CCD0003CDE3CDE3CDE3CDE3CDE3BDE3CDE3CDE85
:10CCE000D693D693D693D693F693F693F693F6937C
:10CCF000F693D693F693D693D6931694F693F6932B
:10CD0000F693F693F693F693F693F693F693F693DB
:10CD1000F693D693F693F693D68BD68BF693D58B64
:10CD2000D48BF58BD48BB48BB4839483948B948BFA
:10CD3000B58B5483958B958B758B558B7593348BF5
:10CD4000548B548354833383748374837483948B9C
:10CD5000748B748B7493548B549375937593758BF8
:10CD6000958B758B758B9593758B9693758BB5930A
:10CD7000958BD68BD58BB483F58BF48BD483D48BE6
:10CD8000B48BD48BD48BD48BB483D483F58BD483E2
:10CD9000D583B483D58BB593959395935593148B85
:10CDA000D37A71628E41EB208A10AA10EA18E91832
:10CDB000E918C918E918A910EA100B19EB18EB18B3
:10CDC000CB10CB10EB100B190B190A190A190A1901
:10CDD0002A194B19EA182B19CB10EC18ED18CD189D
:10CDE0004E212E210D190D19CC180D216E296D29FA
:10CDF0002D214D294D294D294D296E316E318E3110
:10CE00008E398E39AE39AF39AF41CF41CF41CF41A5
:10CE1000EF41EF49EF49104A5152925A925A9262A9
:10CE2000B262B36AB36AB372B372B372B372B372FB
:10CE3000D372D372B37AB372D37AF47A34833583EC
:10CE40009693969376939693B69BB69BB69B969B3A
:10CE500096937593358BF482D382B37AD482358BD3
:10CE6000358B937A7272526AF06110623162CF51DF
:10CE70006E492D416E49105AF37AD37AD37A927261
:10CE8000316A927AB27A7072917AB49B77B419C58A
:10CE90005AC59BCDDBD5DBCDFBD51BD61BD63CDEE7
:10CEA0003CDE3CDE3BDE3BDE1BD61BD63BDE3BDE08
:10CEB0003BDE3BDE3BDE3CDE3CDE3CDE3CDE3CDEA5
:10CEC000D693D693D693D693F693F693F693D693BA
:10CED000D693F693379CF693B58BD58BF693F58B5B
:10CEE000D58BF58BD58BD58B1694579C3694F58BBB
:10CEF000D58BD58BD58B16941594D58BF58B158C3E
:10CF0000F48BD483F48BB4839483D58BB58B958BBE
:10CF1000958BB693758B758B9593548B548B958BA2
:10CF2000748B9483337B737B73839483D48BD48B84
:10CF300094837383B593748BB59B9593338B548B88
:10CF40009593758B758B548B558B758B958B958BBA
:10CF5000958BF68B158CF58BF483F483F483D38354
:10CF6000F48BB48BD48B158CD483B483D483D483C7
:10CF7000D483F58BF58B7383948B338B548B548BC9
:10CF8000916AAE494D31EC20CB180B19E910091903
:10CF9000E818C810C810A808E9100A19A910A910A3
:10CFA000EA100A110A11EA10E910E9100911E81053
:10CFB000291929194A192A19A9082C210C190D19FE
:10CFC0004E214E210D192E21CC180C19AF314D21B7
:10CFD0004D294D294D294D294D296D296E316E312F
:10CFE0006E31AF39AF418E398E39AE39CF41CF4135
:10CFF000EF49EF41CF41EF493052715AB262D36AE3
:10D00000B36AD36AF472D372B36A926A936AB372E0
:10D01000926AB272D372F37AD372D372F37A147BB8
:10D020001483558B768B9693B693B69BB69BB69B23
:10D0300076937693569355935593158BB37A727274
:10D040009372358BF4827272526A1162CF59105A00
:10D05000105AF059AF51AF51F059B372D37AD37A15
:10D060007272516A7172917A9172B17AF6A3D8BCD8
:10D0700019C539C5BBCDFCD5FBD53CDE5CDE3CDE3D
:10D080003CDE3CDE3CDE3BDE1BD61BD61BD63BDE4D
:10D090003BDE3BDE3BDE3CDE3CDE3CDE3CDE3CDEC3
:10D0A000B693D693D693D693D693D693D693D69358
:10D0B000F693D693F693179416941694D58B158CF5
:10D0C00096A4D7ACF8ACF8ACF8AC19AD39B539B515
:10D0D00018AD18AD39ADF7A4F8A438ADB69CF7A4D7
:10D0E000F8A4969C979CF9ACB8A477A478A4F6937E
:10D0F000B593548B758B758B548B54833383958B7D
:10D10000948B369CF9AC5694779C779CB7A4569434
:10D110003594569C948B7383948B1383748B959363
:10D12000759375939693759375935593959395937E
:10D13000D593579C39AD7AB518A517A518A518A58C
:10D1400039B539B539B539B5F8ACF8A4F8A4F9A4AE
:10D15000F8A4979C159493837383127B3383B16AED
:10D16000AD49AD41CB208A100F427463315B7163CE
:10D17000916B7163315B315B5263736B53633263E9
:10D1800052637263936B72635263315BF052AE4AC7
:10D190002C3AAA298A294A21E910EA184C210C19AB
:10D1A000CB102D212D212D214D214E210D190D2189
:10D1B0002D210D210D212D212D292D294D296D31B7
:10D1C0008E39CF39F041F041CF41AF41AE41AE4150
:10D1D000AE41F049305230523052F049EF49EF49F8
:10D1E0001052305A51629262D372F472147BF47A04
:10D1F000147BF47AD472F47A147B347B147BF47A43
:10D20000147B35835583558B558B558B559355938F
:10D210005593558B358B148B158B1483F482D37AED
:10D22000B37A937AD482158B148BB37A11628E51B0
:10D230006E496E49AF51EF598E493162726A516A37
:10D24000B37A7272306A5172917A707A539316A4DB
:10D25000B8B4F9BC7AC5DBD5FBD51CDE5CDE3CDEA0
:10D260003CDE3CDE3CDE3BDE1BD61BD61BD61BD693
:10D270003BDE3BDE3BDE3CDE3CDE3CDE3CDE3CDEE1
:10D28000B693B693D693D693D693D693D693D69396
:10D29000F6931694F693F693F58BD48B569C7BBD40
:10D2A0007EDE9EDEDFE6DFE6DFE6DFE6DFE6FFE6E8
:10D2B000DFDE1FE7FFDEFFDEFFE6FFE63FEF1FE7F3
:10D2C000FFE6FFE6FFEEBFE6BFEE1ED678A4D693DC
:10D2D000958B758B758B3483748B748B748BB48B3B
:10D2E000F48BF48B5ED6BFE6FFE6DFE6FFE6BFDE3B
:10D2F000FFE67EDEF48BF58B527B5383548B959344
:10D30000959375937593B69B969B5593548B748B9D
:10D31000B58B1594DCC51FE7FFDE5FE73FE71FE72E
:10D320005DD67EDE7EDE9FDE9FDE9FDE7ED6BFDEAA
:10D33000DFE6BFDE9EDE5DD6BBC5779C527B8C41AF
:10D340000A290B29EB20CB182B21125B7EC63FDF6D
:10D350003FDFFED6FED61FD79ECE3DC61DBE1DBEEC
:10D36000FDBD3DBE3DBE5DBE5EC67EC67DC65DC624
:10D370007DC6BDCE9DCEBAAD357C115BCC314B2187
:10D380002B194C21EB100B192C210C192D216E2976
:10D390004E292D210D212D212D294D296E318E3122
:10D3A0006E316E318E39AF39AE396D314D316E39E6
:10D3B0006E39AF41CF49CF49AF41AF41EF4930520C
:10D3C0001052515A72629262B26AD36A1473357BF8
:10D3D000357B558376835583357B558355835583BC
:10D3E000558335833483147B14833583558B558B58
:10D3F000358B358B348B358B358B14831483358B80
:10D40000F48272727272F482158BD482727210621C
:10D41000AF518E518E518E51AF51AF51CF59516A8C
:10D420009272B37A7172306A5172917A917A53938F
:10D4300016A4D9BC3AC59ACDDBD5FBD51BD65CDE8C
:10D440003CDE3CDE3CDE3BDE3BDE3BDE3BDE3BDE11
:10D450003BDE3BDE3BDE3CDE3CDE3CDE3CDE3CDEFF
:10D46000B693B693B693B693D693D693D693D693F4
:10D47000F6931694F693D58BD48BF58BB8A49BBDFD
:10D48000FCCD9ABD18ADD79CD7A418A518A518A592
:10D4900039A539AD59AD79AD59ADDBBD1FE75FEFAA
:10D4A000FFE6DFE6DFE6BFE65BBDB58B748B9593E9
:10D4B000B693758B3483B693748B7483F59393838F
:10D4C000927BDBC5DFE61FEFDFE67DD6FFE61FEFD1
:10D4D0003FEF1FE77DD65594937BB48374837483A9
:10D4E000B6937593558B969B969B95939693B59310
:10D4F000B48BB48318A51FDF7FEF9FEF7FE7BDD606
:10D50000D79C5694F48BF48BF48B3594B79C5AB516
:10D51000DBC57ED61FEFDFDEFFE6BFDE39ADAB3900
:10D520000921EA18CA18CB18EA188C29FBAD3ED796
:10D530005FDF1ED75FDF1FD7D78CF05A8F4A4F426D
:10D540002E3A2E3A6F42B04A125B936BF4735584B5
:10D55000189D7DC6BECEFED67FE7FED65CBE99ADD9
:10D5600072638C294B214B214C212C21EB182D214E
:10D570004E292D210D212D212D294D294D296D318A
:10D580006D316E31CF41314A104AAE416D394D3166
:10D590006E398E41AE41CF491052315A515A7262A2
:10D5A00092627162515A515A9262B362D36AB26204
:10D5B000D36AB262D36A357B768355837683B78B21
:10D5C000968B55833583147B14831483348314839F
:10D5D0001483148314833583558B35831483148308
:10D5E000358BF4827272F061116AD482148B937A53
:10D5F000526AF059AF518E494D410C39CF51726A80
:10D60000526A326A52725172306A51725072917A11
:10D61000538B57B419C57ACDBBCDDBD51BD63CDEB9
:10D620003BDE3BDE3BDE3CDE3CDE3CDE3CDE3CDE2D
:10D630003BDE3BDE3CDE3CDE3CDE3CDE3CDE3CDE1C
:10D64000B693B693B693B693B693B693D693D69352
:10D65000F693B58BD58BF58BB483D4835694969C77
:10D66000348C348C348C1484348C558C558C3584A7
:10D67000F47BF37B3484147C38A5FFDE3FE73FE77F
:10D680007FEFFFE61CCE5694737BB58BB593958BDD
:10D69000758B758B958BB6935483B58B9483B383BD
:10D6A000BABDDEDE1FE75CCEF38BD2831BC61FE75D
:10D6B0001FE75FEF1FE77DCE18A5937BB483D58B63
:10D6C000958B95937593348B75935593F7A3179C0E
:10D6D000D58BD4837594DED65FE71EDF7FE79CCEC3
:10D6E000D383727BB483158C937BB383B37BB37B7F
:10D6F000B27B13845CCE3FE75FEF1FE7DFDE147C75
:10D700000919EA18EB18AB18EA186B211BB67EDF73
:10D710005ED71DCF7FDFFED67163E810C810C91039
:10D72000EA18EA10CA10EA10CA10C910C910E910A4
:10D7300009196A212C3A547C5BBE3FDF9FE7FED675
:10D74000FFD6DBAD315B2A192A192B21CB100C191E
:10D750000D210D210C210C210C21EC20EC20EC20C2
:10D76000CB200C298E39CF41EF41CF41CF41EF493A
:10D77000105231523052515A715A9262B26AD36A7F
:10D78000D36AB26271621052EF49EF493052515A76
:10D7900051529262D36AD36AF472557B7683558371
:10D7A000558355835583558355831483148314837C
:10D7B00014831483F37AF37A1483147BF37AD37A81
:10D7C000D47A358BD4825272316AD061116A158B4A
:10D7D000568B358B31628E518E492D414D418F5183
:10D7E000116252727272727A927A5172717A707A8E
:10D7F000B17A949BF9BC9BCD9ACDDBD53CDE1BD690
:10D800001BD61BD63BDE3CDE3CDE3CDE3CDE3CDE9B
:10D810003CDE3BDE3CDE3CDE3CDE3CDE3CDE5CDE19
:10D8200096939693B693B693B693B693B693D68BD8
:10D83000D68BF593579C3AB5FDCD5ED67EDE7ED66F
:10D84000BEDE9DD61BC638AD959454843484348492
:10D8500034843484D6943BBE1FDF1EDF1EDF5FE7B7
:10D860009DD638AD148CD483B48BB58BF79BB6930F
:10D870007693558B5483958BF693948B737B9ABDDB
:10D880001FE71FE7BDDE7594B17B917BD283FAC59C
:10D890001FE71FE73FE7DFD65DCE39A5D48353737B
:10D8A000758396939693348B558B1483B69BD5933F
:10D8B000F58B158C96941FDF5FE71ED79FE7FDD68B
:10D8C000D383B383D483D483727BD483D4831484EB
:10D8D000F38333847CCE3FE75FE73FDFDED6347CE3
:10D8E000C808E910EB18AA10A9106B217CBE9FDFB5
:10D8F0005DCF1DCF7FDFFECE305BA708C9100B19AF
:10D900000B19EB10CB10EB10EB10EB10EB100B190D
:10D910000B190B192A19AB292C3AB9A55FDF7FDF48
:10D920003EDF7FE77DC6F473AC29ED31CE312C218B
:10D930004D294D294D294D292D292C210C210C2112
:10D94000EC200C294D318E398E396E396E398E3975
:10D950008E41CF49F0511052F0511052105A515A85
:10D9600071629262D26AD36AF36AD362B262925AE5
:10D97000715A104A104A715AB36AB36AD36A14735F
:10D98000F472F472357B768B768B558334833483D3
:10D990001483348334831483147BD37A9272716A30
:10D9A0007272D37AF482B37A527231723172116A1E
:10D9B000316AB37AD37A9272F0598F514D410C3952
:10D9C0006F51326A937A927A927A5172717A717A3D
:10D9D0005072F28257AC5AC57ACDBACD1BD6FBD560
:10D9E0001BD61BD63BDE3CDE3CDE3CDE3CDE3CDEBA
:10D9F0003CDE3CDE3CDE3CDE3CDE3CDE3CDE5CDE37
:10DA00009693969396939693B693B693B68BB68B5E
:10DA1000179C1AB51AB5F9AC39B539B57ABD1CCE13
:10DA2000DEDEFEDE1EE73FE73FE7BDD61BBE99AD5B
:10DA300099ADD9B5BDCE5FE71EDF5FE71EDFB9AD9B
:10DA40003384148CF48BD48BD58BB58B758B758B01
:10DA50009693958B758B7483B48BB48B9BC5DFE6E3
:10DA60001EE79CD6D59CB17B5073B17BD27B917362
:10DA700054843BC63FDF3FDF3FDFBFD639A5B47BD1
:10DA80007483958B758B9593B69B7593B693948B96
:10DA90009383B37B9694FED65FDF1ED77FDFFED6DF
:10DAA000F383F483D483F483D4831484D38395944D
:10DAB00038AD3BC61FE7FEDEBDD67CC674848A2126
:10DAC0002A19EA10CB10EC18EB186B217CBE7ED71C
:10DAD0007ED75DD79FDF1FD77263E810C910EB18A0
:10DAE000EC10EC10EC10EC10EC180D190C19EC18F3
:10DAF0000C192C19CA10E9106A214C3A1AB63ED7F3
:10DB00005FDF5FDF3FDF5DC6AF4A2A216C29CE3180
:10DB1000AE31AF31AF318E316E316E316E316D312C
:10DB20006D312C290C294D316D316D398E39CF4134
:10DB3000AF49CF49CF49CF49AF498E418E41AE4918
:10DB4000AE41EF49505A715A9262B362D362F36A9E
:10DB5000146B146B1473D36A926292629362B36A09
:10DB6000F472D372F472347B5583147BF372F372C4
:10DB7000F37AF37AF47A34833583D372726A516A12
:10DB8000726A72729272937AB37A727A3172317265
:10DB9000316A116A52727272B37AB372F0594E4995
:10DBA0000D414E51116A72725172727A30720F6A5F
:10DBB0002F6A9072B59BD8BC7ACDBBCDDBD51BD676
:10DBC0001BD61BD63CDE3CDE5CDE5CDE3BDE3BDE99
:10DBD0003CDE3CDE3CDE3CDE3CDE3CDE5CDE5CDE35
:10DBE0009693969396939693B693B693B68BB69375
:10DBF000B58BB58BF6931694D58BF58B1594F48B6A
:10DC0000348CF69CDABDDDD63FE73FDF3FDF1EDF19
:10DC10003FDF3FDF3FDF1EDF3FE7FEDEDAB5D69CAA
:10DC200095947594969CB8A4B9AC58A4B693968B69
:10DC300075837583B5835373B37B9ABDDFE65FEF5E
:10DC4000FEDEF69C9073F283D27BF283B27BD273BA
:10DC5000B173337C9DCEDED63FDF5FE7BED638A5FD
:10DC6000937B737B958B5483558B558BB693748BB9
:10DC70009383D383B694FED65FDF1ED77FDF1ED794
:10DC80005484D79CF7A458ADDABD5CCE5CCEDED60A
:10DC9000FEDEDED63CC6BAB5558C8E4A6B292A21EB
:10DCA0002B192C19EB180C198A084B193CBE5ED79E
:10DCB0005ED77EDF7FDF1FD7B36B0A19AA10CB10A8
:10DCC000EB102C192D192D192D19EC10EC102D1904
:10DCD0002D19EC104D210A196A21081191631ED7E4
:10DCE0007FE79FE75FE71FDFF373EC316C296D2956
:10DCF0008E318E318F316E316E398E398E396E396B
:10DD00006E39AF41AF416E396E398E41AF41AF418F
:10DD1000AF41CF49F051F051105210521052F05112
:10DD2000EF49105210523052515A515A715A926260
:10DD3000B262D36AD36AD36AD46AD46AD36AB3624A
:10DD4000B36AF46A14733473347314731473F4720F
:10DD50001473147B347B347B147BF472B36AB37218
:10DD6000726A526A316A316A7272937A937A9382D2
:10DD7000727A31723172527272721483D47A316A49
:10DD80004E51EC400D498F59316A7172EF61EF616C
:10DD9000106A5072F28257AC3ACD7BCD9BCDFCDD40
:10DDA0001CDE1BD63BDE5CDE7CDE5BDE3BD65BDE58
:10DDB0005BD65CDE5CDE5CDE5CDE5CDE5CDE5CDE9C
:10DDC000958B958B958B958B968B968BB58BB58B11
:10DDD000D693F693B58BB58BF593D58BF58B1594C0
:10DDE000358CF37BF27B748C99ADDDD65FE73FDF3A
:10DDF0005FE75FE73FE73FDF3FDF1FDFFFDEBED6C6
:10DE0000BEDE9EDEFCCDF9AC1794D68BB68BB68BFE
:10DE1000B68BB583947BB383BABD1FE71FE77FEF53
:10DE20003FEF9CD67CCEDEDE9DD6DEDEDEDE9ED6ED
:10DE3000BED6BED6FFDE5FDF5FE7FFDE1FDFFFDEA1
:10DE4000F8A472739483D58B758B9693758B7483BA
:10DE5000D48B148CB694FED63ED71ED75FDF1ED768
:10DE60003484548C1CC6FFDE5FEF7FEF1EE75BC679
:10DE7000D9B5958CB27330636E4ACC394B29EA1808
:10DE80000B192C210C190C190C196C213CB6BFE78D
:10DE9000DFE79FDF5EDFDECE525BEA10EA100B1990
:10DEA000EB100C110C190C11EC10EC100D190D19D4
:10DEB0000C19CB102C19C910E9100711B16B1ED722
:10DEC0005EDF5EE77FE7FED6726BAC314C29AE3188
:10DED0008E316E316E318F398F398E396E398E3980
:10DEE0008F41AF41AF418E396E39AF41AF41AF4144
:10DEF0008E416E398E41AF49AF49F051305A51626F
:10DF0000D36AB36A7162315A515A716292629262F3
:10DF10009262B262B362B362B36AD36AD36AD36AFB
:10DF2000F46AF46A147335733573147314731473C9
:10DF30001473F372B36AB36AD372D372B36A926A18
:10DF4000B3729272526A316A5272937AB37A937A46
:10DF5000B382B37A727A116A116A1062D47AF48247
:10DF6000727A8F592D490D496E51516A927A5172C8
:10DF700030720F6A5072549378B419C59BD5FCDD8A
:10DF80001CDEFBD5FBD55CDE7CDE5BDE3BD65BD6E8
:10DF90003BD65BD65CDE5CDE5CDE5CDE5CDE5CDEE3
:10DFA000958B958B958B958B968B968BB58BB58B2F
:10DFB00095835383D58BF693D58BF58BF593F58BA2
:10DFC000348C758C548478ADFEDE7FE77FEF5FE79D
:10DFD0007FE71EDF9CCE7CC63BC6FABDBAB559AD05
:10DFE000F8A4B7A4569436941694D58BB58BD58BDC
:10DFF00093835273B37BDBC5DFE67FF7DEE6FAC5BA
:10E00000DAC55CD63CD61CCE1CCEFCCDDBC51CCE06
:10E010001CC63CC63CC61BBEFED67FEF3FE71FE7D3
:10E02000FFDE18A5D483B483B593B693748B538362
:10E03000737BB37BB6943FE71ED75FDF7FDFDDD610
:10E04000558CB37B1484D79C3CCE1FE71EDF1EDFAC
:10E05000DEDE9DD638A530634D4ACC390A21C91879
:10E06000EA184C214D21CB108A082B195CBE7FDFAA
:10E070005EDF1DD73ED7DECE52630A190B19EA10B8
:10E080000C19EC10EC10EC10AB10EC100C19EB10A0
:10E09000EB182B19C910091949212B3AF9B59FEF33
:10E0A000BFEF5FE71FDFBAB5AC314B210B194D292C
:10E0B0008E318E318E398E318E39AF41CF41CF4185
:10E0C000AF41AF39AF418F418E39CF41F049F0496F
:10E0D000D049AF41CF49CF49AE49AF49EF49315A55
:10E0E0007262B36AD36AD36AD36AD36AB36AB36A11
:10E0F000D36AD36AD36AD46AF46AF46AF46AF472AB
:10E100001473F46AF472147355735573357335735D
:10E1100014731473F472D36A72627262936AB36A8C
:10E12000926A9272B3729372526A516A7272727A7E
:10E13000727A937A937A5172CF59F061D059727290
:10E14000F4827272D0614E510C416E51106A51725C
:10E150005172106AEF69917AD5A3B8BCBCD5DCDDE9
:10E160001CDEFBD5FAD53BD65CDE5BD63BD63BD678
:10E170003BD63BD63CD65CDE5CDE5CDE5CDE7CDE29
:10E180009693969396939693B693B693B68BB68BD7
:10E19000B58BB58B9583F6931694D58BF58BF48B55
:10E1A000D37BD6945CCE5FE73FE73FDF1FE71EDF00
:10E1B0009DD699AD948C348433843484348C148407
:10E1C000F483F483F48BF58B36943694D48B727B82
:10E1D000B383969CDAC51FEF1FEFBEDE969C927B41
:10E1E000517B727B938373837383737B9383937B62
:10E1F000937B9273B2739273F37B7DCE3FE73FE7DD
:10E200001FDFFEDE79B59383537B748BD693D59352
:10E21000D58B158CB69CFEDE3EDF5FE75FDFFEDE52
:10E22000148CF58BF583F483D38338AD9DD63FE70B
:10E230005FEF3FE73FEF7DD675942D4AE920E92057
:10E240000A19EA10EB186D210C198C217DBE5FDFD5
:10E250007FDF5EDF7FDF1ED7315BC810EA10EA1078
:10E260000B19EB100C190C19EB18EB18CB10A908B3
:10E27000C9100A19091949218D4ADAB53FDF3EDF75
:10E28000FED63FDFDAB50D3A6C298D318E312D295E
:10E290004D298F31CF39AF39AF39CF41CF41AF4160
:10E2A000CF41CF41CF41CF41AF41F04931525152DF
:10E2B0003152CF49CF49CF49AF49CF49EF491052E9
:10E2C000315A9262D36AD36AD36AF472F4721473C5
:10E2D000147314731473357B357B35733573357351
:10E2E000157315731473147335735573557B357328
:10E2F000557B34731473F472B36AB36AB372926A5F
:10E30000526251629272D37A726A10621062316AFA
:10E310007272937A7272316A1162CF59CF598F59E2
:10E32000D06172727272F0616E512D496E59EF6157
:10E33000106A1072EF690F6A128B16AC9CD5BCD5AF
:10E34000FCDDFBDDFBD5FBD51BD63BD65BD63BD638
:10E350003BD63BD63CD63CD65CDE5CDE5CDE5CDE8F
:10E360009593959395939593B593B593B58BB68BFC
:10E37000B58BB58B16941694F58BD58BD58B3694BF
:10E380007AB5BED63FE75FEFFFDEFEDE7CCED69CE1
:10E390001384D27B138434841384F383F383348C07
:10E3A000358C76945594D483B383D383148C348C76
:10E3B000959CBABDDEE6BEDEFFE659B5D38B727B17
:10E3C00073835383748B748B748B7483948B738378
:10E3D0009483937B937BB37B516B3484BEDE1FE7C6
:10E3E000FED61FDFFFE65AB51594B58BB58BB58BFE
:10E3F000D48B937BB69C1FDF5FE77FE73FE77CCE44
:10E40000D383B483D58BF58BB3835173148C18AD40
:10E41000DBC59EDE3FEF5FEF1FE75CCE558CEC4126
:10E420004A212B190B194C210B192A19FBB53ED780
:10E430001DD71DD77FE71ED77263E810E9180A19A8
:10E44000EA18EA10EA180A19EA18C910C9102A19B4
:10E450006B29CC31305B38A59DCE1FDFFEDEFEDEA2
:10E460007CC675840C3A2A214C214D214E290D2160
:10E470002D294D296E318E318E398E39CF41F041A3
:10E48000304A104A31523152F049F049315251521A
:10E490003152F0491052F049CF49AF49CF4910529B
:10E4A00072629262926272629262B36AD36AD36A51
:10E4B000F472F4721473357B557B557B357B357B59
:10E4C000357B557B3573F472F46A1473357334738A
:10E4D00035731473F472F472B36AB36AB472936AE4
:10E4E000926A5162516272625162316231621062AB
:10E4F000516A726A7272516A1062F0611062AF59A9
:10E500008E51CF59316A516A10628E516D516E59D8
:10E51000AF6110721072CF69507253933ACDBCDD67
:10E52000FCDD1CDEFBD5FBD5FACD1BD65BD63BD67E
:10E530003BD63BD63CD63CD63CD65CDE5CDE5CDED5
:10E540009593959395939593B593B693B68BB68B18
:10E55000D68BD693B58BD58BF58BD58BF9AC5FDE8F
:10E56000DFE6FFE6FFE61FE71FE73CC6F7A4F7A4D8
:10E5700018A5B69CB69CB69CB79CD7A4769C769CF6
:10E580005594358C358C9694B69CF7A4D9BDBDDED8
:10E590003FEF3FEF1FEF1FEF39B57383B58B958BBF
:10E5A00034833483348B3483558B548B548B758BE9
:10E5B000548394839483737B727BB37BF4835CCEAC
:10E5C0005FE73FDF5FE7FFE65AB5169474839483F5
:10E5D000D48BD483D79C7DD6FFDE1FE7FEDEDEDE44
:10E5E000148C73837483B58B9483D48B9383517B06
:10E5F000527B769CDBC5BEDEDEDE3FEF3FE71CBE16
:10E60000189D115B8C290A196B210D323CBE7FDFEE
:10E610009FE77FDF9FE73FDF968C4E42AC318B292F
:10E62000CC310D3A4E42D0527263F473B78CBBAD0D
:10E630001CBE3CBEDED61FDF1FDFBED69AAD147CEB
:10E640000C3A4A216B29CA18CB188E310D214E295C
:10E650002E290D210C210C212D296E31CF41104A7C
:10E66000104A104A314A3152104A104A315251521E
:10E670003152515A515A515A315A10521052105265
:10E68000315A515A7262926292629262926A9262B4
:10E69000B26AB36AD36AF4721473357B357B357B07
:10E6A000567B7683557B1473F46A147355733573F4
:10E6B000147335733573D46A72625162726A936AE5
:10E6C000936AB36A926A3162105A51625162105A67
:10E6D000F059105A726A926A10623162EF59F05919
:10E6E0001062CF59AF51CF5930621062AE598E5976
:10E6F0008E59CF69107210722F72B18257B47BD5C8
:10E70000FDE51CDEFBD51CD63BD61BD63BD63BD647
:10E710003BD63BD63CD63CD63CD65CDE5CDE5CDEF3
:10E72000959395939593B693B693B693B693B69304
:10E73000D693D6931694F693579CBDCD9FE6BFE62D
:10E74000DFE6DFDEFFE61FE7DFE6BEDEBEDEDFE69A
:10E75000DFDEFFE6FFE6DFE6BFE6BFE6BFE6BFE6D9
:10E760009FDE7EDE7EDEBEDEFFE6FFE61FE77FF792
:10E770005FEF1FE7BEDE7EDED58B3383548B96932F
:10E78000568B358B769B7693358B358B7593348B87
:10E79000758B548354839483B483937BD483D79CA5
:10E7A000DED65FE7FFDE1FEFBFE61DD6D9ACD58B07
:10E7B0009383F48B5AB5FFE61FE71FE7FFE6BEDE43
:10E7C000769CD58BB58BD6935483748353833283D5
:10E7D0005383337BD062106395941BC6DED61FDF54
:10E7E0001FD75DC6FCB5978C946B157C9DC65FDF0B
:10E7F0003EDFFDD61ED75FDFBECE3DBE1CBE3DBE9A
:10E800001CBE3CBE5DC67DC67EC69DC69ECE9ECE4F
:10E810009DCE9DCE5CC69AAD926BAF526B29E91826
:10E820002A216B292B214C294D29EC182E290D2149
:10E830000D212D292C290C210C294D296E318E39C1
:10E84000CF41AF41CF41104A104A104A11523152C4
:10E85000525A725A105231529262B36AD36A926219
:10E86000305A315A7262926272629262B36AD36AA9
:10E87000B36AB36AD36AD372F4721473357B357B8F
:10E88000357B557B557B35733573557B757B757B38
:10E89000757B55733573F472B36A7262526251625A
:10E8A0007262B36A926A7262315A105A105A1052E6
:10E8B000F059105AEF59105A716A106231621062A1
:10E8C000CF59F059CF596D49AE59316A106ACF61AD
:10E8D0008E596E59AE61107230720F72339398BCBC
:10E8E000BCD5FCDDFCD53CDE3CDE1BD63BD61BD6C6
:10E8F0003BD63BD63BD63CD63CD63CD65CDE5CDE3B
:10E900009593959395939593B693B693B58BB58B55
:10E91000D693F693D58B379C5BBD1ED61ED6FDCD08
:10E920001DCE3DCEBFDE5DD61CC63DCE1CC61CCE68
:10E930005ED69FDE5ED61DCE1DCEFDCDFDCDFCCDBF
:10E940003DD63DD63DD65DD69EDE9DDE7CD65CCEE8
:10E950005CCE3CCE5DD6FDCDB9AC758B96937793EE
:10E96000368B5693158B158B56933693358B569362
:10E97000558B558B5483948B74839483937BF8A429
:10E98000FBBD9DCE5DCEDCC5FDCD1DD67BC53ABDA4
:10E99000F9B4F9AC7ABD1DCEFCCD1DCE1DCE1DCE79
:10E9A000BCC5B9AC958B348396933483548B548314
:10E9B0003483F2726F5AAB396931EB390F5B75846E
:10E9C000D78CD78CF994B88C7784F8949684D68CAD
:10E9D000B68CB58CD68C1795189DF894B78CD894B6
:10E9E000D794D794D794B68C7584147C71638D4A70
:10E9F0002C3AEB31EB31AB312E426B29EA184C2922
:10EA00004C292C212C2110424D292D296E310D210C
:10EA1000EC20EC200C212C290C29EC202D298E39FE
:10EA2000CF41AE398E39CF41104A104AF049104AD1
:10EA30005152B362515A315A72627262B262926238
:10EA4000926A72627262926A926AB36AD372D37283
:10EA5000F47214731473F472F472F4721473147302
:10EA6000157B157B357B557B767B757B557B757B65
:10EA7000757B357314731573157BD4727262315ABA
:10EA8000315A105A315A72625162CF498E49EF5150
:10EA9000105AEF518E49AE493062726A106230628C
:10EAA000EF598E49EF59105A8E51AF59F061F0610C
:10EAB000CF614E594D59F0691072CE69917AF6A323
:10EAC0005BCDBCD5FCDD3DDE1CD6FBD53BD63BD6B5
:10EAD0003BD63BD63BD63CD63CD63CD65CDE5CDE59
:10EAE000959395939593B693B693B693B693B69341
:10EAF000D6931794B58B579C3AB57BBD3AB53AB5CA
:10EB000039B57AB5BBBD5AB55AB57AB539AD18AD78
:10EB10005AB59BBD5AB519B519B5F9ACF9B419B5C3
:10EB20003AB53AB53AB57ABD7AB57AB559B538AD90
:10EB300038AD59B55AB53AB5B9AC968B969377932B
:10EB4000158B5693D58A36933693359336933593F2
:10EB50005693558B558B5483748394839483D9A493
:10EB600019A539A55AB5D8A4B8A43AB53AB519B576
:10EB70001AB5F9ACB8A419ADF9ACF9ACD9ACF9AC8B
:10EB80001BBDB9AC9693148396931483348B348B4A
:10EB9000F37AD2720E526B3186106600CC29AF4ADE
:10EBA000F0528F4A115B73637363B46BF052D04AB7
:10EBB000AF4ACF4AF05211531153F152D052D052B2
:10EBC000D052D052D052D04A8F424E42AB29E81098
:10EBD0006500860866008608AC316C294C29AE3188
:10EBE0004E290C214E2910422D298D31AE396D311F
:10EBF0000C212C292D292C29EC28EC202C296D31D5
:10EC0000AF41AF416E398E39104A104ACF49104A90
:10EC1000115272629262515A315A515A7262926220
:10EC2000B36A926A926A926AB36AD372F472F47A9D
:10EC3000147B147B147BF472F472F472F472D3724A
:10EC4000F472F4721473357B557B757B757B557B41
:10EC5000557B34731473F472357B157BB372516238
:10EC6000F059F051F051105A7262AF496D39AE4906
:10EC7000AE49CF498E418E49105A7162F059105AEF
:10EC8000F0598E490F5A30626E494D49AF59F061C3
:10EC9000D0616E594E598E59CF61EF690F72749BD6
:10ECA000F9C4BCDDFCDD1CDEFCD5FBD53BD61BD698
:10ECB0003BD61BD63BD63CD63CD63CD63CD65CDEBF
:10ECC00095939593B693B693B693B693D693B6931E
:10ECD000D693D58B1694D58BF693F693579C579C69
:10ECE000158C5694358C158C158C358CF483358C9D
:10ECF00036943694F58B1594F5931594F693F59315
:10ED0000F593F593D48BD48BD48B158CB483F58B7E
:10ED1000F58BF58BB48394837583B693558B358BC4
:10ED2000358B569336933593569356935693359326
:10ED3000358B55937593758B758BB58BB58B95838B
:10ED4000B47BB47BD58394839383B48B9483D59322
:10ED5000D48BF593D58B94839483B58B747B547B40
:10ED6000B68B55839793568B568B358BF482927264
:10ED700092723062AE41EA20E9184B21ED31AC21AC
:10ED8000E810E910C910EA100A192B190A11EA1043
:10ED9000C910C810E910C910C910EA10C910C9106B
:10EDA000C910A910C910C910C9100A194B212A1974
:10EDB0002A1929196B212A194C218D29CF392D297E
:10EDC0004E298F314D296E318D31CE398D318D31B6
:10EDD000CE41AE396D312D310C290C290C290C296D
:10EDE0002C316E398E39AF41F049F049AF418E393F
:10EDF000F049315A725A726272627262515A315AD1
:10EE00007262926AD372D372D372D372D372F47273
:10EE1000D372F47A147BF472D372F472F472F472D3
:10EE2000D472D372F472357B357B3573357334739A
:10EE300034731473F472D36A157B357B157BD472EB
:10EE40005262F0518E498E49CF51F051AE492C316A
:10EE50002C394D39CF49EF516D41EF51305AAF51F7
:10EE6000AE49105A105ACF51CF514D494D498F5983
:10EE7000AF59AF596E512D518E59EF69CF69B2829A
:10EE800078B49CD5FDDDDCD5FCD5FBD51BD61BD6D7
:10EE90003BD61BD63BD63CD63CD63CD63CD65CDEDD
:10EEA000B693B693B693B693B693D693D693D693BA
:10EEB000F6931694D68BB48B579CD58BF58B169402
:10EEC000D483158CF583368C979C7694F48B56946A
:10EED000779C56943694569C369416941694D593F3
:10EEE000B58BD58BB58BD68BF68BD58B9483B483B2
:10EEF000F58B3694D58B94837483958BD69B558BE9
:10EF0000769355937693358B9693558B7693358B75
:10EF1000358B358B9693558B758B758B958B758350
:10EF2000747B9483B5839483D58BF593948B93836F
:10EF3000948373839483B58B74839583337BB68B6F
:10EF4000968B768B768B97937793526AB059B0599C
:10EF5000B051AF498E416D312B212B196C216C21A1
:10EF6000A808EA18EA10CA1089080B190C19CB1066
:10EF70000B11EB10EB10EB10EB10EB10EB10EB1890
:10EF8000CB10CB10EB10EB10CB10EB10EB10CA102A
:10EF9000CA10CA102B192B212C218E31F0398F3138
:10EFA0009039F141AF39AF39CE39EE41AD39AD3994
:10EFB0008D39AE39AF41CF41AF41AF396D312C31D1
:10EFC0002C314D316D396E398E41CF49F049105297
:10EFD000F051F051F051315A515A515A515A72620E
:10EFE000B26AB26AB36AB36AD372D372D472F47A71
:10EFF000F47A147BF47AD472F472357B558355839A
:10F00000357B1473F472F472D372D36AF372F46AB8
:10F0100014731473F472B36AD472F472F472F472E7
:10F02000D47231623162315A8E49AF49CF514D3974
:10F030004D390C318E411052CF51EF51105A305A88
:10F04000AE49AE49CF51EF518E494D498E514D4990
:10F050002D496E51AF59AF594E516E598E61EF69BE
:10F060005493D9C4BCD5FCDD1DDE1CDE3CDE3CD691
:10F070001BD61BD61BD63CD63CDE3CDE3CD65CDE2B
:10F08000B693B693B693B693D693D693D693D693B8
:10F09000F693379C9483F693D58B369CF593D48B5B
:10F0A000979C368C358C5694158C56945694158CAA
:10F0B000F58B1594F58BD58BD58B9483D58BB58B30
:10F0C000D693379C379CD693B68BD68B3794B58323
:10F0D0009483B48315941694F593948B748BB593A1
:10F0E0003483137B3483558BB69314833483969384
:10F0F0009693348BD37A7593548B3483758B958B1D
:10F10000B58BD58B9483337B948BD593948B948BD5
:10F11000B48B369CB58B5383D58BB58B7483337B83
:10F12000347B7583D272926A32625262F159F1591C
:10F13000D0516E41EC28AA18EB18EA100B19EA100E
:10F14000C910A908EB18CB10AA08CB10CC10EC10F2
:10F15000EC10EC10EC10EC10EC18EC18EC180C198E
:10F160000D190D192D192D192D192D192D192C19B0
:10F170000C190C190C190C190D21ED18ED182E2174
:10F180004F316F31104A5152304A0F4A0E4ACE4128
:10F19000AD41AE418E416E394D396E398E39AE4139
:10F1A0008E416E418E418E418E418E41AF49F0516C
:10F1B000105272629262726251627262926AB26AB2
:10F1C00071627162726AB36AF472147BF47AF472D7
:10F1D000357B558356835583147B147B147B147BBA
:10F1E000357B147B357B357B147BF472F47214739E
:10F1F000D36AF372F472D36AF472D472D46AB36AC3
:10F20000D472147BF47AF4727262CF516D41AE49BC
:10F210006D416E414D416D41CF49105AAF51CF51B3
:10F22000105ACE514D418E49EF59EF59AE516E49AA
:10F230004D494D49AF5911628F592D514D59AE610C
:10F24000717AD5A33BCD1DE63DDEFBD5FBD51BD6A4
:10F250001BD61BD61BD63CD63CD63CD63CD65CDE59
:10F26000B693B693B693B693D693D693D693D693D6
:10F27000F693B58BF593F693948316941594369480
:10F28000779C5594158C55947694158CF483D4837F
:10F29000D48336941594B483369C1594F593B58B2A
:10F2A000D693F793D693D693D693F693D68BB5830E
:10F2B000B483948393839383159493839383D59397
:10F2C0007483337B7483337B5383B58B5383748B09
:10F2D000758B548B558B7593758B758B5483748B91
:10F2E000B58BD58B94839483B48B9483748374830C
:10F2F0005383337B948B948B5383D593D5935383D0
:10F300007483D172916ACE51AF49B0492E394E39CA
:10F310002D31AB20EB200B21AA100B192A190A1949
:10F320004B210B194C210B19AA10CB10EC10CC104F
:10F33000CC10CC10CC10EC10EC10EC10EC10EC104D
:10F340000D190D190D190D19EC10EC100D192D19C1
:10F350002D212D212D212D210D210D210D21ED20DE
:10F36000AC18CC202D298E39EF490F4A2F5250521C
:10F37000715A9262715A3052CF49AE41AF41CE417B
:10F38000CF498E418E41CF49CF49AE41AF49AF49B8
:10F39000CF49F051105A105AF051F051315A926A37
:10F3A000B26AB26A926A926A936AF47A7683B7937F
:10F3B000968B3583F47A147B558375835583147B40
:10F3C000F47AF372147B357B147BF4721473147B20
:10F3D000347B147BF472B36AD36AD36AD46AD4726E
:10F3E000D36AB36AB36AF472D372D372926A7262E6
:10F3F0005162EF516D414D416D41CF51CF51CF51D0
:10F40000105AEF516D416D41CF51EF516D41CF51C8
:10F41000CF51AF516E49CF59316ACF616E596E5994
:10F42000EF69D28278B4DDDDFCDDBBCDFBD51CD627
:10F430001BD61BD61BD61BD63CD63CD63CDE5CDE90
:10F44000B693B693B693B693D693D693F693F693B4
:10F45000D6931694F5931694369C579C9CC5DCC5A0
:10F460009BBD5AB576945694148CF8A4BBBDBBC50D
:10F47000BBC519AD769CF58BF9ACDCCD5ABD98AC0B
:10F48000179CF693D69379AC3CC5BECD58A4F693A1
:10F49000F58B3694D48BB383148C39B51CD6D8AC89
:10F4A000F5933ABD7BBD3AB5F58B537B9483F593C9
:10F4B00099AC7CCD99B4338B538BD59B58AC7CCD18
:10F4C000FDD5FAB4F593738373839483948B948BF3
:10F4D0007483948B78A43ABD5BC55BC577A4948B89
:10F4E000D172327B779CD9AC589C31522D318B181C
:10F4F000EB20D25A9894F67BEF393784B894B894BD
:10F500005784788C5884798C0B198908AB10AC100F
:10F51000CC10CC10AC10CC10CC10CC10CC10CC102B
:10F52000CC10CC10CC10EC10EC10EC10CC10CC109B
:10F53000CC10CC10ED180D210D212E214E292E2995
:10F540000D29EC20CB20CB200B294C318D39AE413D
:10F55000AE41EF49105230523152715A916292626B
:10F560009262315AF051F051F051F051F051CF49BF
:10F57000AF498E49AF49105A315A315A315A105A4F
:10F580007262926AB36AB36A926A726A936AD37257
:10F59000F47A1583568B768B768B5583147B147B8C
:10F5A000147BF372F472147BF472D372D372F4721C
:10F5B000147B1473F472D36AF472D36AB36A9262DE
:10F5C000936AB36A726272629262926A9262B26A79
:10F5D000D372F372B26ACF510C416E49CF51105AB7
:10F5E000CF51AE49CE51CE514C418D416E41AE49C5
:10F5F000AF49CF518E496E49F061316AF0696E5959
:10F600006D590F6A959B3ACDDCD5FCD51CDE1CD616
:10F610001BD61BD61BD61BD61BD61BD63CDE3CDE10
:10F62000B693B693B693D693D693F69BF693F6938A
:10F63000169CD58BB58B1694D9ACBCCDD8ACF58BBC
:10F64000358C59B53DCED7A4F483F4837ED6DFE65E
:10F65000FCC5569415941594D8ACBFE65ABD1694C3
:10F66000B58BD693B58BF6931BBD9FEE7CC5F593FA
:10F670009383D48BF48B148C148C7EDE7EDE3594D5
:10F68000B383769C7EDE7ED6D483937B737B737B41
:10F69000369C7BCDB4939493538B748BD59BD9B408
:10F6A0001DD6569CB4839383B48BD58B337B337B2D
:10F6B000179CBDCD3BBDD593738B52835AC5DCD50A
:10F6C00073832E5AAF62BBC5989C0B21EA180B219D
:10F6D0002A21CC319BAD6F4AC91870521DC6B37335
:10F6E000AC31AC292F42998C6C210B19CB10CC106A
:10F6F000CB10CC10AC08CC10CC10CB10EC10EC1014
:10F70000EC10EC10EC10EC100C190C19EC10CC10E7
:10F71000AC10AC10AC18ED180D210D212D214D2988
:10F720008E398D396D394D310C29EB28EB28CB28DA
:10F730000C312C314D41AE491052515A71627262F6
:10F7400071627162315A105A105A315A315A315A13
:10F75000315A315A105AF051315A926AB26A305ABB
:10F76000105A5162926AD372F472D472B372B37245
:10F77000B372D372147B35835583558B758B758328
:10F78000347BF472F47A35833483147BD372F3724E
:10F79000D372D36AB36A9262B36AB26292627262DD
:10F7A000525A7262B36AD36A726251627162716252
:10F7B0005162316230623162105AEF59CF59105A9A
:10F7C000EF598E49AE49CE51AE498E498E418E4198
:10F7D000AE418E41AF494D412D49CF6151721072FA
:10F7E000AE61EF69D28237AC7ACDFCDDFCD5FBD5BA
:10F7F0001BD61BD61BD61BD61BD61BD63BD63CDE38
:10F80000B693B693D693D693F69BF793F693F69367
:10F81000169C57A4B58B379C5EDE5ABD1594F58BAC
:10F82000F483358CDBC57ED67694F4833DCE1FEF12
:10F830003DCED483158C158CF48B7EDEF9ACD48B45
:10F84000F593F693D593F693D9B45FDEBFEED8ACBB
:10F85000F58BB383D383B383BBBD5DD67EDE52739A
:10F860005273B383B7A49EDE59B5927B727B5ABDA7
:10F870005AC5F59B948B738B738B3283738BB8B49F
:10F880005EDEF48B9383B48394839483327B169CE3
:10F890001ABD5FE657A4748B3283127B5283FCDD62
:10F8A000F8B4CB4108297694FCBDAB31C810870869
:10F8B000C7084D3A189D4A2188084E4AFCC5CF5AC0
:10F8C0004921E9182A216F4AE910CA10AB08CC1067
:10F8D000CB10EC10CC10EC10EC10CB10EC10EB10AB
:10F8E000CC10EC10EC10EC10EB10EC10EC180D1927
:10F8F0000D210D212D210D21EC18EC180C21EB20F0
:10F900002C296D318D39AF41AF41AE416E396E4119
:10F910002D392D392D394D41AF49F051305A315AD9
:10F9200051627262726A3162F051CF51CF51F05917
:10F93000105A315A726A926A51625162B26AD37233
:10F94000F372F372F47AF47AF472F472D47AD47AA9
:10F95000D47AF47AF47AF47A3483768B9693968B0D
:10F960007583147BF372147B147BF372D372D3729E
:10F97000D372B36A926A726292627162515A315A58
:10F980007262926292627262B36A926A5162F059D2
:10F99000EF59105A516A3162CF591062F061CF5954
:10F9A000CF516D41AE49EF51EF516D41CF49CF4934
:10F9B0008E412D396E414E412D496E51106A517262
:10F9C0001072EF690F6A538BF9BCDCD5FBD51CDED6
:10F9D0001BD61BD61BD61BD61BD61BD63BD63CDE56
:10F9E000D693D693D693D693F69BF79BF79BF69335
:10F9F0001694169C16945BBDBFE677A4F58B3694DF
:10FA0000158CF48338AD9EDE5AB576943CCEDFE695
:10FA10001CCE348C158CF48BB7A49EDEF8AC3694D7
:10FA2000F58B1594D48B3694B8AC19B55EDE7EDEBA
:10FA30009BC555949383F48BBBC59BC53ED6D48B95
:10FA4000F593F58BB4837BBD7EDE769CF8B4F8B479
:10FA500056A4938B128394935383748B3383B8ACE3
:10FA60007EDE158CB483D58BB4831173317B9BC53B
:10FA7000DFEE5EE6948B3383F27A127B8F6AF8B402
:10FA80001BCE0B4208214D4AFCBDF373E710650005
:10FA90006921F373315BE8184A218F52FBBDEE5A9E
:10FAA00069298A29B0526F4A0A190A19EB10EB101A
:10FAB000EC10EC10EC10EC100C190B110B11EB10FE
:10FAC0000C19EC10EC10EC180C190C19EC180D2199
:10FAD0002D212D212D212C212C212C212C212C29B3
:10FAE0000C292D316E39CF41104A3152315A515AB9
:10FAF000315A1152F051D051D051CF51D051D05133
:10FB0000F0593162526252623162115AD059AF518A
:10FB1000AF51AF51F0593162105AAF51F0515162AB
:10FB2000926A726A926AD37235835583147BD37258
:10FB3000D372D372F47A147B347B347B5583558330
:10FB4000768B968B768B5583F47AD372D372D3727D
:10FB5000147BF47AD3727262315A51629262926A61
:10FB60007262105AF051105A315A7262926A51629E
:10FB70003062105A105A1062F059106230623062CE
:10FB8000CF51AF51EF51EF51EF518E418E41CF49DF
:10FB90008E412D310D312D394E496E496F51F06135
:10FBA0003172CF69CF69B18216A45BCDDCDDFBD5A4
:10FBB000FBD51BD61BD61BD61BD63BD61BD65CDE75
:10FBC000D693D693D693D693F693F79B1794F69342
:10FBD000379C379C1694DDCD7FDE36941594369491
:10FBE000F58B358C969CBFDE7AB5158C3CCEBEDE8F
:10FBF0005DD6BBBDDCC57ABDBBC5FFE6D8A43694D7
:10FC0000168CF58B36943694B8A4F8AC9BBDDFEE19
:10FC1000BFE697A4D48B7ABD769C9BC5BFE6F58BD7
:10FC2000D58B7383B48393833DD69EE6DBCDD4938B
:10FC3000317B127B127B748B5483748B5383B8ACEF
:10FC40007EDE358CB483B4839483938331733CD646
:10FC50003FFFFCD55383127BD272D1722E5AB7A4C8
:10FC60005CCEEB3929216A2959A5DBADCA2985006B
:10FC70002B32F78CCB29291909194E4A9DCE99AD03
:10FC8000B694F79C9AADF052E9184B190B19EC1089
:10FC90000C110C110C110C190C110B112C192C1925
:10FCA0004D214D214D216E294D212D212D212D211B
:10FCB0002C212C214D298E29CE39EF413042304A5A
:10FCC000CF41104A31523152115211521152D04982
:10FCD000F151315A325A115AF059D051CF518F49FE
:10FCE000D051115A526A9372B372B3729372726A9C
:10FCF0003162F059D059F051105A5162516251623B
:10FD00005162726AB36AB372926A726AB372147B96
:10FD1000F47AF47AF47AF47A147B147B348355837E
:10FD2000968B968B968B768B55833483147BF47AE3
:10FD3000D372B372B372B26AB36AB36AB36A9262CD
:10FD4000926251625162315A105A305A5162516274
:10FD50007162105AAF516E498E51CF5910623162A3
:10FD600051623162F051CF51F0511052AF416D39B3
:10FD70006E394D39EC30EC304E414E410D414E5113
:10FD8000D0693172106AEF69338BD9C4BCDDDBDD19
:10FD9000DBD5FBD51BD61BD63BD61BD61BD63CD6FC
:10FDA000D693D693D693D693F693F7931794F69368
:10FDB0001694379CF693DDCD9FE6369415943594D2
:10FDC000158C158CB7A49EDE19AD158C3DD6DFE6DB
:10FDD000FCC53594769C7694B69CDFE619ADD48B41
:10FDE0001694F58BF58BD48B97A4D8ACB7A47FDE93
:10FDF0001FF79BC5569CBBC593837BBD7FDEF593E8
:10FE0000B58BB58BD58BB48397A49EE676A4938BE4
:10FE10005283F17A53839593F27A5383948B779C30
:10FE20009EDE148C737B948373839383317B1CD607
:10FE30003FFFDCD5327BD172916A4F628B413594A2
:10FE40003CCECB39A8102A216E4A3CBE1374CE4A50
:10FE5000705BF37329190819A7106E4A3BC60F5B34
:10FE60006929AB31936BF15AEA18EA100C19EB10BF
:10FE70000C110C110C190C110C110B112C194C1923
:10FE80006D218E29AF31CF39AE314D296E294D29E3
:10FE90002D292C212C216D29CE390F420F42EF4103
:10FEA000EF41F049F0418E394E394D314D392D3900
:10FEB0002D394E396F41D049115A51623162315A50
:10FEC000D051D051F051115A5262936AB372B37249
:10FED000B37293723162F051CF51105A5162726213
:10FEE00052625162726A926AB372B372926A926A91
:10FEF000B372F372147B147BF47AF372147B358340
:10FF00005583558B758B968B968B758B3483F47AD2
:10FF1000147BF47AD372D372B372B36AB36AB36ADE
:10FF2000B36A92627162305AEF51CF51EF51105A59
:10FF3000105A31623062EF598E498E49AF51105AD2
:10FF4000CF51105ACF51CF49AF498E414D394D391C
:10FF50004D396E394D39EC300D310D390C392D419B
:10FF60004D5131725172CE61917A16AC9BD5BBD591
:10FF7000BACDFBD51BD61BD61BD61BD61BD63CDE5B
:10FF8000D693D693D693F69BF693F793F693F69380
:10FF9000379CF693B58B1AB5BFEEB8A4F58B1594C4
:10FFA000158CD4837ABD7EDEB79CF48BFCC51FEF25
:10FFB0001CCED383358CF48B35949EDED8A4D483A9
:10FFC000F58B1594779CF58BB8A419B59383F9AC90
:10FFD000FDCD9FE6DCCD19B5527B5ABD7FE6F58B92
:10FFE0009583B58BF58B9483569C5EDE369C73832C
:10FFF00053835483748BB593758B7483337B77A44D
:020000040801F1
:100000005EDEF48B537B737B537B7383938B18B5CA
:10001000FCD55DDE11734F5A2F5AEE514A39BBC5DC
:10002000DBBD6A294B292A214A21189D3CBE79A5AE
:10003000557C2D3A0919A81009194E42FBBD3063B1
:10004000E818E818E9182A218C29EA100B11EC109D
:100050000C11EC100C110C110C190C190C19EB10E3
:100060004D216D298E31EF39CF398E318E312D29C9
:100070000C214D298E318E314D292C294C296D3181
:100080008E39AF41104A31521152104A105211525A
:10009000F049AF498F41AF49F051105A315A51627E
:1000A0005262316231623162526A936AB372B372E0
:1000B000D372D372D372926A5162315A315A5162F9
:1000C000926A926A726A52627262926AB372B3728E
:1000D000F372F47AF47AF47AF47A147BF47AD372C1
:1000E000F37A3583968BB693968B768B558B5583A7
:1000F0003583147BF47AD372936A926AB36AD372AB
:10010000926271625162716251621052AF498E49BE
:10011000AE49CF51EF51EF51105AEF518E496E4910
:10012000AF51AE498E49CF5110521052AF496E397E
:100130004D394D398F418F412D390D312D39EC38E5
:100140000C418E5930723072507253931AC57ACD69
:100150009ACDFBD5FBD5FBD51BD63BD63BD63CDE9B
:10016000D693D693F693F693F793F793F693179463
:10017000D58BD58B579CB8A45EDEBCCD569CF58B39
:10018000158C779CFCCDDCC5769CD4831DCE1FEFEF
:100190003DD6F48B158CF58B769C9FDE19ADF58BD7
:1001A000D58B379CF58BF58BF9B41AB5B483738373
:1001B000579C9FE61DD6D48B94839CC5BFEE369C7E
:1001C0009583B58B9483D58BB8AC5EDE57A47383CF
:1001D0005383758B548B5483758B348333833ABD2F
:1001E0009FE697A47383537BB48B77A4359C928B43
:1001F00076A4DCCD16944F5AEE498C414F529BBDEC
:10020000F47B0A194B21CA102A21B04A7EC61CB6BB
:10021000357C2919E910C9108808904A1CBE105B6A
:1002200009190A19C918CE31167C0B19CB100C19F3
:100230000C110C110C110C112C192C190B11EB10A9
:100240000C192C214D29AE318E398E318E392D2944
:100250000C292D294D294D292C290C292D314D31C1
:100260002D316D31CF4131523152104A3152515AF4
:100270007262315AF051AF498E418E41CF49305AA6
:10028000315A31625162526252625262726A726AC9
:10029000926A726A926AF47A357B147BB36A51620D
:1002A0005162926AB372936A52623162726AB37235
:1002B000B372D372D372B372D372F47A147B147B99
:1002C000147B347B35835583758B768B768B768B5D
:1002D000768B35831483F47AD372B26A926A72622F
:1002E000716271627162926A926A5162EF51AF49B2
:1002F000AE496D412C394D39CF49F051AE496D4170
:100300006E414D416E416D416E41CF49115A1052BF
:1003100010526E418E41CF498E412D312D31EC303E
:100320002D410D498E590F6A3072B17A77B45ACD8A
:10033000BBD51CDEFBD5FBD51BD63BDE5CDE3CDE35
:10034000D693D693D693F693F793F793F6931794A1
:100350001794F693579CD58B579C1DD6BCC5569CBD
:10036000D8A4BCC5BCC5158CD483979C5ED6BFE60B
:100370003ED697A4F58B1594F8AC9FE6DCCD97A4F8
:10038000F693F693D58B579C9CC5BCCD16943273CF
:10039000B48B5BBDF9B49383369CBCC53EDE98A498
:1003A000B58BD68BD58BD58BFAB43FDEFAB4B58B33
:1003B0005483348334835483958B758BB6935BC598
:1003C0005FDE5ABDB9ACD9AC1ABD7BC5F493AF6A38
:1003D0006E62B48B1AB5D58BD1625373B89C93738C
:1003E0004B218C292C21AA08A9086B213A9D157450
:1003F0008F42C808A908EA182B19B56B1DBE3A9D93
:10040000D573D6735884FB9CD252EB100C19EB10A9
:100410000C110C110C190C192C190C190C19EB10CE
:10042000EB180C212D296E316E316E31AE396E39DB
:100430008E392C29CB20AB200C294D316E396E39E9
:10044000CB20CB20EC282D314E398E39F049725A11
:10045000515A525A515A315A105210521052305A5F
:10046000315A315A315A3162516252627262726A41
:10047000726A52625262936A147B5583357BD372DF
:1004800072623162726AD472147BB3725162105A12
:10049000115A726AB372B372926AD372147B758303
:1004A0005583147BD372D372F47A358335833583C5
:1004B000758B758B768B5583147BD372926A5162E0
:1004C000726A7262726A71625162105AEF51EF5130
:1004D000CF49AE496D414D394D396D39AE41CF49A6
:1004E0006D394D398E414D410D392D39F0517262C2
:1004F0007262515ACF498E418E396E394E390C3164
:100500004D410C41EC408D5930727072959BF9C48D
:100510009BD51CDEFBD5FBD53BD63BDE5CE63CDE4B
:10052000D693D693D693F693F793F793F6931794BF
:1005300016941794D58B369436943694B8A49BC5EC
:10054000F9AC779C3694F58B569C16943694D8ACBF
:1005500098A4B8A41694D58B77A4B8A41694B58B98
:10056000F693F693D68B379CD9AC98A416949483C3
:100570007483B48BF6931694F693579CB9ACF693A8
:10058000B58BB58BB5833794589C579C379C179C7B
:10059000F793D693968B3483758B758B748357A49E
:1005A00098A4569C77A4379C379CD593B0728F6AD9
:1005B0004E622E5A0E521373B5835373CD39E92010
:1005C000CA10CA102C192D190B19CA100E3A8C21F9
:1005D000EA10A9080B190B196D21B24A904A704A0A
:1005E000D252D252914A0F3A4C210C190C190C19C3
:1005F0000C110C190C190C190C190C190C190B19DC
:10060000EB180B212C214D296D318E39AF41AF41B3
:10061000CF418E392D29EC20EC200C292D316E395B
:10062000AF41AF416E392D31EC280D314D396E3966
:10063000AF41D04910521052515A92629262926266
:100640007262526252627262726A726A926A936AE9
:10065000926AB36A926A726A926AD372357B5583E0
:10066000157BB36A726AB372F47AD372926A51627A
:100670005162726A926A936AB372D372F372F372BE
:10068000147B147B147BF37AD372B372F47A1483E1
:10069000F47A3583558B558B3583147BF47AD3727A
:1006A0005162516271625162F059CF51AE498E4927
:1006B000AF49CF49EF51EF49AE418D418E41AE4137
:1006C0008E414D392C314D396E414D394D396E4188
:1006D000D051525A11528F418F41CF41CF414D31AC
:1006E0000C390C39EB384D51106A3072F28A57B41C
:1006F00039C5DBD5FBD5FBD51BD63BDE5CE63BDE47
:10070000D693D693D693F693F793F793F6931794DD
:10071000379C589CF693579CB4839483B8A4169442
:1007200098A43694D58BF68B1694579C1694D58B3B
:10073000F68BF68BF68BF693379C36941694F68BE5
:10074000F693D68B1794F693379C1694F693379CB2
:100750001694F693D58BB58BD58B74837483B58B38
:100760009483B58B7483F68BD58B7483D693B68BB9
:1007700075835483F79B958B5483958B958B7483EA
:100780007483537BB58B7483B58B5383D172D172D1
:10079000906AAC494C39AD41AD416C310A212B21F5
:1007A0002C21EB10EC182D19EB10A908A908CA1080
:1007B0000A110B192C190C19CB10EC186900CA106E
:1007C0000B194C218D296D29AA086D212C190C19A2
:1007D0000C190C190C190C192C192C190C19EB10DB
:1007E000CB18EB180C212C298E39CF41CF41AF41CA
:1007F0008E39AF418F414D31EC28AB20CB20EC2816
:100800002D318E418E412D312D316E41CF49CF4951
:10081000D049D049CF49CF49CF491052515A92625D
:10082000B36A726252627262726A726A926A936A9E
:10083000926AB372D472D372B36AB372147B558363
:1008400035833583147BD372B372B36A926A726A4A
:10085000926A726A726A926AD372F472F372D37293
:10086000D372F47A147B147B147BD37AB372B37291
:10087000D372F47A1483358335833583147BD37232
:100880009272716A716A71623162105AF0598E49BE
:100890004D416D41CF4910521052CF49AE418E416A
:1008A000CF41AF412C310C314D394E410C392D39EE
:1008B0004E39AF49D049AF418F41F049104A8E3986
:1008C000EB30EB30EC384D49CF610F6AB17AD5A3EC
:1008D000B8B49ACDDBCDFBD51BD61BDE5CE63BDE88
:1008E000D693D693D693F693F793F693F6931794FD
:1008F000379C379C16941694B483D58B779C94833D
:1009000037941794B58BD68B17941794F693B58BB1
:100910007483D68BB58BD693379CF693D68BD693B0
:10092000F693F693F693B58BF693F693F693579C5E
:10093000379CF693D58BD68B95837483537BB58B7D
:10094000B58BB58B9483B58B95835483B58B7583A9
:100950003483347BD693D69354837483948B74837B
:10096000537B33737483748374833383906AD1723B
:10097000906A6C416C398D398918CA202B294C2911
:100980004C212C19CB104D21CA10CA106800CA1076
:100990002C210B19EB100C19AB084A0069008A08CE
:1009A000AA0889084D216D21CB102C190C190C199E
:1009B0000C190C190C192C190C190C194D21CB10F0
:1009C000AA10CB180C212C296D31F049F049AF4108
:1009D0008E39AF418E416E390D318B20CC28AB2042
:1009E000EC284D396E394D394E39AF49CF49AF49B1
:1009F000D049CF49D049D049CF49F0511152726204
:100A000072627262515A515A726272627262726298
:100A1000726A926AD372F47AF47AF47AF47AF47A93
:100A2000147B3583768B3583926A726A726A726A36
:100A3000926A726A51627162B26AD372F372D3724D
:100A4000D372F372147B3483147BF37AB372B37270
:100A5000B372D37AD37AF47A35833583147BD37A1D
:100A6000B372926A726A726A516A516A3162CF5184
:100A70006E494D416E41EF51515ACF498E418D39EA
:100A8000CF41EF418E394D390C314D392D392D394A
:100A90004E394E398E41D049CF49D049F0498E392F
:100AA0002C31EC300C392D41AE59EF6171727493D9
:100AB00057AC5AC5DBD5DBD51BDE3BDE1BDE3BE688
:100AC000D693D693F693F693F793F693F6931794FB
:100AD000D68BD58B579C1694169416943694F58B1A
:100AE000F68BD58BD68B9583F693D68BD68BB58B21
:100AF000D68BD68BB58BD68BF693B58B9583F69329
:100B0000D68BF693D68BB58BD68BB58BF693169486
:100B1000D68BB58BF693D68BD58B1694D58BD58B80
:100B2000B583D58BD58BD58B958374837483958B47
:100B3000758B958B958B5483F2727483B58B537B35
:100B40009483747B9583547BF272D2722F62EE5140
:100B5000AD49AD49AE49AE412C316D312C290B2147
:100B60002B19EB10CB102C192B190A11CA102B19A9
:100B70000B192C2189080B190C19AB08CB100C1977
:100B8000AA08AA080B192C194D21EB102C19EB10EF
:100B90002C190C190C190C190C190C19EC102C210E
:100BA000EB18EB20EB202C296D39F049CF49CF49C8
:100BB000CF418F41CF494E394D392D39EC30CB28BB
:100BC000EC302D396E416E414E392D394E396E4122
:100BD0006E418F49AF49D051F051115A115A315AD3
:100BE000105A526272625262516251625162516293
:100BF00031623162726AB372F47A147BF47AB3723E
:100C0000D372147B968B768BD372726A7162726A1E
:100C100051625162726A926A926AB26AB372D37214
:100C2000D372D372F47A147B14831483F47AF47A33
:100C3000F47AD37AD37AF47A1483147BF47A147B1B
:100C4000147BF47AD372726A516A92729272316230
:100C5000F0598E496E49EF51305AAE416D418E4187
:100C6000AE410F4A104AAE416D394D394E416E4189
:100C70006E412D394E39D049F049AF41AE418E39E0
:100C80004D390C310C310C396D49CF59506A1383F1
:100C9000D59B19BDDCD5DBD5FBD5FBDD1BDE3BDEF3
:100CA000D693F693F693F793F793F7931794179CCD
:100CB00016941694379C369C579C1694579C779C98
:100CC000D68BB58BD693D68BB58B1794D68B379C9A
:100CD00058A4389CD693F693D693B68BB58BF693DF
:100CE000958B179C78A4F693379CF693F693B58B67
:100CF0009483B58B589C579C1694F693F6939583E2
:100D0000D58B9483D58BD6937483D693D693179C27
:100D1000379CD693B58B7483B58BB58B74837483F2
:100D20007483748374837483916A7062505A4C39EB
:100D30004C398D418D412C318D396D312C292C212F
:100D4000AD292B192C216C214F422B196B212B2102
:100D50000B19A910EA10CA100B19AA08CB104C19CC
:100D60006D21EB10CB100B190B19AE310C192C198E
:100D70000C190C192C194D212C214D212C196D29E0
:100D80002C212C296D310C296D31AE41CF49515A9E
:100D9000725A1052F051AF496E414E392D390D390A
:100DA0002D390D394D396E416E412D412D392D3979
:100DB0002D414D414D416E41AF49D051CF51AF49C9
:100DC000315A726AB36A926A926A7262516251626D
:100DD00051623162105A3162926AD372F47A147B92
:100DE000F47AD37AF47A3583768B5583B372516271
:100DF0005162726A926AB26A926A726A926AB26A5C
:100E0000F372F47AF47A147B147B147B14831483C6
:100E1000147B1483F47AD37AD37AF47A14833583E7
:100E20001483F482F482F47AB372726A72729372E7
:100E30009272516ACF598E498E498E49CF49CF4916
:100E4000CF49AE41CE41CF49CF498E414D392D39A1
:100E50002D394D398E41AF498E416E394D398E4114
:100E60006E394D392C39EB300C398E510F62B1721D
:100E7000538B98B4BBD5DCD5DBD5FBDD1BDE3BDE6D
:100E8000F693F693F793F793F793F793179C179CC2
:100E90001794B58B78A4579C5BBDB8A49CC57BBD4B
:100EA000379CF69358A4179C379C58A4F693589CEB
:100EB00079A4DAB4379C379C379C58A478A4D6938D
:100EC00099ACF69378A41BBD379CB9ACD9AC99A466
:100ED000379CF6933BBD98A4579C78A4579C379CAD
:100EE00078A4579C58A4F693B58BF79B58A4BAB432
:100EF000DAB458A41794589C58A4379C379C958B07
:100F0000589C379CF6937583F372547BF272D26AC5
:100F1000B26AD26A915AF362D362B25ACF39EF39C8
:100F2000B14A2B19D152AD297784D152988C4F42B6
:100F30006C210E3A4F3A0E3AEF31EF31EE31B14AB1
:100F4000345B0F3A70422F3A5042B673B252914A14
:100F5000303A2C19714AD352135BB24ACE31914ABE
:100F60009152514AD7835052715AB262D36AF79361
:100F7000389C9683558372628E492D392D416E4976
:100F80006E414D414D418E49CF51D059CF518F5176
:100F90008F516E492D414D416E498F49CF51105AA5
:100FA000105A315A51627262B36AF472147B157B23
:100FB000F47AD372926A71623162105A5162D372BA
:100FC000F47AF47AF47AF47A147B55835583758B2A
:100FD0005583147BB372926A926AB372D372B372FE
:100FE000B372D372F47AF47AF47AF47AF47AF47A03
:100FF000147B35833583F47AD372B372D37AF47A5F
:10100000558B3583D37AB372D37AF482B37A727202
:101010009372726A3162F059AF516D418E49AF4996
:10102000CF49AE41AE49EF511052AF494E410D3953
:101030000C394D398E416E418F41AF496E414D396A
:101040006D396E394D390C310C314D41AE512F6235
:101050009172D59B3AC5DCD5FBD51BDE3CDE3BDE71
:10106000F693F793F79BF79BF793179C179C179CA6
:101070001694F6931694579C3BBD579C9CC53BBD5C
:10108000B9AC98ACFBB4FBB4FAB41AB5179C379C56
:1010900079A43BBDFAB4B9ACDAB4FBB43BBDF6936A
:1010A000B9AC179C379CFAB4B9ACFAB47CC57CC512
:1010B000FAB4F69398A43BBD7CC5D9ACD9ACD9ACF5
:1010C000B9AC3BBDDAB4F69338A4D693379C1BBDBC
:1010D0005CC5D9AC78A4D9ACD9ACDAAC379C78A4CF
:1010E00078A41BBD78A458A499AC589CB58BF68BFA
:1010F000F78B9583757BD6837994D67B556B9673E6
:10110000D6736C21D2526C297363B88C377C167CF1
:10111000B56B946B7784B56BB573946B5363167C26
:10112000D9947463956BB573946BB56BB673998CE6
:10113000D773AE31956BD673F77B956B3884177C7C
:101140001784F783999C346BB683F78B599C389C32
:10115000F793B68BBAAC147B726A31628E498E49B2
:101160006E496E498E49AF51F05910623162116279
:101170001162F0598E518E496E492D414E49CF5121
:101180003162305A105A105A3162726AB372F47A6C
:10119000147B35833483D37A926A30623062726A08
:1011A000F37AF47A1483F47A1483558B5583758B10
:1011B000758B968B768BF47A926A926AD372F47AF4
:1011C000158315831583F47AF47AF47AF47AF47A31
:1011D000D372B372D37A14833483D3729272D3727C
:1011E000F37A35833583F47A9372526A516A727254
:1011F000516A726A726A516A10628E518E498E49C2
:10120000AE49EF51EF51EF51EF511052AF496E41DE
:101210002D390C394D396E41CF51EF516E416D3939
:101220004D314D314D312C310C312C396D41AE5198
:101230000F62128398B49BD5DCDDFBDD1BDE1BDE69
:10124000F693F793F79BF793F793F793179C179CF5
:1012500017941794F693169477A498A477A4D9AC0E
:10126000169C169C58A4B9AC98A4D9B4D693D6931E
:10127000379C99AC98AC379C379C78A478A4D58BD4
:10128000169CF693579C57A457A416945BBD98A43C
:101290001694B58B98A498A478A498A477A498A43D
:1012A000579C99A478A4B58B38A4958BF69B78A409
:1012B00058A478A4789C579C1794579C99A4958B14
:1012C0007583958B5483137B54837483F372547B9F
:1012D000757B136B915AD262546BB252714AF35AB6
:1012E00091520B196C294B216F424F42125B914A6C
:1012F00050425042F152125BCD312F3A325B6F4A6D
:101300007042B04AD152904A50425042914AD25211
:101310005042AE31556BF35A135BD252914AB152DF
:10132000546B346BF362D262F36A9162F372147B92
:10133000147B347BD793F37AB272B2721062105A74
:101340008E518E51AE51CF59EF59F061106231621A
:10135000516A1162AF59CF59F0596E492D414D4133
:10136000AF51EF51105A105A105A105A3162726A26
:10137000B372148355833583147BF37A726A105ADF
:10138000F059516AF47A35833583558B348314834D
:101390003583758B768B5583347B147BD372926A3D
:1013A000F47A1583358355833583147BF47A14835B
:1013B000F47AD37AD37A14835583147BD372D3729D
:1013C000926AD372F47A1483F4829372316A316A26
:1013D000316A526A516A3162516A1062F059AF51F2
:1013E0008E49AE518E49AE49CF51305A105AF05104
:1013F000AF496E414D396E41AF49CF498E418E4163
:101400006D392C312C294D314D392C314C396D41F0
:10141000CE51917216A45ACDDCD5DBD5FBD51BDE9F
:10142000F693F79BF79BF793F793179C179C179CE2
:10143000179C379C16941794379C579CD58BD58B4B
:10144000B48B948BF693D58B369C169CF693D693DF
:10145000F693F693F593D58BD58BF693F693D593B8
:10146000D593F693B58B379CD58BF693579C379CC9
:10147000F593B58BB58BB58BD58BF693F58BD58B5B
:101480001694B58BD693D693B693758BD693958BCE
:1014900054839483D58B7483B58B9583958B748398
:1014A000748BF37A706A906A2F5ACE490F52EE49C4
:1014B000CE41AD39AD39CE39CE310B19EB180C21F7
:1014C0004C210B21EB1889104B212B21CE312B19EC
:1014D000CA10EA10C9102B21CD318C292A21E91814
:1014E000C910E9100A1988082B210B194C29EA1890
:1014F000CA180B216D29EF39CE314C212C21CE3960
:10150000AD39CE39CE418D41CE49505A2C394C415E
:10151000CE51716A916AB272D272716A716A516AFD
:1015200030620F62EF59EF611062106A1062106250
:10153000F0611062AF59CF591062CF59AF518E513F
:10154000AE51EF59106231625162316230623162E4
:10155000105A516AB372147B558B969335839272ED
:10156000EF59EF593062926AD37A14833583358309
:1015700034835583558B758B758B55833583147BDD
:10158000726A9372D47A35835583358314831483B6
:10159000558B558B3583F47AF47AF47AD37AB37217
:1015A000926AB372926A726AD37A35831483B37A79
:1015B0007272316A1062516A92721062F05910624E
:1015C000AF518E518E49AE51AF51EF51315A7262C7
:1015D0007262315A8E494D418E41AF49AF498E41B9
:1015E0006E392C290C294D316D396D314C394C41F6
:1015F0008D492F627493F9BCBCD5DBD5FBD51CDEBD
:10160000F793F79B179CF79BF79B179C179C179CCE
:10161000379C179CF693589C379CFAB4579C369C81
:1016200016941694379CD58BF593F593F6931694F0
:10163000179C1694D58B369C379C379C579C579C8F
:101640001694D58BB58B78A4B58B1AB5B9AC169416
:10165000D58BF69316941694F6931694D58BD58B5A
:10166000F693958BF693379C758B958BD693B693A3
:10167000B58BF693B58BF68BB58BD68B179479A477
:101680005483F27A706AF272F2722F522F525052D1
:1016900050520F4A0F42B1526C296C298D29CE311C
:1016A0008D31AE310B19EB18704A6C29F67B8D2900
:1016B00069082B192F3A904A7042946B5363E918CA
:1016C0008B298B292A198C294B212B198D294C21E7
:1016D0008D29EF390F42F35A33630F3ACE31AD31D2
:1016E000504AB25A915A547BF68BD68B0F5ACE5130
:1016F0003062D27A3483D27A548B9272F37A9172B6
:101700009172716A306A306A306A306A306A106A7F
:101710005172D3827272116AF061F061316A726A39
:10172000F059F059F0591062516A926A726A716AFE
:10173000516210623062726AF47A758B9693758B7F
:10174000F37A516A106210623062716AB372F47A8D
:10175000147BF37AF47A3583768B968B7583558375
:10176000768BD37A726A926A147B5583358335837C
:10177000148335831483F47AD372B372B372D37241
:10178000F47AD372726A5162726AD37214833583A7
:10179000F4829272316A316A726A1062116A316A35
:1017A0001062CF598E516E498E51AF51315A5162EC
:1017B00072627262105AAF494D414D398E49AF493C
:1017C0006E392C290C296D318E396D396D394D39B1
:1017D0004D41CE59D27A77AC9BD5FCDDFCD51CD6D9
:1017E000F79BF79BF79BF79BF79BF79B179C179C27
:1017F000179CD6931694579CB8A4DDCDB9AC7BBD8D
:101800001AB55BBD3BBD1AB51AB53AB577A4D9ACCC
:101810001AB51AB5FAB47BC57BC51AB53ABD7BC5F6
:101820001AB5FAB4579C579CF6939DC55BBD58A456
:101830001694DAB43BBD1AB55BBD1AB53BBD1BB5FA
:10184000FAB41BBDFAB41BBDD693DAB4DAB41BBD2F
:101850001BBDB9ACFAB4FAB45CBDD9AC1BB5FAB4D3
:10186000BAB4179CB68B1794DAAC9583999C999C63
:1018700078941784B57B1684D67B956B998CF67B10
:101880007884377CD6734C292F424C21B6736D294E
:101890004C21B67374633363B56BB573746B6C2989
:1018A000988C5784946B5784377C177C177CF6731D
:1018B000956BD67BD67BD67B9994DA94177CF7838D
:1018C000304A136B505254731794D6930F5A958B1A
:1018D00058ACB69B58ACB9B4F6A3F7A3548BB9BCBB
:1018E00038AC38AC37ACF7A3D6A3D6A318AC59BCE8
:1018F00059B438ACF48A5172727252725272927A3E
:10190000516A316A1062F0613162726A9272B37226
:10191000B272B272716A9272B272D37A148396936F
:10192000B6935583B272516230623062516A9272DC
:1019300092729272B272D372147B5583B68BD79324
:10194000758B5583147BB372B372D37A148335834A
:101950001483F47AF37AD37AF47A347B3583147B64
:10196000D372B26AD372D372726A5162516A716A67
:10197000926A93729372516A106AF061F069F06929
:10198000106A1062D061AF516E494D496D498E4960
:10199000AF4910525162515AAF516E498E49AE490A
:1019A0008E414D314D316D316D316D316D396D413E
:1019B0004D418D49506AD5933AC5DCD51CDE1CD605
:1019C000F79BF79BF79BF79BF79B179C179C179C24
:1019D000F693379CF693379C98A4B9ACD9ACF9AC84
:1019E000F9B43AB5B8A4F9ACB8ACD9AC169477A4AC
:1019F00098A498A4D9AC3AB5D9AC98A4D9ACD9AC30
:101A0000D9AC98A4F693579C1694D9ACB9ACD9AC80
:101A1000FAB4B9ACD9B478A4B9ACB9AC1AB53BBD79
:101A2000D9B4DAB499AC78A4D69399AC78A4B9AC0B
:101A300099A478A478A458A4FAB4B9ACFAAC78A460
:101A4000D6937583B58B179478A4B583D68B178CF2
:101A5000F683336B336B946B9573D2527463335B41
:101A600074637463D252EE39EF394C29B673AE31D8
:101A70004C21F35AF252B14A54633363D25A4C297F
:101A8000746BB573125B125B335B946BB56B135B5A
:101A9000F35AD25A346B346B136395739573346B6A
:101AA000CE392F4A0F4A757BB68B7583916A58A43D
:101AB00017A492729593D6A358AC5493548B78B4D0
:101AC000F6A3F6A3D6A3959B34933493759BD7AB1B
:101AD000F7AB969B927A3172B382D482937A727208
:101AE000D382937A5272106210621062516A9272BB
:101AF000B372F47AF37AD37AB272D37A13833483DB
:101B0000968B968B758B147BD372926A716A9272E4
:101B10009272B272D372B272D372147B147B147B42
:101B20005583B693B6931483B372D372147B148324
:101B300014831483F47AF47A147B558356833583A3
:101B4000B272916AB272F37AD372926A516A516236
:101B50003162316A316A316A116A116AF069F06979
:101B6000CF61F069106AF061AF516E492D410C41AF
:101B70002D416D41AF51105A105AEF51AE496D4190
:101B80008E416E396E396D314D316E398E396D4100
:101B90004D412C41AD513383D8B4BBD51CD61CD696
:101BA000F79BF79BF793F79BF79BF79B179C179C6B
:101BB000179C379C1794F693F693B58BF693F69390
:101BC000B4831694D58BB483F58B1694B48BF593AC
:101BD000D58B9483737BB4839483B48B1694F58BE9
:101BE000D58BD58B16949583B58BD58B379C9483E9
:101BF0009483D693948BB58BD58BF693D58B9583A5
:101C0000B58B9583948B948B758BB58BB58B179C0B
:101C100058A4F6937583B68BB9ACF693548391624E
:101C2000EE510F52305AEF51CE496C398D41AD39DA
:101C3000AD39EE41EE410B21A910A9102B192B193A
:101C40006C21AD292B19EA102C210C212C216D2996
:101C5000AE318E314C216D29EE392C29EB20EB2051
:101C60002B210B21A910CA100B19CA100B19CA106D
:101C7000CA104C298D314C296D318D314C29CE390A
:101C80008D396D39AE41EF51716250629272F79B9E
:101C9000D79B7172106A306AB27A348B348BB69BE0
:101CA000F382D282917A717A307A3072317A517AB3
:101CB000717A927A5172317251727272937AB382DE
:101CC0007272B37AD37A9272316AF0611062516A99
:101CD000516A9272F37AF37AF47A14831483148338
:101CE000558BB693D69BB693B693558BD37A927297
:101CF0009272716A716A9272716A716A716A926A99
:101D0000F47A3583968B9693758B3583F37AB2721A
:101D1000D37A147B358355831483147BF47AF47A55
:101D2000D37AB372D37AF37AB372726A516A516A10
:101D3000316A517251723172116AF069D069CF61A2
:101D4000EF61AE59AE59F0613062EF598E518E4954
:101D50004D410C390C394D41CF51EF51AE496D41D8
:101D60006D398E39AE396E392D312D314D396D4188
:101D70002C390B396C49706A36A49BCDFCD5FCD547
:101D8000D793F79BF693F793F793F793F79BF79B0C
:101D9000179CF693179CF693F6931694F693179464
:101DA000579C77A4579C9483B483F593369CD9AC05
:101DB000F9B498A41694F59316941694F593D58BCC
:101DC000D58BB58BD58BF693B58BF693B58BB58B41
:101DD000B58BF693958BD593B58BD593D58BD58B4A
:101DE000D58BB58BB58BD58BD693958B5483958B33
:101DF000B58BF693958BD69399ACD68B337B50628B
:101E0000505A7162CE496D414C396C39705A8D39D6
:101E1000EE41957BCD392B212B21C910EA18CD310C
:101E20000F3A2F426C298D318D312C21AA102C2193
:101E30006D29CF39AE39CE39EF41AE410B31EB28A8
:101E4000AD398D312B290B210B21CA182C212C21C6
:101E50000C210B214C298D318D316D316D31AE3915
:101E6000CF41EF49EF49CF49305A7162726AD37A54
:101E7000F482727A316A306A5172F382D382D382E9
:101E8000B282717A507A717A71827182107ACF69D6
:101E9000EF693072517A517A517231727272937A5B
:101EA000937AD382F482D482B37A727231621062EE
:101EB00010621062B272B272B272B272D37A1483CA
:101EC000358B758B9693B69BF79BD79B558BF3827F
:101ED000D37AB27AB27AB27A7272516A716A9272B3
:101EE000B372D37A1483558B558B558B1483F3823D
:101EF000D37AF37A3583768B768B3583F47AD37203
:101F0000B272B37AF382D37A9272727292727272EE
:101F10005172106AF061106A306A106ACF61CF6145
:101F2000AE59CF61CF61CF59CF5910621062105AAC
:101F3000CF516E490C39EB304D418E496E496E419F
:101F40004D396D39AE41CF418E392C310C312C39A0
:101F50004D414D418D51EE59738B5AC5FCD5FCD581
:101F6000F693F693F693F693F793F793F79BF79B15
:101F7000F693F693F69378A4B9AC1BB51BBD1AB5CE
:101F8000FAB41AB51AB5D9AC379C98A4F6931AB519
:101F90009CC55BBDD9ACB9ACD9ACD9ACFAB43ABD2F
:101FA0003BBD3BBD5BBDF693FAB41ABD3BBD5BBD0B
:101FB000D9B4F6931BBD1BBD1BB5FAB4FAB4FAB481
:101FC000FAB4FAB4FAB4FAB4FAB4FAB499ACF6932F
:101FD000D69358A4F69358A4FBB458A458A4179CBD
:101FE000189417949583D68BD68BB583B6836D39A9
:101FF000CE41378C546B346B956BF67B746B956B61
:10200000D5735784F67BD673714A0C21EC20EC20F3
:102010004D298E39CF413052305AAE492C396D415D
:10202000EF51EF418D394C290B210B214C294D29C2
:102030006D296D292C214C29AE39AE398D31AE393F
:10204000104A10521052CF49F0513162726A9372A5
:10205000B37AB37A937A5172727AD382148BF48AF8
:10206000D38A928272827282928A928A5182317A61
:10207000317A317A517A927A927A927A727A52726B
:102080005172B27AD37AD37AF482F47AB372716AE3
:102090003162F059516A9272F37AF37AD37AD37A31
:1020A000F382348B558B9693B69B969B7593559381
:1020B000558B75935593348BF482D382D37AB27255
:1020C0009272927272727272F382558B358BF382B6
:1020D000D37AB272D37A34839693B793768B148380
:1020E00014831483F482F382B37A927A72725172F7
:1020F000316A5172316AAE598E59106A106A8E591E
:10210000AE59CF59CF598E518E51CF59105AEF59E0
:10211000EF51CF518E494D416E416E496E414D4157
:10212000AE496D394D316D398E396E396D398E410B
:102130008E49AE49AD518C49D172D8B4DCD51CD68C
:10214000F693F693F693F793F79BF79BF79BF79B22
:10215000F693F693179C78A4DAB4FAB41BB5DAB404
:10216000B9ACD9ACD9ACB9AC169498A4D58BD9ACD0
:10217000FAB4B9ACFAB43BBDFAB4FAB41AB5FAB4CD
:10218000DAACFAB4FAB41694B9ACFAB4D9B41BBD4B
:10219000B9AC169C1BBD1BB51BBDFAB41BBD1BB552
:1021A0001AB5FAB4FAB4FAB4B9ACDAB499ACF69395
:1021B000F79B37A4D69338A499AC179C58A479A45C
:1021C0001794D683757B1794D683B68395830F4A6D
:1021D0002F52378C957BD67B178495731363F35AF4
:1021E0003363D673588CB67392524D31EC202D293F
:1021F0000C298E39F049715A7162CF516D51AF512E
:102200005162EF498E41AE416D314C292C294D2947
:102210004D292C292C292C294D298E31AE398E3966
:10222000AF41CF49515A115AF059F059726A72723E
:102230007272B382937A527A527AF48A3593F49214
:102240001593D392B38A7282728A928AB38AB38ABE
:102250007282317A517A717A517A727A927A927A5A
:10226000D382F482D37A727272729272D37AF47ACF
:10227000F47AF47A1483D37A92729272D37A348392
:102280001483348B558B558B55937593769BB69BE6
:10229000B69BB69B769B559355935593358BF4829D
:1022A000D37AD37A927A316A1062516AB37A1483FC
:1022B000358B1483D37A9272926AF37A5583768B34
:1022C0003483F37AD37AF4821483F482B27A72720A
:1022D0005172316A316A1062CF59AE59EF5930628A
:1022E0001062CF598E518E518E498E498E49AE491A
:1022F000AF49AF498E498E498E498E496E416E4134
:102300006E416D394D394D318E39CF41CF49AE498E
:10231000AE498D498D498C496F6A369C7AC51CD669
:10232000F693F693F693F793F79BF79BF79BF79B40
:10233000179CF693179CF79B179C179CF793179C79
:10234000379C379C379CB58BB58BF693B58BF69342
:10235000F693948BD58BF693D58BD58BD593B58B84
:10236000B58BB58BB58BF693D693379CF693D693F6
:10237000D693F693D693D693D693D693D693B58B1E
:10238000D58BB58BD593F693B58BB58BB593958BD4
:10239000958BF79B958B7583F37A71625062EF5141
:1023A0008E414C314C31AE414D396D39EF49CE49FA
:1023B000CE49AE41AE41EE418D396D314C292C21D3
:1023C0008D314C29CE398D314D314D292D29EC20BF
:1023D0000C294D31F0497162726A1062AE59316A4E
:1023E0009272105AAF49AE414D316D316D316D3140
:1023F0004D292C294D312C29EB204D29AE396E3930
:102400006E39CF49F051315A115A31621162316A35
:1024100052727272B382937A937A93821593359B38
:10242000159B149BF492D492D492D392B392B3920C
:10243000D39292829282727A717A717A717A927A56
:10244000927AB37AD37AF38214831483F482F47A7F
:10245000F47A3483F482F482D37AD37AF482148BBC
:10246000558B7593348BF382D382348B969BF7A371
:10247000F7A3969B7593769B969B969B969B969BB4
:102480005593348BF382B27A7172306A306A306A53
:10249000516AB27AF382F37AB2729272F37A558306
:1024A00096935583D37A92729272B27AD37AF47AEF
:1024B000F47A9272516A516A3062EF59AE518E4984
:1024C000EF5930623062CF516D414D416D416D41E8
:1024D0006E416E416E414D414D416E418E49AE4956
:1024E0008E41AE496E390C312D318E39AF41AF4935
:1024F000AE498D49AD51CD512E5A7383F9BCDCD50F
:10250000F693F693F693F693F793F79BF79BF7936F
:10251000F79B379CF79BF693B58B958BB68BF69311
:10252000F693F693F693948BF693B58BD593D58B60
:10253000B58B948B948B948BB58BB58BD593F6938D
:10254000F693F693B58BB58BD68BD693F79BB58B5D
:10255000958BB58BB58BB58BD68BD68BB58BB58B59
:10256000B58BD58BB58BB58B74837483748B548387
:10257000958BB5935483758B347B916A105A8E4139
:102580004C312C314C318E41AE414D39EF51305AE6
:10259000EF51AE418D390F4AAE394C314C290B21E8
:1025A0006C290B216D314D312D298E396E312D293C
:1025B0000D292D29CF49B26A926A306A6E51517243
:1025C0009272F059CF51EF516D394D316D398E31D5
:1025D000AE398E392C29CB200C292C292D314D31A7
:1025E000AF41CF41AF41F051B36A3162D05911626E
:1025F000526A5272727A727A727A9382F48A35933C
:10260000359B359B159BF49AD49AD492D492D4924C
:10261000B3929282B38AD382B282B282727A927A6F
:102620007272B37AF38214831483F47AD37AF482C5
:1026300014831483B37A1483348B358B1483F4821C
:10264000558B96937693148BD382138B5593969BCD
:10265000B6A3969B769B769B969B969B969B969B0A
:1026600075935593348B148BF482D3829272306AB3
:102670001062306A92721483F37AB2729272B272FA
:102680001483758B758BF37AB372D37A14831483A6
:102690001483D37A9272926A726A5162CF516E41F8
:1026A0008E49F0595162105AAF498E416E416D41C9
:1026B0004D414D394D414D412D394D418E49AE4928
:1026C000CF51EF518E410C31EC282D316D396D41D8
:1026D0008E498D49CE51CE51CD51D172B8B4DCD591
:1026E000F693F693F693F693F793F79BF79BF7938E
:1026F000179C179CF79BD693B693B693B693D69335
:10270000F69BD593D693F693F69BB58BB593D6935C
:10271000D693D693D593D593D593D693D693D69374
:10272000F693F693D693D693D693F693F693D693E1
:10273000B58BB693B693B693B693B693B693D68B42
:10274000B58BD68BB693B58B958B958B958B758BFF
:10275000958B958B7583758B147BB26AF0516D41A7
:102760004D314C316D398E41AE49CF51EF59305A10
:102770000F5AAE49CF495052EF496D396D314C3146
:102780008D390B298E398E39AF398E396E312D3115
:102790000C290C29CF419262726A316A8E595172AA
:1027A000937AF061D059CF516D416D396E398E39C0
:1027B000AF418E392C29EB280C290C290C292C31FE
:1027C0008E41AE41CF49F05172627262F05931626E
:1027D000526A316A5272937A937A727AB3821593FB
:1027E000359B359B159B149BD492D392D492F49233
:1027F000F49292829282D382D382D382B27A927AF4
:10280000727AB37AF482148B358B158B1483F4822D
:102810001483D37AB37AD37A1483348B148B1483CE
:10282000348B759396937593348B148B348B75938B
:102830007593969B969B75937593969B969B969B8B
:1028400075935593348B148B348B348BF382927A3B
:10285000516A516A516A9272D37AB272716A916AFC
:10286000D372F37A558B558BF37AF47A358B3583A3
:102870001483F47AB372B272B36A726A105ACF498F
:102880008E49CF49F0511052F051CF498E416E41DF
:102890004D414D414D414D394D414D416D416D4190
:1028A000AF49CF51CF494D392C394D392D392D39BB
:1028B0008E418E49CE51EE51CD51B06A77AC9CCD50
:1028C000F693F693F693F693F793F79BF79BF793AC
:1028D000179C179C179CF79BD693B693B693D693E9
:1028E000D693D593B593F693F693D693D693F69B5A
:1028F000F69BF69BF693D693D693D693D693D69320
:10290000B693B693B58BB58BD693F693F693D693D1
:10291000D693D693B693B693B68BB68BB58BB58B51
:10292000B58BB58B958B958BB693D693D693B69383
:10293000958BB693968B968BF37A51628E492C3990
:102940002C314D312C310C318E49105ACF59AE51AA
:10295000CF51EF51305A30520F4A2C312C316D3952
:102960004D310C29AE41CF41CF41CF41AF416E39FE
:102970002D29EC288E41715A7162516ACF61316AFA
:10298000937A316AD061F0598E498E416E418E4101
:10299000AE41AE416E394D312D310C312C314D39B6
:1029A0004D398E39AF491052105A105A5162726A1D
:1029B000516A31625172B37AB382727A927A149305
:1029C000359B359B159BF492B392B392D492149B92
:1029D000D392B38AB38AD382B282B282B282B282F3
:1029E000927AB37AD382F48255937693358BF482BC
:1029F000B37AB37AD37AD37AB37AB37AD37AF482C6
:102A0000F3821483558B9693D7A3B69B7593348B1F
:102A100034937593959B7593759375937593358BD7
:102A2000348B148B148B148B348B558B5593558BA3
:102A30005593F382516A306A9272B27A92729272AC
:102A40003062516AB37A1483358B358B148BD37A09
:102A5000F48215831583D37A9372726A5262315A63
:102A6000F051CF51AF49CF51F051D051AF49AF499B
:102A70006E416E416E416E416D414D390C390C39DC
:102A80006D41AF49F051AF496E414D392C392D3967
:102A90002D396D41AE49EF59EE597062D5935BC542
:102AA000F693F693F693F793F793F79BF79BF793C9
:102AB000179C179C179C179CD693D693B693B693E6
:102AC000D693B693B593D693B693D693D693F69BF7
:102AD000F69BD69BD693D693B693B693B693B693FE
:102AE000D693B693B693B693D693D693D693D693FE
:102AF000D693D693B68BB68BB693B693B693B68B66
:102B0000B693B58B958B958BB593D693D693D69379
:102B1000B693B693968B758BD37210528E414D3906
:102B20004D392D310C312C39EF593162F061106281
:102B3000516AEF59EF51CF49AE492C316D398E4171
:102B40008D392C316D39AE41AF41CF49EF496E39E6
:102B50002D31CB204D39305A516251621062106ACA
:102B60009382737AF069F061CF51CF518E418E41DB
:102B70006E39AE41CF49CF49AF416E394D394D39EC
:102B80002C316D39AF491052F051305A926AB26A05
:102B90009272726A5272B27AD382B37AB27AD38262
:102BA000F4921593359BF492D392B38AB392D49254
:102BB000F492F492F38AD38AB282927A927A927AD7
:102BC000B382D382D382D382D382F482358B558B66
:102BD0003583358B358B1483D37AB3729272927AA4
:102BE000D37AD37AF382558B969BD69BB69B969BD2
:102BF000B69BB69BB69B969B759375935593348BFA
:102C0000348B358B55935593348B1483F48A148B02
:102C1000148B348B148BF382148B148BD382B27A83
:102C2000927A5272106AF0695172927AB382F48A7F
:102C3000F48AF48AD482927A527272727272516AEF
:102C400031623162F0598F518E49AF51AF518E4987
:102C5000AF49AF49CF51AF516E494D412D414D4123
:102C60004D41AE49CF51F051AF496E414D392D39EB
:102C70000C394D396D41CE510F5A4F625483D9B43E
:102C8000F693F693F693F793F793F79BF79BF79BDF
:102C9000179C179C179CF79BD693D693B693D69305
:102CA000D693D693B693B693B593D693B693B6937D
:102CB000B693B693B593B593B593B693B693B693CF
:102CC000B693B693B693D693D693F69BF693F693B4
:102CD000D693B693B693B693B693D693B693B6936C
:102CE000B58BB693B593958B958B958BB593B69322
:102CF000B693B68B7583147B51628E494D392C3156
:102D00002D390C310C398E491062F061F0699272E4
:102D1000516ACF598E49105A305AEF494D394D39C1
:102D2000AE418D416D396D39AF49CF49104AAE4141
:102D30004D31EB280C31EF49716251623162116AF9
:102D4000727A9382316AF0611062CF598E498E494E
:102D5000AE49CF491052315A115ACF49AF498E412D
:102D60004D390C314D39AF49305A51623162B2722E
:102D7000B37292729272B37AF382F482D382B38284
:102D8000D38A1493359B359BF492B38A928A928AA4
:102D9000B38AD38AF38AF38AD382B282B382B382AC
:102DA000927A927AB382F482148BF482F48214833E
:102DB000358B358B358B358B3583F482B37A927AAC
:102DC00072729272B27AD37A148B5593B69BD7A350
:102DD000D6A3B69BB69BB69B969B7593759375933E
:102DE00055935593769396935593148BF48A148B3D
:102DF000358B75935593F38AD382D382D382D38252
:102E0000B3829382727A727A527A517A9282D38A98
:102E1000D48AB382D38AF48AD382B382727A106A54
:102E20003172316A1062D0598F514E494D496E4905
:102E30006E498E49AF51AF516E492C392C394D41F5
:102E40006E498E498E49AF498F498E418F414D3928
:102E50002D394D416D418D41CE510F5AF27A58A412
:102E6000F693F693F793F793F793F79BF79BF79BFC
:102E7000179C179CF79BF793D693D693D693D6932C
:102E8000D693D69BD69BB693B693B693B693B6938A
:102E9000B693B693B693B593B693B693B693B693EB
:102EA000B693B693B693B693D693D693D693D6935A
:102EB000D693D693D693D693D693B693B693B6932A
:102EC000B593B693B693B693B6939593B593B693DD
:102ED000B693958B5483B26AEF516D412D390C3105
:102EE0000C31EC304D418E51F061F061106A51723D
:102EF0005172316A6D49AE497162105A2C398E4156
:102F00008E41CF498E414D39CF49CF4910520F4A9A
:102F1000AE412C31CB288E41716271623162516AAF
:102F20003172937A5172106A316ACF59AF51AF51F1
:102F3000F051F051305A5162515A105AF051EF513C
:102F40006E414D394D392C39AE4971625162716211
:102F5000726A726AB37A1483148BF382D382F48A0E
:102F6000148B349335933493F492D392B38A928A28
:102F70007282B38AD38AD38AB282B282D38A1493FA
:102F80003593F48AD382F482148B348B358B558B32
:102F9000558B768B7693768B558B35831483F482A1
:102FA000D37AB37AB27A927AB27AD382348B559347
:102FB000959BB69BD7A3D7A3D69B95937593558B1B
:102FC000559355937593969B969B5593559355930F
:102FD000559334931493149335933493F38AB382B3
:102FE000B38AB38AD48AD48A938A9282928AB38A21
:102FF000928A928AD3921493F492F392D392928209
:10300000317A517A517A1072106A106ACF614E513A
:103010006E496D496E496E496D414D414D416E415C
:103020008E494D412D418E49AF49AF49AF496E415F
:103030004D398E41AE498E416D41AD49716AB693AD
:10304000F693F693F793F793F793F79BF79BF79B1A
:10305000F79BF793F793F793F693D693D693D6937C
:10306000D693D693D69BB693D69BB693D69BB69360
:10307000D693B693B693B693B693B693B693B693E8
:10308000D693B693B693B693B693B693B693B693D8
:10309000D693D693D693D693D693B693B693B69348
:1030A000B693B693B693B693B693B693B693B593D9
:1030B000B693958B347B9162EF518E416E410C310A
:1030C0000C31CC304D41AF59316A1172117211720D
:1030D00031725172CF598E493062105A4D414D4173
:1030E000AF49F051AE494D39AF49CF491052305236
:1030F0000F4A6D39AA202C31315A726A516292728C
:103100005272727A527A3172316ACF59AF51AF51DD
:10311000EF51F059316271625162105A105A105ACF
:10312000105A6D410C314D418E41AE49305A926A70
:10313000926AB372148314831483148B148B148BCC
:1031400035933493349334931493F492B38AB38ABB
:10315000B38AD38AD38AD38AB38A92829282B38281
:10316000D38A148B1593148BF48AF482F482F4823C
:10317000F4821483148314831483358B558B558BFD
:103180005593358BF382927A51727172927AB27A38
:10319000F382549375939593959396939693759321
:1031A0005593348BF482F48A148B5593769B969BBB
:1031B000769B3593F48AF38AF492F38AD38AB38A9E
:1031C000B38AB48AF492159BD492B392B392B2921A
:1031D000718A918AB292B292D292139B139BB2924D
:1031E0005182107AF079F071F071CF69AF618E5928
:1031F0008E596E516D494D412C410C392D416E4116
:103200004D410C390C39AF49D051AF496E416E4137
:103210004E394D396D418E416D418D49105A137BA8
:10322000F693F693F793F793F793F79BF79BF79B38
:10323000F79BF793F693F693F693F693D693D6937C
:10324000B693B693D693B693D693B693B693B693F6
:10325000B693B693B693B693B693B693B693B69326
:10326000B693B693B693B693B693B693D693D693D6
:10327000D693D693D693D693D693B693B693B69366
:10328000B693B693B693B693B693B693B593958B20
:10329000D693B68B347B7162CF496D414D39EB28A3
:1032A0000C31EC304E49F061937A3172F071117249
:1032B000517A5172F0618E51CF51105A8E492D4181
:1032C0001052315ACF496D418E41EF513052305238
:1032D0000F52AE41EB282C31CF5131623162937ADB
:1032E0009382727A727A927A106ACF59AE51AE5145
:1032F000AE51EF593162926A926A3162F059305A96
:103300005162CF516E416E416D416D41CF51305A86
:10331000726AD37A14831483148B55935593348B28
:1033200035933493359335933493F492D392B38A8F
:10333000D392D38AB38AB38AD48AF48AB38A928224
:10334000D382F48A1593358B359355935593358BEA
:10335000558B558B358B3583358B358B358B14835E
:10336000348B358B148BF482B37A927A717A717ABA
:10337000927AB27AF382F382348B558B759375937C
:10338000559355935593348BF48AD382927A517A1C
:103390009282B38AF492149BF492D38A928A728AAC
:1033A0005282528252825282728A728A928A928A9D
:1033B000B2929192918AB192F29A54AB33ABF29A53
:1033C000B29A929A718A1082CF71CF71CF69CF6908
:1033D000CF69F0611062EF598E494D412D394D4151
:1033E0002D41EC382D398E49D051AF494E416E41B7
:1033F0004D392C312C396D41AE49CE51EF59926A7D
:10340000F693F693F793F79BF793F79BF79B179C2D
:10341000179CF793F693F693F693F693D693D69379
:10342000D693D693B693D693B693D693B693D693B4
:10343000B693D693B693B693B693B693B693B69324
:10344000B693B693B693B693B693B693B693B69334
:10345000D693D693B693B693B693B693B693B693E4
:10346000B693B693B693B693B69395939593B69356
:10347000B68B75831373515ACF496D394D39EC3082
:103480000C310D39AF51116AB482317AF071317A51
:10349000727A727A1062AE518E511062AF518E49BB
:1034A000CF51105AEF51CF494D41CF51EF511052EA
:1034B00010520F526D394D398E41F051F0599372BF
:1034C000F48A727A927AB382F061F061AF51AF51AF
:1034D000AF51F0593162926AB27251621062516218
:1034E0003162105ACF514D418E498E494D418E491E
:1034F000EF59726AF47A558B558B559355937693A1
:103500003593559355935593349B1493F492D392DA
:10351000D392F492B38AB382F48A14931493F48A04
:10352000F48AF48AF48AF48A148B358B5593769353
:10353000769376937693558B558B358B1483F482E3
:10354000D382F482148B358B5593348B148BF38296
:10355000F382D382D382F3821483F382F382148BB7
:10356000359355933593F48AB382B382B3829282B2
:103570009282727A517A317A107A317A51825182FA
:10358000317A3282F071F079518271820F7AEF795B
:103590000E7A4F82D192B4AB57C497CC15C4B4B352
:1035A00074AB33ABF2A29192308ACF79AE71CF7106
:1035B000CF69F069106AF061CF598E516E496E4142
:1035C0002D410C392D392D398F49CF496E416E3936
:1035D0004D390C312C312D39AE49CF51CF51716A53
:1035E000F793F793F79BF79B179C179C179C179CD7
:1035F000179CF79BF79BF79BF693F693D693D6937E
:10360000D693D693D693D693B693D693B693B693D2
:10361000B693D693B693B693B693B693B693B69342
:10362000B693B693B69396939693B693B693B69392
:10363000B693B693B693B693B693B693B693B69342
:10364000B693B693B69396939693969396939693D2
:10365000958B7583D36A1052CF494D390C31EC28C4
:103660000D312D39D0599272158B327AF071517A11
:10367000938293823172AF596E493162105AEF5181
:10368000AE49CF49305ACF518E49AE49CE51EF5154
:10369000105230520F528E412D398E4110525162CC
:1036A000148BB3825172B3827172CF61CF59AE5114
:1036B000AE51AE5130629272D37292723162516ADF
:1036C0003162516AF059AE51CF51CF518E496D419F
:1036D0008E49CF51516A147B758B7693769376938E
:1036E000559355935593559B559B359B1493149324
:1036F000149314931593D48A9382D48A3593149394
:10370000F492F48AF48AF48A148B148B358B5593D3
:103710007693569356935693569356935593358B6B
:10372000358B358B148BF482F382F382F382F38230
:10373000F382148B348B348B348B148BF382D382CF
:10374000D382D382F48A5593559B1493D48AB38A37
:10375000D38AB38AB282B38AD38AB38A9282517AE5
:10376000317AF071117A317A107A307A2F7AED71DC
:103770004E7A92A3D7CC79E5DAED1BF6DAED38DD97
:10378000B7CCF5BB94B353AB53AB70920F82107AA6
:10379000CF71D069CF69AF61AF61AF59AF51AE5151
:1037A0004D416E414D414D394D398E41CF496E39B4
:1037B0004E392D312D316D39AE49CF51F059726AE4
:1037C000F793F793F79BF79B179C179C179C179CF5
:1037D000179CF79BF79BF79BF693D693D693B693DC
:1037E000D693D693D693D693D693D693D693D69391
:1037F000D693D693B693B693B693B693B693B69341
:10380000B693B693B693B6939693B693B693B69390
:10381000B693B693B693B693B693B693B693B69360
:10382000B693B69396939693969396939693969310
:10383000968B7583D26A0F52CE494D390C31EC28E4
:103840002D392D39F159B37A158B527A1072728253
:10385000B38AD38A7272CF596E4931625162305A3B
:10386000AF49CF51105AF059AE49AF51CF51AE497F
:10387000EF51515A515ACF492D314D39AF4931622B
:10388000F382B27A7172927A7272306ACF59CF59DA
:10389000AE51AE51105A726AD372D37A7272316AD3
:1038A0007272516A106210623062EF59AF51EF517B
:1038B000AE516E49AE519272558B76935593559396
:1038C00035935593759B759B759B559B349B1493B2
:1038D0003493359B359BF49293829282B38AD48A37
:1038E000B38AB382B382D48A148B358B5593769383
:1038F000769376939693769376937693969B969B10
:10390000769376935593348B148BF382D27AB27A72
:10391000D382D382F382F382F382F382F382F3823F
:10392000D282B27A927A927A9282B382D48AF492D2
:10393000B38AB38A9282517A30723172717AB282CA
:10394000B38293827282517A507A2F7AB08AD4AB42
:1039500096BC99DD7CF6BDFEBDFEDDFEDDFE5CF6AF
:10396000DBED7AE5F8DC15C493B312A3B192518A6A
:103970003182F071CF71CF69AF61AF61CF59CF594B
:10398000AF518E494E414D414D396E41AF49AF4126
:103990006E394D392D314D398E41AF51F059926A02
:1039A000F79BF79BF79B179C179C179C179C179CE2
:1039B000179CF79BF79BF793F693D693D693B69302
:1039C000D693D693D693D693D693D693D693D693AF
:1039D000D693B693B693B693B693B693B693B6937F
:1039E000B693B693B693B693B693B693B693B6938F
:1039F000B693B693B693B693B693B693B693B6937F
:103A0000B693B6939693969396939693969395932F
:103A1000B58B7483B26AEF49AE414D310C31EC285D
:103A20002D394E413162D482158B517211729282BE
:103A3000B38AD48A727ACF598E513162716A5162D7
:103A4000315AEF51AF49CF51AF518E51AE51EF5175
:103A5000EF51305A305AAE494D398E418E4931625C
:103A6000727272727272316A927292721062CF596D
:103A7000AE516E49CF51716AF47AF482937A927A98
:103A80009272516A516A726A5162106210623162B6
:103A9000105AAE498E49F059B37A558B969B969B36
:103AA00055935593759B759B759B759B759B559B06
:103AB000359B359B359B1593D38A9382B382D38AEA
:103AC000B382B382B382B382D482F482148B148B18
:103AD000158B358B9693979B9693969376939693A7
:103AE000969396939693969396937593548B348B63
:103AF000348B1383F382D37AD37AD37AD37AD37A7B
:103B0000B37AB27A727A51723172517A9282938216
:103B1000B3829282727A927A927A7172106ACF61CB
:103B20008E59AF61CF690F6A507AD182D4A359D52B
:103B30003CEEBDFE1EFFFEFEFDFE1EFF1EFFBDFE97
:103B40009DFE5DFEDBF518DD76CC35C494AB139B92
:103B5000B2925182107A1072AE61AE61AF59CF51FC
:103B6000CF51CF51AF518E494E416E41AF49AF4910
:103B7000AF498E410C31EC304D39AE49CF515162D5
:103B8000179C179C179C179C179C179C179C179C9D
:103B9000179CF793F793F793F693F693D693D693F0
:103BA000D693D693D693D693D693D693D693B693ED
:103BB000B693B693B693B693B693B693B693B693BD
:103BC000B693B693B693B693B693B693B693B693AD
:103BD000B693B693B693B693B693B693B693B6939D
:103BE000B693B6939693969396939693959395934F
:103BF000958B54839162EF498E414D312C31EC28E5
:103C00000D314D4151621483158B517A317AB38A4B
:103C1000F48AF48A7272F061AF5130625162105AC4
:103C2000B26A5162AF51AF51CF598E51CF59106224
:103C3000105A105A10528E496E41AF498E49105A8F
:103C4000306272729272316A7272B272716ACF5954
:103C5000AE516E49AF51516AD37AF482D382D38286
:103C6000727272729272726A3162516A926A3162CF
:103C7000305A3162105AAF51F061D3827693B7A3B4
:103C80005593759B769B969B959B959B759B559B9A
:103C9000559B359B15933593359B1493D38AD382CB
:103CA000148B148B148BF48AF482D482D482D48241
:103CB000B37AF482358B76937693558B358B358B2F
:103CC000148B348B348B548B558B7593558B558B50
:103CD0007593548B348B1383F382D27AB27A9272B7
:103CE0009272927A92725172106A106A106AF06936
:103CF000117231727172927A927A7272306AEF61D5
:103D00008E594D514C516C510E6AD4A39ADDBEFEB2
:103D1000DEFEDDFEFDFEFDFEFDF6FDF6DDF6BCF68B
:103D20009CF65CF65CFE3BFEDBF57AE5F8D477C4E6
:103D3000F6B374A3D28A2F7AEF69CE61CF59AE5110
:103D4000CF51F059F051AF494E414E418F49CF51BB
:103D5000AF496E41EC30CB300C398E498E49105A48
:103D6000179C179C179C179C179C179C179C179CBB
:103D7000179CF793F793F793F693F693D693D6930E
:103D8000D693D693D69BD693B693B693B693B69363
:103D9000B693B693B693B693B693B693B693B693DB
:103DA000B693B693B693B693B693B693B693B693CB
:103DB000B693959395939593B693B693B693B6931E
:103DC000B693B693B6939693959395939593958B57
:103DD000958B547B9162EF49AE396D312D31EC28D2
:103DE000EC302D39526A358B3593927A527AD38AD8
:103DF000359B3593937A306ACF59EF59105AEF516A
:103E00007262147B926AEF59D061D061F0613062C6
:103E1000726A726A7162EF51AE49AE494D41AE4964
:103E2000105A9272B272516A726A9272B372F059F7
:103E30008E51AE51CF59F0595272F482F48AB38246
:103E4000927A9272B37A9272516A9272B3723162BA
:103E5000105A71625162F059CF59316AF482559308
:103E600096A3B6A3B6A3759B559B559B959BB6A3EE
:103E700096A3759B55935593759B559B1493F38A05
:103E8000F38AF38A148BF48AD482F482F48AF4825B
:103E9000158B358B358B358B558B558B5593759392
:103EA00075939593959395937593758B548B548BCC
:103EB000548B548B34831383F382F37AD37A9272C4
:103EC000717271725172316A106AF061CF61CF61A3
:103ED000AF59CF61EF61F0611062306A516A71725F
:103EE0001062CF61CE61EE61D18219C5BEFEFEFEC9
:103EF0001EFF1DFF3EFF5EFF3DFFFCF6FDF6FDFED3
:103F0000FDFEDDFE9CFE5BF63BF6DAED3CF61DF6B3
:103F10009BE5D9D494AB4F7A0F72EF69EF61AF5143
:103F20006E496E49AF51F059CF514D412D416E4907
:103F3000105A105AAF516D414D418D418D41EF499D
:103F4000179C179C179C179C179C179C179C179CD9
:103F5000F79BF693F693F693F693F693D693D69350
:103F6000D693D69BD69BD693B693B693B693B69379
:103F7000B693B693B693B693B693B693B693B693F9
:103F8000B693B693B693B693B693B693B693B693E9
:103F9000B693959395939593959395939593B6939F
:103FA000B693B693B693B69395939593958B958B5D
:103FB000758B337B91620F4AAE396D394D31EC28E8
:103FC000CC282D395162558B7593B282517AD38AA0
:103FD000359B559BD4825172CF59AE51F059CF5178
:103FE000F059147B1483516A106A106A106A717256
:103FF0009272B372B3727162F059AF512D392D4183
:10400000CF51516A926A726A516A726AB3723062AF
:10401000CF59CF59CF59AF59116AB382D48AD48AB4
:10402000B37A7272B37AB37A92729272926A71624E
:10403000316231623162516A516A116A5172927A07
:10404000359396A3F7AB18ACB6A3759B759BB6A337
:10405000B6A3B6A3969B759B759B759B759B559B4D
:10406000138B148BF38AF48AF48A158B3593569349
:10407000769B56935593558B55937593959396933D
:10408000B69BD69BD69BD69BB69B95937593758B0B
:10409000548B548B548B348334831483F37AD37AC4
:1040A000B27A927292727272516A1062CF59AF599B
:1040B0008E516E516E518E51AF51EF59EF59CF590C
:1040C000CF61106A5072907AD4A3FBE5FFFEFEFE2A
:1040D0001EFFFDFE1DFF3DFF3DFF1DF71DF73EFFCF
:1040E0001EFF1DFFFCFEBCFE7BF6B8DDFBED3CF6C3
:1040F0005EFE1DF6D9D412932F7ACE61CE59AF5100
:10410000AF518E496E496E498E496E494E49AF5145
:10411000AF51CF51AF516D414D416D41AE490F523D
:10412000379C379C179C1794179C179C179C179CBF
:10413000179CF693F693F693D693D693D693D6938D
:10414000D693D69BD69BD693D693B693B693B69377
:10415000B693B693B693B693B693B693B693B69317
:10416000B693B693B693B693B693B693B693959328
:10417000B693959395939593959395939593B693BD
:10418000B693B693B693B6939593958B958B958B83
:10419000758B337B91620F528D396D314D290C290E
:1041A000EC284D395162558B9693B38230729282CE
:1041B000F492559B148B7272CF59AE511062EF5925
:1041C000CF51926A1483B37A316AF069106A7272BD
:1041D000727AB27AB372926A3062EF596E492D41A7
:1041E0008E513162726A726A516A726A9272726A2E
:1041F000516AF059AF598F59F061727AB482D48AFA
:10420000B382937AB37AD37AB37A92729372B37297
:10421000B37251623062526A92725272116A106ABB
:10422000D38A559BD7AB18ACB6A3759B959BF7A3C8
:10423000D7A3B6A3B69BB6A3959BB6A3D6A3B6A3A6
:1042400054933493138BF48AF48AF48A1593359338
:1042500056933593559355935593759375939593BD
:1042600095939693B69BD69BD69BB69BB69BB593E0
:104270009593B6939593758B558B35833483147BC7
:10428000D37AD37AD37AB27A7272306ACF59AF5175
:10429000AE518E518E518E518E498E498E496E4946
:1042A0008E59306AB17A5393D8C45DF6FEFEFDFE96
:1042B000DCFEBBF6BBEEDCF6FCF61DF71DFF1EFFB9
:1042C0005EFF3EFF3DFF1CFFDCFE19E6B9DDFBEDA6
:1042D0003CF67EFE1DFE77C4B182EE69CF61AF5918
:1042E0008E518E518E494D414D498E498E49AE4970
:1042F000CF51AF51CF514D414D414C39AE49EF51A6
:10430000379C379C179C1794179C179C179C179CDD
:10431000179CF693F693F693D693D693D693D693AB
:10432000D693D69BD69BD693D693B693B693B69395
:10433000B693B693B693B693B693B693B693B69335
:10434000B693B693B693B693B693B6939593959367
:10435000B6939593959395939593959395939593FC
:10436000B693B693B69396939593758B958B9593D9
:10437000748B337B91620F528D396D314D290C292D
:10438000CB284D415162758BB69BD3821072717AE6
:10439000D38A759B1493927A1062CF59516A105A3E
:1043A000AE5131621483D37A31721172106AF0699E
:1043B0005272927AB37A92721062F059AF518E496A
:1043C000AF513162726A9272726A9272726AB37299
:1043D000B372516ACF596E51AF61727293829382F8
:1043E000B382F482F482B37AB37AB37AD47AF47A69
:1043F000F47A9272316210625272727A3172AF61E3
:104400009282F38A969BD7ABB6A3759BB69BF7AB0C
:1044100018ACD6A3B69BB6A3D6A3F6ABF6ABB5A3A2
:10442000B5A3749B54933493349334933593359B51
:10443000359B559B759B959B959B959B959B9593C4
:10444000959B9593959BB59BB69BB69BB69BB69B50
:10445000B69BD69BB69B9693768B558B55833583AF
:104460001483147BD37AB272726A716A516A3162B0
:10447000F059EF59CF51AF518E498E496E494D4990
:104480008E51106AB17A749B19CD9DFEFEFEBCFE62
:104490009BF67AEE9AEE9BEE9BEEDCEEFDF61DFFB0
:1044A0003DFF3DFF3DFF1CF73DFFFCF6D9DD99DDEB
:1044B000DAED5DFE5EFE3ADD1293507AEF698E59B9
:1044C0006E516E496E494D414D416E416E41AF494D
:1044D000AE49AE49105A8E494C410B396D41AE4937
:1044E000179C179C1794179417941794179C179C54
:1044F000179CF693F693F793F69BD693F69BD69379
:10450000D69BD69BD69BD693D693B693B693B693AB
:10451000B693B693B693B693B693B693B693B69353
:10452000B693B693B693B693B693B6939593B69364
:10453000B693B693959395939593959395939593F9
:10454000B693B693B693B69395939593958B958BB7
:10455000948B337B91620F4AAE396D314D290C2912
:10456000CB284D395162758B9693F382F069517A5D
:10457000B38A559B3593B382306A1062716AEF59E2
:104580008E513162D37AB37A31723172D069F0715F
:104590003172927A927A7272316A1062F059AF5126
:1045A000AF59316A727292729272B3729272D37A06
:1045B000D37A926ACF598E51CF615172937A727ABF
:1045C000B382D482F482D482937AB37AF47A147B5D
:1045D000F47AB3725162F061316A727A5272F069A0
:1045E000317A92823493B6A3D6A3B6A3B69BD6A350
:1045F000F7A317ACB6A3959B17AC37B4D6ABD5A32E
:10460000B5A3D5A3B5A3759B549B559B559B559BB3
:10461000559B759B95A3959B959BB59BB59BB59B12
:10462000B59BB59BB59BB59BB59BB59B959B959352
:104630009593B69396939693768B768B568B35831C
:1046400014831483D37A926A726A926A726A51628C
:104650003162EF59CF51CF51AF496E416E496E492A
:10466000AF59106A7172949B5AD59DFEDDFEBCFE57
:104670009BF69BF67AE69BEE7BE6DCF6FDF61DFFED
:104680003EFF3DFF3DFF3DFF3DFF1DF77BEE98D513
:10469000BAE55DFE5DFEDCED329B918230728E5993
:1046A0006E516E496E492C414D396D414D396D3910
:1046B0006D41AE49EF51AE496D494D416D498E494D
:1046C000379C179C179C179417941794179C179C4A
:1046D000179CF693F693F693D693D693D693D693E8
:1046E000D69BD69BD69BD693D693B693B693B693CA
:1046F000B693B693B693B693B693B693B693B69372
:10470000B693B693B693B693B693B6939593B69382
:10471000B693959395939593959395939593959338
:1047200096939693B693B6939593958B958B959315
:10473000748B137B916AEF518E416D312C290C29BA
:10474000CB284D395162758B9693148B106A307259
:104750009282559B559BF48A727230623162EF5996
:10476000AE51105A9272B37A927A3172F071D06966
:104770001172727AB37A7272516A7272316AF0612E
:10478000AF59106A52729272927292727272D37AA6
:10479000F47A92721062AF59CF595172727A727A6A
:1047A0009382B382D482B37AB37AD482F482D37AF6
:1047B000D37AD37A9272316A106A316A5272517224
:1047C000CF615172D38A5593B6A3D7A3D6A3959B35
:1047D000B69BD6A3D6A3D6A3F6AB37B416B4F5AB27
:1047E000F5ABF6ABF6ABD6ABB5A3B5A395A395A346
:1047F000D6ABB5A395A394A3B4A3D5A3F5A3F5A372
:1048000016ACF6A3F6A3D5A3D59BB59B959B959324
:1048100075937593759396939693768B568B358394
:1048200035833483F47AB272926A726A716A516221
:104830003162105ACF51AE496E418E49AF498E490F
:10484000F0615172917A93937AD5BDF6FDFEFCFE2C
:10485000DCF6FCF6BBEEBBEE7BE6DDF6FDF61DFFFF
:104860003EFF5EFF5DFF5DFF5DFF3DFFDCF63BE66B
:10487000FAE55CF65DF6FCEDB4A3B182106ACF6197
:104880008E596E514D410C394D398E412C310C31C0
:104890002C314D39AE49CF518E498E51CF59CF5918
:1048A000379C379C179C179417941794179C179C48
:1048B000179CF693F693F693D693D693D693D69306
:1048C000D693D69BD69BD693D693B693B693B693F0
:1048D000B693B693B693B693B693B693B693B69390
:1048E000B693B693B693B693B693B6939593B693A1
:1048F000B693959395939593958B9593959395935F
:10490000968B968BB693B6939593758B958B959363
:10491000748B137B716AEF518E416D392D29EC2810
:10492000CB284D395162758B9693348B106A106A7F
:1049300072823493559B148BB382516A1062CF59A3
:10494000CF5110629272F482148B9382527AF0717A
:104950003172527AD482D382D382D3827272F06956
:10496000F061F069106A316A5172927A92729272B1
:10497000D37AD37A92721062F06151727272937A22
:10498000B37A727A527A937AF482D482B37AB37A0F
:10499000B37AB37AB3729272727251725272927A1D
:1049A000F0693072717AB2823493B6A3D6A3759B44
:1049B000969BB6A317AC17ACF6AB37B477BC57BC15
:1049C00015ACF5ABF5ABF5ABD5ABD5ABF5AB16B4DC
:1049D00016B4F6ABF5ABF5AB15AC35AC36B436ACBE
:1049E00057B457B436AC16ACF6A3F5A3D59BB59B1C
:1049F000B59B95939593958B758B768B5583358366
:104A00001583147BF47AD372B26A926A5162305A77
:104A1000EF59CF51AF51AE496E41CF51F059AF511F
:104A20001162B27AF282F59BDBD5FEFE1EFF3DFFDE
:104A30005EFF5EFF3DFF3DFFFDF61DFF1EFF3EFFDB
:104A40003EFF3EFF5EFF5EFF5EFF5EFF3EFFFEFE3F
:104A50009DF65CEEDFFE7EF677BC707A1072F06930
:104A6000AF596E514D492D414D396D392C312C3195
:104A70004D394D396D41AE496E498E51AF59F0599E
:104A8000379C379C179C179417941794179C179C66
:104A9000179CF693F693F693D693D693D693D69324
:104AA000D693D693D693D693D693B693B693B6931E
:104AB000B693B693B693B693B693B693B693B693AE
:104AC000B693B693B693B693B693B6939593B693BF
:104AD000B693959395939593958B958B958B96938C
:104AE00096939693B693B6939593958B958B959352
:104AF000748B1383716AEF518E416D392D31EC281F
:104B0000CC284D415162758B759355933072106A64
:104B1000517A1493559B3593F48272721062EF5957
:104B2000EF5110629272D382D482B3829282317A30
:104B30001072F069927A148B3593148BD382727A47
:104B400031723172F069F0695172B37A937A72728C
:104B50007272F47A1483716A316A52725272F482F8
:104B6000D382727A31723172B382B382937AD482F1
:104B7000148BD482D482D482D382927A51725172AD
:104B8000717A51725172917AF38A5493B6A3D7AB6A
:104B9000D6A3D6A3F6AB17B437B498BCD9CCD8CC2F
:104BA00097C497BC76BC56BC36B436B436B456B44B
:104BB00076BC97BCB7C4D7C4D8C4D8C4D8C4F8C4CA
:104BC000D8C4D8C4B8BC97BC77B477B436AC36ACCC
:104BD000F6A316A4F69BB693758B558B3583147B81
:104BE000F47AF47AD47AD372D372B272926A716A16
:104BF00051623062105ACF51AF49F059105AAF513B
:104C0000516A1483338356A41CE61EFFFDF65DFF34
:104C10005DFF7EFF5EFF5EFF1DFF1EFF1EFF1EFF8E
:104C20003EFF3EFF5EFF5EFF7EFF7EFF7FFF3EFF9B
:104C3000FEFE5CEEDEFEDFFE5AD5707A517A317AE6
:104C4000D0616E512D494D418D418D418D39AE411F
:104C50008E418E414D396D416E494D494E49CF5976
:104C6000379C379C179C179417941794179C179C84
:104C7000179CF693F693F693F693D693D693D69322
:104C8000D693D693D693D693D693B693B693B6933C
:104C9000B693B693B693B693B693B693B693B693CC
:104CA000B693B693B693B693B693B6939593B693DD
:104CB000B69395939593958B958B958B958B958BBB
:104CC000B693968B968BB693959395939593959370
:104CD000748B1383716ACE516E414D392D31EC289E
:104CE000CC302D413162558B96937593717A106A51
:104CF0001072F38A769B559B148BB37A51623062A3
:104D0000105AEF59516AB37AB37AB382728292829F
:104D10003172AF61106A148B559BD38AF48AD48A9E
:104D20009282517A10723072727AB27AB37A727257
:104D30007172D37A3483D37A7272516A5272F48266
:104D4000148BF48A527AF0691172727A9382B38268
:104D5000F482158B358B148BD382927A727A5172CE
:104D6000D382927A717AB282D38AF38A559396A3C8
:104D7000D6ABB6A3B6A3F6AB77BCD9CC19D53AD58A
:104D800059D559D559D518CDF8CC18CDF8CCF8CC83
:104D9000F7C4F7C418CD18CD18CD38CD38CD59D5B6
:104DA0005AD55AD559CD39CD19CDF8C4B7BC97B419
:104DB00077B457AC16A49593548334833483147B0F
:104DC000F47AD372B372B372D372F47A147B147B15
:104DD000F37AB272926A5162306231625162106249
:104DE000B3723483127B56A45DE61EF7FDF63DFFD9
:104DF0005DFF7EFF5EFF5EFF1DFFFDFEDDFEDDF65B
:104E0000DDFEFDFE1DFF3DFF5EFF7EFF7FFF5FFFBE
:104E10001EFFDEF65CE6DFFE1DEE1293307A728234
:104E2000527AAF610D492D416D418D418D396D39FA
:104E3000AE418E416E41AF49CF514D410D416E495A
:104E4000379C379C379C179C179C1794179C179C72
:104E5000F793F693F693F693D693D693D693D69389
:104E6000D693D693D693D693D693B693B693B6935A
:104E7000B693B693B693B693B693B693B693B693EA
:104E8000B693B693B693B693B693B6939593B693FB
:104E9000B693B69395939593958B958B958B958BB0
:104EA000968B968B758B958B9693B59395939493E0
:104EB00074931383716ACE516D414D392D310C2994
:104EC000EC300C39F0593483B6939593D382307219
:104ED000CF699282569B769B358BD37A926A716AA0
:104EE0005162EF51516AF382F48A158BB382D382F7
:104EF0009282F069F069F48A559B7282D38AF48AAF
:104F0000D48A9282517A317251725172927AB37A02
:104F1000B37A9272148314839272516A5272927AA3
:104F2000148B3593B382317211723172327A937A63
:104F3000937AD382148B5593148BB37A927A927AA4
:104F4000F48AD382B382D382D382D382D38AF38A80
:104F5000349B95A3B6ABF6AB77BCD8CC3AD5BBE5C2
:104F60001CEE3CF63CF6FBEDFAE5FBE51BEE1BEE1A
:104F7000FBE5DAE5DAE5DAE5FBE5FBE51BEE1BEE42
:104F80001CE61CEE1CE61CE6FBE5DBDD9AD57ACDC3
:104F900039C5D8BC57AC169CD693958B5583558391
:104FA000F47AD472B372D372F47A147B347B347B88
:104FB000147BD372D372B272B272726A92729272AC
:104FC00014831383127B56A49DEEFEF63EFF3DFF35
:104FD0005DFF5DFF1DF7DCEE7BEE5BEE3AE61AE669
:104FE0003AEE7BEEBCF6DCEEFCEE3DF77FFF9FFF7A
:104FF0009FFF5FFF9CEEFEFE7DF6539B307A318271
:1050000072823172AF614D490C390C312C312C3127
:105010002C31EC304D41AF51F0518F518F518F51A8
:10502000379C379C379C379C179C179C179C179C68
:10503000F793F693F693F693D693D693D693D693A7
:10504000D693D693D693D693D693D693D693D69318
:10505000D693B693B693B693B693B693B693B693E8
:10506000B693B693B693B693B693B6939593B69319
:10507000B693B69395939593958B958B958B958BCE
:10508000968B768B758B758B958BB693B593759345
:10509000549313839172EF596E414D392D31EC28A1
:1050A000EC300C39CF511483B6939593348B517AED
:1050B000EF69317A3593769B35931483B272716AB6
:1050C0005062CF513062D37A358B5593148BD38293
:1050D000B38251723172D38A15939282D38AF49239
:1050E0003493D38A927A31721072106A927AB27AB9
:1050F000D37AD37A1483F47AB27272725272517282
:10510000D382148B148BB38A728211721172727AE9
:105110009382927AD38235935593F48AB382B38281
:10512000B37AD382D382B382B382D382D38AB28A50
:10513000B28A349B95A3F6AB37BC98C439D5DBED66
:105140005CF67DFE9DFE5CF63BEE3BEE5BEE7CEEA0
:105150005BEE3BEE3BEE5BEE5CF65CF65CF65CF623
:105160007CF67DF67DF67DF65DEE5CEE1CE6FCE5FC
:105170009AD539C5F9BCB8B478A4D6937483347B76
:10518000147BF47AD47AD47AF47A147B147B137B6C
:10519000147B147BF47AF37AD372726A726A937214
:1051A000358B548B748BD8B4BEEE1EFF7EFF7EFF12
:1051B0007EFF7EFF1DFFBCF67BEE3BEE3AEE3AEE45
:1051C0003AEE1AE63AE65ADE7AE6BCEE3EFF7FFF9A
:1051D0009FFF5EFF1EF71EFFBEF6D4A3B18A518269
:1051E000117A327A3172D0612D41CB302C394D3960
:1051F0004D390C392D416E498F498F498F494E41A8
:10520000379C379C379C179C179C179C179C179CA6
:10521000179CF693F693F693D693D693D693D6939C
:10522000D693D693D693D693D693D693D693D69336
:10523000D693D693B693B693B693B693B693B693E6
:10524000B693B693B693B693B693B6939593B69337
:10525000B693B69395939593958B958B958B958BEC
:10526000968B968B758B758B758BB693B693759362
:10527000549333839172EF598E494E392D310C314D
:105280000C310C39AF51F37A969355935593928222
:10529000317A1072F48A769B7693558BD372516A69
:1052A0005062EF59EF59516AF4825593769BF48A14
:1052B000D48A927A727A927AD38A9282D38A149317
:1052C000559B3493D38A517A30723172927A7172CB
:1052D000927A348B1483B272D37AB37A7272317247
:1052E0005272F48A3593F48A9382527A527A728295
:1052F00072829382B382D382148B75935593F48A0E
:105300007272D382F48AD38AB382B38AB38AB282A6
:10531000B28AD38A339395A316B4B8C439D5BBE502
:105320003CF67DF6DEFEDEFEBDFE9CF69CF6BCF68F
:10533000BCF6BCF6BCF6BDFEBDFEBCFEDDFEFDFE51
:10534000DEFEFEFEFEFEFEFEFEFEDEFEBDF69DEE77
:105350005CE61CDE9ACD39BDB8AC369CD593958BF6
:10536000558B3583147BF47AF37AF47A147B347B8F
:1053700014833583F47AF47AB3727272726AD37AD0
:10538000348BB59B15A4BBD5DDF65EFF5EFF7EFFBB
:105390007EFF5EFF3EFFDDF6BCF69CF6BCFEBCFE6B
:1053A0009BF63AE6F9DDF9DD19DE5AE6DCF63EFF5A
:1053B0005FFF7FFF3EFF3EFFDEFE76B4B18A518283
:1053C000117A117A3172316A8E51EC380C392D39DB
:1053D0004D392D390C392D394E41AF518F496E4120
:1053E000379C379C179C179417941794179C179CFD
:1053F000F79BF693F693F693D693D693D693D693DC
:10540000D693D69BD693B693D693D693B693D6938C
:10541000B693B693B693B693B693B693B693B69344
:10542000B693B693B693B693B693B6939593B69355
:10543000B693959395939593958B958B958B958B2B
:105440009693968B758B758B9593B5939593759372
:105450007593348BB2723062AE518E414D392D311D
:105460000C390C318E49B27296937593559B3493D7
:105470009282EF69727A7593969B76931483926AFF
:1054800031621062AF51F059F37A358B7693759390
:1054900075933593F38A3072517AF492D38AD38A12
:1054A0001493559B14937282317A727A727A517A7C
:1054B0005172D382348BF482B37AD382B37A72720C
:1054C0007172927A148B5593D38AB38A938A527AE3
:1054D000517A727A727A727AD38255937593559310
:1054E000148BF382D382F48AF48AD38AB38A9382A8
:1054F000B282D38AF38A139394A316B4B8C45AD54C
:10550000DBE57DF6DEFE1FFF1EFFFDFEFDFE1DFF3F
:105510001DFFFDFEFDFE1DFF3EFF1EFF1DFF3EFFAA
:105520003EFF5EFF5EFF5EFF5EFF3EFF3EFF3EFF13
:10553000FDF6BDEE3BDEBACD18BDB7AC36A4F69B8A
:10554000B693768B558BF47AD37AF47A15831583D8
:1055500014831483D37AD37AB272927291721383C2
:10556000F6A398B4D8BCFBDDBDF61DF75DFF7DFF4B
:105570005DFF5EFF3EFF1EFF1EFF1EFFFEFEFEFEE6
:10558000DDFEBCFE5BEEFAE51AE6F9DD5BEEDDF66C
:105590001EFF5EFF5EFF5FFF3FFF18C56F7A307A28
:1055A00072821072317A727AF061AF51CB38CB309F
:1055B000CC300D394E392D398F41AF496E41AE494E
:1055C000379C379C179C179417941794179CF79344
:1055D000F793F693F693F693D693D693D693D69302
:1055E000D693D69BD693B693D693D693B693D693AB
:1055F000B693B693B693B693B693B693B693B69363
:10560000B693B693B693B693B693B6939593B69373
:10561000B693959395939593958B958B958B958B49
:105620009693768B758B758B9593959395937593D0
:105630005493348BB27A506ACF598E494D392D39F3
:105640002D390C396D49726A55935593759B559B4D
:10565000F38A1072517A559376939693558B927282
:10566000516A516ACF59CF59B37A558B358B969B76
:10567000B6A3B6A3759B717A107214931493D38A50
:10568000F492359B149392821072F0713172927A77
:10569000727A927AD382348B358BF382F382358B94
:1056A0009272106A927A5593559B1493938A517A09
:1056B000117A72827282517A717AF382559355937C
:1056C000B69B348BF38A148B1493F48AB48AD48AED
:1056D000F48AF48AF38A13935393539BD5AB97BC04
:1056E00079D53CEEDEFEFEFE1EFF3EFF5EFF5EFF56
:1056F0003DFF3DFF3DFF5EFF5EFF3EFF3DFF5EFF66
:105700005EFF7EFF7EFF7EFF7FFF7FFF7FFF7EFFCE
:105710005EFF1DF7BCEE5BDEBAD538BD96AC159CBE
:10572000F69BB693969355833583F47AD37AB37206
:10573000B372B372B37AB37AD27AB17AF382B59B89
:10574000FAC43ACD39C51BDEBCEEFCF63DFF7DFF49
:105750007DFF3DFF1DFF1EFF1EFFFDFEDDFEDDFE8A
:10576000BCFEBCFE7CFE1BF6FAED98DDFAE59CF66D
:10577000DDFE3EFF7FFF5EFF7FFF58C5907A0F7A08
:10578000107A938A72821072106A306A4D49CC384E
:10579000AB30EC302D394E396E398F416E398E4138
:1057A000379C179C179C179C179CF793F793F793BC
:1057B000F793F693F693F693D693D693D693D69320
:1057C000D693D693D693B693D693B693B693B69311
:1057D000B693B693B693B693B693B693B693B69381
:1057E000B693B693B693B693B693B6939593B69392
:1057F000B69395939593959395939593958B958B58
:105800009693958B758B758B958B95937593748B00
:105810007493548BD27A716A105AAF514D394D3905
:105820004D390C394D415162358B75937593769B8B
:105830003493517A3172148B55939693768BF37A15
:10584000B272716A1062F0599272358B148B759333
:10585000759BD7A3D7A33493517A1493559B149374
:10586000F38A14931493B38A3072CF691072B282A0
:10587000D382927AB27A348B969B348B148B759345
:10588000D37A51727172F48A3593359BF492928275
:10589000517A92829282717A5172927AF382348B27
:1058A00075939693769B1593D48AD48AF592159323
:1058B000F592159314931393F28A1293749BF5AB9C
:1058C000B7BC9AD55CEEBDF61EFF5EFF7FFF7EFF84
:1058D0007EFF5EFF3EFF3DFF3DFF5EFF5EFF7EFF02
:1058E0007EFF7EFF9EFF7EFF7EFF7EFF9FFF9FFF6E
:1058F0007EFF5EFF3EF7DDEE7CE6DBD539C5D8B432
:1059000036A4B6939593758B758B3483F47AD37ADA
:10591000D37AB37AB27AB27A1383138BB59B78B405
:10592000DDDDDCDD79D55CE6DCF63DFF7DFF7DFF6E
:105930005DFF1CF7DCF6DDF6DDF67CF63AEE3AEEBE
:105940001AF61BF61BFEFBF5B9ED98DD1AEEBCFE50
:10595000DDFE1EFF5EFF5EFF7FFF99CDD182307AB4
:10596000307A928A518210721072106ACF614E5151
:105970002D41CC300D392D392D314D314D318E39F0
:10598000179C179C179C179CF793F793F793F79323
:10599000F693F693F693F693D693D693D693D6933F
:1059A000D693D693D693B693D693B693B693B6932F
:1059B000B693B693B693B693B693B693B693B6939F
:1059C000B693B693B693B693B693B6939593B693B0
:1059D000B693B6939593959395939593958B958B55
:1059E000958B958B758B758B958B95937593749320
:1059F00075935493D38271721062CF514E414D39D9
:105A00004D392C392D411062358376935593769B11
:105A1000559BB2821072D382358B76937693558BD9
:105A2000F37A9272516A316A516AF482348B558BDF
:105A30005593D7A318ACD7AB1493928214931493B5
:105A4000F492F492F492F492B38230721072517A1A
:105A5000B282D382D382148B759B959B3493358B02
:105A6000358BF382B27A727AB3823593559B149355
:105A7000D48AB38A92829282727A7172927AD38233
:105A8000148B55935593359315931593369B159316
:105A9000159335931593149313933493749BB5A373
:105AA00015A418C5FBE5BDF61EFF1EFF3EFF5EFFF9
:105AB0005EFF5EFF5EFF5EFF5EFF7EFF7EFF7EFF9E
:105AC0009EFF9EFF9EFF7EFF7EFF9EFFBFFFBFFFEC
:105AD000BFFF9EFF5EFF1DF7BDEE5CE6FBD59ACDD6
:105AE000F9BC57ACD59B748B548B348314833583AA
:105AF0001483F382D37AF3827493B59B77B43ACD4F
:105B00001DE6DBDD99D59CEE1DF79EFF9EFF9DFFF8
:105B10007DFF1DF7FCF6FDF6DDF69BF63AE61AEE84
:105B2000DAEDB9EDBAEDB9EDB9ED98E55BF6DDFE6C
:105B30001EFF1EFF3EF75EF77FFFBACDD17A507A87
:105B4000317A107A317A51821072CF69F069CF615F
:105B5000AF592D41EC380D392D310D312C316D31CE
:105B6000179C179C179C179CF79BF793F693F6933B
:105B7000F693F693D693D693D693D693D693D6939D
:105B8000D693D693D693B693D693B693B693B6934D
:105B9000B693B693B693B693B693B693B693B693BD
:105BA000B693B693B693B693B693B6939593B693CE
:105BB000B693B69395939593959395939593959363
:105BC000958B958B758B758B958B9593759375933D
:105BD00075935493F38292723162F0596E494D3944
:105BE0004D392C312C39EF51F47A76935593759BBE
:105BF000559B14933172927A148B96937593759387
:105C0000348BD37A7172306A316A7272358B5593E4
:105C10007593B6A318B417AC95A3D28AD28A1393FE
:105C20001493F392F39214931493B28A317A10720C
:105C3000517AD38AF38A148B5593959B759B559310
:105C4000969B348BB27A727A92821493559B559BB1
:105C5000559BF48AD382D382D382927A717A927AD4
:105C6000F382D382F4821593359335931593369B43
:105C70003593F4921493759B95A3749B549B749BDA
:105C8000B4A396B49AD57CEEFEFEFEFE3EFF5EFF08
:105C90007FFF7FFF9FFF7EFF7EFF9EFF9EFFBEFF79
:105CA000BEFFBEFF9EFF9EFF9EFFBEFFBEFFBFFF6B
:105CB000BFFFBEFF7EFF3DF7DCEE9CEE3BDEFBDD73
:105CC0009ACDF9C498B4F69BB59B7593348B148325
:105CD000F482148B348B5493B59B57B419CDDCDD0F
:105CE0001CE6FBDDDAD5BCEE3DFF9EFFBEFFBEFF2E
:105CF0007EFF5DFF1DF71DFF1DFFDDFE9BF65BF6C2
:105D00001AEED9E5B9E5D9E51AEE1AEEBCF61DFF93
:105D10003EFF1EF71DEF7FFF3FF779C59072307A87
:105D2000107AF07951825182317ACF71AE69AE61C9
:105D3000AF616E512D412D394D394D312D294D31E8
:105D4000179C179C179CF79BF793F693F693F69383
:105D5000F693D693D693D693D693D693D693D693DB
:105D6000D693D693D693B693D693B693B693B6936B
:105D7000B693B693B693B693B693B693B693B693DB
:105D8000B693B693B693B693B693B6939593B693EC
:105D9000B693B69395939593959395939593959381
:105DA000758B758B758B758B758B958B75937593C3
:105DB00054935493148BD37A726A3162CF516E41EB
:105DC0002D390C310C31AE49B272558B5593759308
:105DD000759B769B927A5172F482969B769355933B
:105DE000558B348BB27A516A516A316AD38255939A
:105DF0005593969B38B417ACF6ABB5A3D28A1393E0
:105E0000559B1493F392F38AF492D38A71821072A1
:105E10003072717A9282F38A3493759B759B959B4D
:105E2000759B5593D382727A927AD38A1493759B19
:105E3000769B55931493F48AF382D382B27A927A42
:105E4000B282F382148B35931493F492369B97A30A
:105E5000B7A3559B148B138B3493549B95A3B5A375
:105E6000D4A315A455AC18C53BE6FEFE5FFF3EFF6C
:105E70005EFF7FFF9FFF9FFF7EF77EF79EF7BEFFCF
:105E80009EF79EFF9EFFBEFFBEFFBEFFBEFFBEFF92
:105E90009EFF9EFF7EFF5DFF1DF7DCEE7BE63BDE97
:105EA0009AD559CDF9BC77AC37A4F69B9593559309
:105EB000559375937493959BD5A3B8BC5AD5FCE5BF
:105EC000FBE51BE65BE6FDF65DFF9EFF9EFFBEFF6A
:105ED0009EFF7EFF5EFF1DFF1DFFFDFE9BF67BF616
:105EE0007BF63AEE1AE65BEEDCF6FDF63EFF5EFF71
:105EF0005EFF1EF71DEF7FFF3EF718BD6F72507AF1
:105F000051823182528A5182107AF079AE716E617B
:105F10006E598E596E492D412D394D316D318E316D
:105F2000179C179CF79BF79BF79BF69BD693D693F2
:105F3000D693D693D693D693D693D693D693D69319
:105F4000D693D693D693B693D693B693B693B69389
:105F5000B693B693B693B693B693B693B693B693F9
:105F6000B693B693B693B693B693B6939593B6930A
:105F7000B693B6939593959395939593959395939F
:105F8000758B758B758B758B758B958B75937593E1
:105F900054935493148BF4829272926A115A8E41E4
:105FA0004D392C310C318E415162358355937693A6
:105FB000769B969BD38A5172B382769B7693759328
:105FC00075935593F382927A7172316A727A358B36
:105FD0005593759B18AC38B458B437B43393339396
:105FE00075A3759B1493D38AD38AD38AB282717AAC
:105FF000317A107210729282F38A3493549B759B9B
:10600000759B769B3593B382927AB282F48A5593CC
:10601000559B759355933593148B148BD38AD382E8
:10602000717AB282F38AD38AD38AF48A3493559BE5
:10603000759B759B759B5493549B95A3D6ABD5AB21
:10604000F5ABD4A3B39B14A438CD7CEE1EFF1EFF8A
:10605000FDF61DF77EFFBFFFBFFF9EF77EF77EEFC9
:106060007EF79EF7BEFFBEFFBEFFBEFFBEFF9EFFD8
:106070009DFF9EFF9EFF7EFF5EFF1DFFDCF67BE621
:106080001BDEBAD559CDB7B457AC37AC17A4F7A3BC
:10609000F7A3F6A3D5A3D5A315ACD8C47ADDFBE549
:1060A0001BE67CEEBCEE1DF79EFF9EFFBEFFBEFF13
:1060B000BEFF9EFF7EFF3EFF1DFFFDFE9BF67AEEBC
:1060C000BBF6FCF6FDF61DF77FFF7EFF7EFF7EFF31
:1060D0007FFF3EF71DEF7FFF1FFF76AC2F72307AF8
:1060E000928A728A5182718AF079EF79EF79AF6979
:1060F000AF69AE618E514D410C312C316E31AF39EB
:10610000179C179CF79BF79BF69BD693D693D69339
:10611000D693D693D693D693D693D693D693D69337
:10612000D693D693D693B693B693B693B693B693C7
:10613000B693B693B693B693B693B693B693B69317
:10614000B693B693B693B693B693B6939593B69328
:10615000B693B693959395939593959395939593BD
:10616000758B758B758B758B758B958B75937593FF
:1061700075935493348BF4829272927231628E4989
:106180004D392C310C316D41105A3483768B759317
:10619000769B7693148B727AB37A35935693969B4B
:1061A000969B548B148BD37A316A316A927A3593E9
:1061B00075937593F7AB58B4B9C416ACB4A3949B5C
:1061C00075A396A3559B1493F492F492D38A72828A
:1061D000517A10721072517A9282F38A1493349326
:1061E000769B96A3559BF48AD382B282D382348B5A
:1061F00035933593559355933593148BF38AD38AFE
:10620000717AB282F38A3493349334933493559BE6
:10621000559B549B959BB5A3749B949BF6AB37B44D
:10622000F5AB16B415AC34ACD7C4DADDBDF61EFF41
:10623000FEFEFDF61DF75EF7BFFFDFFFBFF79EF71F
:106240009EFFBFFFBFFFBFFFBEFFBEFFBEFFBEFF83
:10625000BEFFBEFF9EFF7EFF7EFF5EFFFDF6BCEE33
:106260005BE6FADDBAD539C5F8BC98B457AC37ACA3
:1062700037AC16AC36AC16AC56B4B7C479DDFBE51A
:106280007CEE9CF6DCF6FCEE9EFFBEFFBEFFDEFF62
:10629000BFFFBFFF7EFF5EFF3DFFDCFE9BF67AEE99
:1062A000DCF65DFF7FFF9FFFDFFFBFFF9EFF7EFFEE
:1062B0007FFF5EF75EF79FFF1FFF15A4CE69AE69F3
:1062C0007282F4925182518230820F7AEF79107A81
:1062D000307AAF618E598E490C31EC286E31CF394E
:1062E000F79BF79BF79BF79BF69BD693D693D6939A
:1062F000D693D693D693D693D693D693D693D69356
:10630000D693D693D693B693B693D693B693B693C5
:10631000B693B693B693B693B693B693B693B69335
:10632000B693B693B693B693B693B6939593B69346
:10633000B693B693959395939593959375939593FB
:10634000758B758B758B758B758B758B759375933D
:1063500055935593358B1483D37AB37A516AAF51E1
:106360006D412C312C314D41CF51D37A558B7693E1
:10637000769356931593B382927A14935593969B82
:10638000969B7593348BD3827272106A727A148BD7
:1063900055935593D6A378BCDAC478BC16B494A3AD
:1063A000549B75A375A33493F492F392B38A9282AB
:1063B0007282517A317A517A9282B38AF49234930A
:1063C000769B96A396A31493D382B282B27A148B4F
:1063D000148B348B3593559355933593148BF38AE3
:1063E000717A927AD38A14933493549B349334936E
:1063F00054935493B5A3B5A394A394A3D6AB16B466
:1064000016B416B477BC97BC76BC38CD5CEEFEFEF5
:106410003EFFFDF6FDEE3DF79FFFBFFFBFFFBFFF55
:10642000BFFFBFFFBFFFBFFFBFFFBEFFBEFFBEFF7F
:10643000BEFF9EFF9EFF7EFF7EFF5EFF1DFFFDF6FF
:106440007CEE5BE6FBDDBAD55ACD19C598BC37ACFE
:1064500037AC16AC36B476B497BCF7C479D51BE626
:106460009CF6DCF61DF73DF79EFFDEFFDFFFDEFF4B
:10647000DFFFBFFF9FFF7EFF1DFFDCFE9BF65AEE96
:10648000DCF65EFF9FFFBFFFDFFFBFFF7EFF9FFFCA
:106490007FFF7FFF7FFFBFFFFFF6D49BCE616D596B
:1064A000717A14935182718A51821082EF795182EC
:1064B000317AAE616E59AF512D39EC286E39CF3932
:1064C000F79BF79BF79BF79BD693D693D693D693E0
:1064D000D693D693D693D693D693D693D693D69374
:1064E000D693D693D693B693B693D693B693B693E4
:1064F000B693B693B693B693B693B693B693B69354
:10650000B693B693B693B693B693B6939593B69364
:10651000B693B69395939593959395937593759339
:106520007593758B758B758B758B758B758B75935B
:10653000559355935593148BD482D37A7272F05934
:106540008E494D392C392D39AE49926A358376936F
:10655000769376933593D382727AD38A5593969BAA
:10656000969B75937593F382927A51725172D3828E
:10657000148B5593B6A358B4DAC4D9C498BC16ACDE
:10658000549B349B75A3759B3493F38AB38AB38A67
:10659000928292829282B282D38AD38AF3921493A5
:1065A000759B759B969B759B3493B382727AB3826D
:1065B000D382F382148B348B35931493F48AD38A69
:1065C000727A927A9282B282F38A1493149313931A
:1065D000F38A3493759BB5A395A395A3B5ABD6ABBE
:1065E00016B477BCB8CCD8CC96BCB6C479D57CF6FA
:1065F000BDF61EFF3FFF5EFF5EFF9FFFDFFFDFFF79
:10660000BFFFBFFFBFFFBFFFBFFFBFFFBEFFBEFF9C
:10661000BEFF9EFF9EFF7EFF7EFF5EFF3DFF1DF7DC
:10662000BCEE9CEE5CE61BE6DBDD7ACDF8C497BCE5
:1066300057B457B477BCB7BCF7C438CDBADD3BE626
:10664000BCF6FCF63DFF5DFF9EFFDEFFDFFFDEFFD9
:10665000BFFFBFFF7FFF5EFF3EFFFDFE9BF67AEEB2
:10666000DCFE5EFF9FFF7EFF9FFFBFFF9EFF9FFF41
:106670009FFF9FFF9FFF9FFFDEF6728BAD598E59E4
:10668000106AF38AD38A7182718A107AEF79308224
:10669000107AAE616D518E518E494D394D31AE3902
:1066A000F79BF79BF79BF69BD693D693D693D693FF
:1066B000D693D693D693D693D693D693D693D69392
:1066C000D693D693D693B693B693D693B693B69302
:1066D000B693B693B693B693B693B693B693B69372
:1066E000B693B693B693B693B693B6939593B69383
:1066F000B693B69395939593959395937593759358
:106700007593758B758B758B758B558B558B558BE1
:106710005593358B55935593F482F482B37A516235
:10672000CF514D412C392C396D493162F47A558B5A
:10673000559355935693158BB38292821493759B00
:10674000969B969B969B3493B382927A3172927AFF
:10675000D3825493959B37ACB9C43AD519CD98C41C
:10676000B5A3549B549B95A3559BF38AB282B38ADD
:10677000B38AB38AB382B382B38AD38AF492559B25
:10678000559B359B969BB6A3969BF38A717A927A1A
:10679000927AB382D382F482F48AF48AF48AD48A15
:1067A0009282927A72829282B38AD38AF38AF38A2D
:1067B000349334935493959B95A395A375A395A374
:1067C000F6B357BC78C498C4B7CC96C4B6C438CD19
:1067D000DAE5BDF65FFF5FFF3EFF7EFF9FFF9FFF95
:1067E000BFFFBFFFBFFFBFFFBFFFBFFFBFFFBFFFB9
:1067F0009EFF9FFF9FFF5EFF5EFF5EFF5DFF3DFF11
:106800001DF7DDF69CEE5CE6FADD9AD579D57AD5F2
:106810005AD539CD18C5F7C418C599D51BE69CEED5
:10682000DCF61DF75EFF9EFFBEFFBEFFDFFFDFFF52
:10683000DFFFBFFF7FFF5EFF3EFFDCF67BEE7AEE01
:10684000FCFE7EFF9FFF9EF79EF7DFFFBFFF7EFFF0
:106850009FFFBFFF9FFF9FFF7CE6117BCD59AE5985
:106860008E59727A3493B28A928A107AEF790F7ABB
:10687000EF71EF698E594D49CF51CF494D31AE3946
:10688000F79BF79BF79BF69BD693D693D693D6931D
:10689000D693D693D693D693D693D693D693D693B0
:1068A000D693D693D693B693B693D693B693B69320
:1068B000B693B693B693B693B693B693B693B69390
:1068C000B693B693B693B693B693B6939593B693A1
:1068D000B693B69395939593959395937593759376
:1068E00075937593758B758B558B558B558B558B18
:1068F0005593358B75937593148BF482D47A927279
:10690000105A8E496D412D414D41CF51726A148309
:10691000358B759376933593F48A727AD38A35934F
:10692000759B959B969B5593148BD3827172517274
:10693000927A138B5493D6A378BC3AD53AD519CD15
:1069400098BCD6AB759B759B559B1493F38AD38AE1
:10695000D38AB38A7282527A9282D38A1493759BB5
:1069600034933493759BB6A3B6A33493B282927AD0
:10697000927AB27AB37AB382D382D48AF48AF48ACE
:10698000F48AD48AD38AB38AB38AB38AF38A1493F3
:106990001493138BF38A349395A395A375A375A3CE
:1069A000D6B316BC16B436BCB8CC18D5F8CC17CDB7
:1069B00017CD99D55CEE1EFF7FFF7FFF7FFF9FFF06
:1069C0007FFF9FFFBFFFBFFFBFFFBFFFBFFFBFFF37
:1069D0009FFFBFFF9FFF5EFF5EFF7EFF7EFF5EFFAC
:1069E0001DF7FDF6DDF6BDF67CEE3BE6DADDDADD21
:1069F000BAD59AD59AD599D5DADD1BDE7CEEDDF6CF
:106A0000FDF63DFF7EFF9EFFBEFFBEFFBEFFBEFF49
:106A10009EFF9FFF7EFF5EFF3DFFBCF67BEEBCF658
:106A20003DFF9FFFDFFFBFFFDFFFDFFFBFFF7EF701
:106A30009FF79FFF9FFF7FFFDAD5F07A0F62EF612C
:106A40002D51F0691493D38A928A107ACF71AE696E
:106A5000EF693072AF612D416D41CF498E418E3962
:106A6000F79BF79BF69BD693D693D693D693D69364
:106A7000D693D693D693D693D693D693D693D693CE
:106A8000D693D693D693B693B693D693B693B6933E
:106A9000B693B693B693B693B693B693B693B693AE
:106AA000B693B693B693B693B693B6939593B693BF
:106AB000B693B69395939593959395937593759394
:106AC00075937593758B558B558B558B358B358B96
:106AD00055935593769B769B148BF482F482D37AEC
:106AE0001062CE518E494D414D418E513162D37A63
:106AF000358B7693769335933493927A9282F48A97
:106B000055937593559355935593F382B27A517279
:106B10005072B282F38A959B37B4FACC5BDD5BDDB1
:106B20005BDDB9C416B495A3349B349B359B359B70
:106B30003593F48A9282527A9282B38AF492359390
:106B4000359B559B759B959B969B759B3493F38AC0
:106B5000B382B2829382937A9382B382F48A15933A
:106B6000D48AF48AD48AB38A928272829282D38A35
:106B7000F38A138B138B3493759B96A395A375A3FC
:106B800074A3B5B316BC57C4B8CC39DD7AE579DD4A
:106B900038D558D599D51AE6BDF63EFF7FFF9FFF41
:106BA0007FFF9FFFBFFFBFFFBFFFBEFFBFFFBFFF56
:106BB000BFFFBFFF9FFF7FFF7EFF9EFF7EFF7EFF29
:106BC0005EFF1DF71DF73EFF1EFFDDF65BE61AE6D2
:106BD000FADDFADD1BE65BE65CE67BE69CEEDDF6C5
:106BE0003EF75EFF9EFF9EFF9EFF9EFF9EFF9EFF65
:106BF0009EFF7EFF5EFF3DFFFDF69BEE7BEEDCF62B
:106C00007EFFBFFFDFFFFFFFFFFFFFFF9EFF7EF75F
:106C10007EF79FFF7FFF3FFF18BDF07A506AEF615C
:106C20006E518E597282F492B28A517ACF71CF69C5
:106C300010723172CF612D41EC384D41CF498E41F8
:106C4000F79BF79BF69BD693D693D693D693D69382
:106C5000D693D693D693D693D693D693D693D693EC
:106C6000D693D693D693B693B693D693B693B6935C
:106C7000B693B693B693B693B693B693B693B693CC
:106C8000B693B693B693B693B693B6939593B693DD
:106C9000B693B693959395939593959375937593B2
:106CA00075937593758B558B758B558B558B558B54
:106CB00055935593769B7693358BF482F482F37AD1
:106CC0005162EF59AE514D494D418E491062927259
:106CD000F4825693769355935593D382727A927A2F
:106CE0003493759355937593759BF38AF382917AD8
:106CF0005072917AD282749BF6ABB8C45BD59CDD9E
:106D00009CE57BDDD9CCF6AB549B349B559B75A39E
:106D100096A376A3359BB38A92829282D38A3493C8
:106D2000559B559B5593759B759B959B969B559332
:106D3000F48AD382B382B382B382B382F48A359366
:106D4000D48A1593569B559BF492B28AB282B28232
:106D5000F28A33933493138B349395A3D6ABB6ABAB
:106D600054A374ABF6B377C4B8CCF8D439DD59DD8D
:106D70009ADD99DDB9DDFADD3AE67BEEFDF63EFF00
:106D80009FFFBFFFBFFFBFFF9EFFBEFFBFFFBFFF55
:106D9000BFFFBFFFBFFF9FFF9FFF9FFF9FFF7EFFC4
:106DA0007EFF5EFF3EFF3EFF1EFFFDF6BCF6BCF61B
:106DB000BCF6BCF6BCF6BCF6BCEE9CEEBDEE1DF718
:106DC0007EFF7EFF9EFF9EFF9EFF9EFF9EFF9EFF1B
:106DD0009EFF7EFF3DFF3DFFFDF69BEE9BEEFDF629
:106DE0007EFF9EFFBFFFDFF7DFF7DFFF9EFF7EFF27
:106DF0007EFF9FFF7FFFDDF675AC11837072CF5968
:106E0000AF616E59D069D38A928A71821072107202
:106E1000F071F069D061AF51EB30CB30AE49EF4942
:106E2000F793F793F693F693D693D693D693D69398
:106E3000D693D693D693D693D693D693D693D6930A
:106E4000D693D693D693B693B693D693B693B6937A
:106E5000B693B693B693B693B693B693B693B693EA
:106E6000B693B693B693B693B693B6939593B693FB
:106E7000B6939593959395939593959375937593F1
:106E800075937593758B758B758B758B558B558B32
:106E9000559355935593559335931483D37AF37A39
:106EA000D37A716AEF598E494D496D498E51F05927
:106EB000516AF4825593769B759335939282727AD8
:106EC000F48A55935593759B759B3493148BD2829A
:106ED000B282917AD2823393749BF6ABF9CC5BD5B4
:106EE0009BDDBCE57BDDB9C417B4B5A3559B759B91
:106EF000B7ABB7AB96A31593D38AB382F38A349317
:106F0000549334933493549355935593759B559B55
:106F10001493F48AD48AF48AD48AB482F58A359395
:106F2000F492359B76A3B6A396A3559B3393139304
:106F3000128B339333933393549BD6ABF7B3F7B39E
:106F4000F6B3D6B3F6B316BC57C4D8D439DD59DD81
:106F500059DD79DDDAE57CEE7CEE3AE65AE6DCEEE8
:106F60005EF77EFF9EFF7EFF9EFF9EFFBEFFBEFF81
:106F7000BFFFBFFFBFFFBFFFBFFFBFFF9FFF9EFF62
:106F80003EF75EFF5EFF3EFF1DFFFCF6FCFE1CFFB2
:106F90001DFFFDFE1DFF1DFF1DF71EF73EFF5EFFDF
:106FA0009FFF9FFFBFFFBFFFBFFFBFFF9FFF7EFF92
:106FB0005EFF5DFF1DF71DF7FDF6FDF61EFF5EFF90
:106FC0007EFF7EFF9FFFBFF7BFFFBEFF9FFF7EFFDD
:106FD0007FFF7FFF3FFF3BE634AC118B917AEF617F
:106FE000AF616E594E59527A9382317A1072107293
:106FF000CF698E59CF6110626D41CB304D390F5240
:10700000F793F793F693F693D693D693D693D693B6
:10701000D693D693D693D693D693D693D693D69328
:10702000D693D693D693B693B693D693B693B69398
:10703000B693B693B693B693B693B693B693B69308
:10704000B693B693B693B693B693B6939593B69319
:10705000B69395939593959395939593759375930F
:10706000559375937593758B758B558B558B559380
:1070700055935593559355935593148BD37AF38227
:107080001383917210628E516D496D496E49AF51F3
:10709000CF597272358B76935593759BF48A927A99
:1070A000B282348B759B969B759B769B54933493DD
:1070B000138BB182B182D182D28A339357BCD9CC9F
:1070C0007BDDBCE5BCE57BDD1ACD58BC95A375A383
:1070D000B6A396A3759B559B559B359B148BD38A62
:1070E0003493138B138B5493348B148B34933593C9
:1070F00055931493F49215931593D48AD48A1593C7
:10710000359B559B76A3D6ABF7B317B416B4F6AB45
:10711000D5AB939B949BF5AB16B416B4F6B3F6B30C
:1071200016B457BC36BC15B435BCB7CC59DDBAE57E
:107130009AE5DAE5DAE5FAE53AE69BEE9BEE5AE601
:10714000BBE6FCEE3DF75DF77DFF9EFFBEFFBFFF98
:10715000BFFF9FFF9FFFBFFFBFFFBFFF9EFF9EFFC1
:107160007EFF5EFF3DF73DFF3DFF1DFF1DFF1CFF46
:107170001CFF1DFF1DFF1DF71DF73EFF5EFF5EFF9D
:107180009EFF9EFFBFFFBFFFBFFFBFFF9EFF7EFFB3
:107190007EFF7EFF3EFF1DF71DFF5EFF7FFF5EFF50
:1071A0007EFF7EFF9FFFBFFFBFFFBFFF9FFF7FFFF1
:1071B0007FFF7FFF1EFFDADD14AC3293B1823072A5
:1071C000CF69AF694E591072B38A317A3172107239
:1071D000F0696E518F591062EF592C39EB30AE497E
:1071E000F69BF69BD693D693D693D693D693D69307
:1071F000D693D693D693D693D693D693D693D69347
:10720000D693B693D693B693B693B693B693B693F6
:10721000B693B693B693B693B693B693B693B69326
:10722000B693B693B693B693B693B6939593959358
:10723000959395939593959395937593759375936E
:107240007593558B558B7593558B559355935593D6
:10725000559355933593559355935493348B13838A
:10726000F382D27A516AEF598E518E518E492C4158
:107270006D491062F38255935593359376A3D38A63
:10728000717AF38A559B759B769BB6A3969B359333
:10729000148BD3829282B1829182D28A1393D5AB1E
:1072A000B9C47BDDDDED9CE57BDD3AD557BC16B47A
:1072B000F6B3B5A395A3B6A3D6ABB6A33493B28267
:1072C000D38A1393F38A54937593138B138B75930B
:1072D000759B559B3493F492149315933593F492C4
:1072E000359B75A3B6ABF7B337BC77BC98C4B8C4AD
:1072F000B7C497BC56B4F4ABF5AB36B477BCB8C4DE
:10730000D9CCB8CCD8CCF8D4D7CC75C4D6CC79DD10
:10731000FAED3BEE5BEE3BEE7BEEDDFEFDFEBCEE02
:10732000DCEEFCEEFCEE1CEF5DF77EFF9EFF9EFFA9
:10733000BFFF9FFF9FFFBFFFBFFFBFFF9EFF7EFFFF
:107340007EFF7EFF5DFF3DF71DFF3DFF1DFF1DF72B
:107350001DFF1DFF1DFF1DFF3DFF3DFF3DFF5DFFAD
:107360007EFF9EFFBEFFBEFF9EFF9EFF9EFF9EFF15
:10737000BFFF9EFF9EFF9EFF7FFF5EFF5EFF7FFFC2
:107380007EFF9EFFBEFFBFFFBFFFBFFF9FFF7EFFD1
:107390007FFF7FFFFEFE58CD55B4F5AB3293B1822F
:1073A0000F7AAE696D61EF71D38A7282F0713172BA
:1073B000F0696E596E51CF5931628E49EB304D41B3
:1073C000F69BD693D693D693D693D693D693D6934D
:1073D000D693D693D693D693D693D693D693D69365
:1073E000D693B693D693B693B693B693B693B69315
:1073F000B693B693B693B693B693B693B693B69345
:10740000B693B693B693B693B69395939593959397
:10741000959395939593959395937593759375938C
:10742000558B558B558B558B55935593559355933C
:1074300035933593358B359355937593348B138BE7
:107440001383F382B27A306ACF59AE518E514D49CF
:107450002C418E51316AF48255935593559B149368
:107460009282D3823493559B559B759B559B349345
:10747000148BF38AD382D382B282B2829182B18298
:10748000539B16B4D9CC5BDD9CE59CE51AD5FAD4A8
:10749000B8C437B4F6ABD6ABF6ABD6AB749BF28AB6
:1074A000F38AF38A3493749354937593B59B759BC5
:1074B000759B549B349B1493F38AD38A148B359316
:1074C000B7ABD7AB17BC58C498CCD9CC19D539D5E4
:1074D00059D579DD59D539D5B7C456BC76BCD8CC89
:1074E0005ADD9BE59BE559DD18D518D558D578D5DB
:1074F00098DDFAE57CF6DDFEDDFEFDFEFEFE1EFFFC
:107500003DF75EFF5EFF3DF73DF73DF73DF75DF769
:107510007EFF7EFF9EFF9EFF9FFF9EFF9EFF9EFFC2
:107520007EFF7EFF5DFF3DF73DFF3DFF1DFF1DFF21
:107530001DF71DF71DF71DF71DFF3DFF5DFF5DFFEB
:107540007EFF9EFFBEFFBEFFBEFFBEFFBEFFBEFFB3
:10755000BFFFBFFF9FFF9FFF9FFF7EFF5EFF7EFF7E
:107560007EFF9EFFBEFFBEFFBFFFDFFF9FFF7EFFD0
:107570005EFF3EFF9CF618CD96BC97C4D5AB329B00
:1075800050820F7AAD69CE71928A928AF071D06979
:10759000F069AF612D49CF59105ACF514D394D394E
:1075A000D693D693D693D693D693D693B693B693D3
:1075B000D693D693D693D693D693D693D693D69383
:1075C000D693B693D693B693B693B693B693B69333
:1075D000B693B693B693B693B693B693B693B69363
:1075E000B693B693B693B693B693959395939593B6
:1075F00095939593959395937593759375937593CB
:10760000558B558B558B558B5593558B35933593A2
:10761000358B358B348B358B559375935493148BF5
:10762000F382F382D37A71720F62CF59AE518E49D1
:107630006D494D498E51727A5593769B3593359BA2
:10764000F38AB282F38A559B55935593559335939C
:10765000158B148BF38AF38AF38AD38AD28A9182A8
:107660009082F18AB4A377BC5BDD9CE59BDD7BDD7A
:107670005BDDF9CC77BC37B457B437B4B5A35493BA
:10768000F28AD28A349354935493D6A317ACD6A3D8
:10769000B6A3549B14931493349314931493149398
:1076A00075A3B6AB37BC99C4F9D43ADD7ADD7ADD7F
:1076B0009ADDBAE5DBE5FBEDDBED7ADD18D5F8CC3C
:1076C00018D57ADDDBEDFBEDDAE5BAE5B9E5D9E50C
:1076D000B8DDF9E55AEE7BEEBCF6FDFEFDFEFDF6EB
:1076E0005EFF7EFF7EFF5EFF5DFF3DF73DF75DF7CE
:1076F0005DF75DF75DF79EFF9EFF7EFF7EFF9EFFBD
:107700007EFF7EFF5EFF3DFF3DFF3DFF3DFF1DFF16
:107710003DFF3DFF3DFF3DFF3DFF3DFF3DFF5DFF69
:107720005DFF7DFF9EFF9EFFBEFFBEFFBFFFBFFF51
:10773000BFFFBFFFBFFF9FFF9FFF7EFF7EFF7EFF5C
:107740009EFF9EFFBFFFBFFFDFFFBFFF9FFF7FFFCB
:107750007FFF1EFF1BE617CDD7C419D577C494ABA6
:10776000918A7082EE79CE71718AD392317AAF6943
:10777000AF69CF694D51AF59AE51EF51AE498E410E
:10778000D693D693D693D693D693B693B693B69311
:10779000D693D693D693D693D693D693D693D693A1
:1077A000D693B693D693B693B693B693B693B69351
:1077B000B693B693B6939593959395939593959326
:1077C0009593959395939593959395939593959379
:1077D000959395939593958B75937593758B758B01
:1077E000558B558B558B558B558B358B358B358BF9
:1077F000358B358B348B348B559375935493148B15
:10780000138BF382F382D27A516AEF59CF59CF5951
:10781000AE514D494D49F069F382559B1493359310
:10782000359BD38AD38A5593769B769B769B769BA2
:10783000769355933593F38AD38AF38A96A3B6A3A6
:10784000749B3393539BB4A377BCF9CC9BE5DCEDDD
:10785000DCEDBCE53AD5D8C4B8C477BCF6ABB5A36B
:10786000949B749B3493138B959BD7A3D6A3F7ABB0
:10787000F7AB759B14931493559B759B3493D38AE4
:107880001393549BD6AB78BCF9D45ADD9BE59AE5AB
:107890009AE5DAE5FBED1BEE1CF63CF6FBEDBBE5ED
:1078A0009AE59ADDDAE53CF67DFE7CF65BEE3AEE93
:1078B0005BEED9DDF9DD9BEE1DFFFDFEFDF61DF74C
:1078C0005EFF7EFF7EFF7EFF7EFF7EFF7EFF7EFFF0
:1078D0005DF73DF73DF77EFF9EFF9EFF7EFF7EFF3B
:1078E0007EFF7EFF7EFF5DFF3DF73DFF3DFF3DFFDD
:1078F0003DFF1DFF1DFF1DF71DF71CF71DFF3DFF81
:107900005DFF7DFF9EFF9EFFBEFFBFFFBFFFBFFF6E
:10791000BFFFBEFF9FFF9EFF7FFF7EFF7FFF9FFF9A
:107920009FFF9EFFBFFFBFFFBFFFBFFF9FFF9FFFE8
:107930007FFFDDFED9DD17CD38D559DDD9D416BC92
:10794000329BD1922F82CE715182F3923182AF69F4
:107950008E61CF69AE598E516E49CF59CF51AE4924
:10796000D693D693D693D693D693B693B693B6932F
:10797000D693D693D693D693D693D693D693D693BF
:10798000D693B693D693B693B693B693B693B6936F
:10799000B693B693B6939593959395939593959344
:1079A0009593959395939593959395939593958B9F
:1079B0009593958B9593958B7593758B758B758B2F
:1079C000558B558B558B558B358B358B358B358B37
:1079D000358B348B148B358B55935493348B348B7C
:1079E000148BF382F382F382B27A306AEF61EF593B
:1079F000CF598E516E51AF593172148B1493559BE0
:107A0000559B1493D38A148B969BB79B969B979BFD
:107A1000B79B969B7693148BD38AD38A96A3F7ABA6
:107A200058BC78BC98C457BC56B477BC3AD5BBE5B3
:107A3000DCEDFCEDDBE57AD539CDD8C497BC77B465
:107A400016ACF6AB959B3393959BB5A3759BD7ABC3
:107A500017AC17ACD6A3759B5493759B559B349369
:107A60001493349B95A316B498C43ADD9AE5DBE5EC
:107A7000FBED3BF63CF63CF63CF63CF63CF65CF6A1
:107A80005DFE5CF61BEEFAED3BEE9DFEDDFEDDFEDF
:107A9000DCFE7BEE7BEEBCF6FDF6FCF6FCF63DFF75
:107AA0005EFF7EFF7EFF7EFF7EFF7EFF7EFF7EFF0E
:107AB0007EFF5DF75DF77EFF7EFF7EFF7EFF7EFF30
:107AC0007EFF7EFF7EFF5DFF3DF73DF73DF73DFF0B
:107AD0003DFF3DF71DFF1DF71DF71CF71DFF3DFF87
:107AE0007DFF7DFF9EFF9EFFBEFFBEFFBEFF9EFF90
:107AF000BEFF9EFF9EFF9EFF7EFF7EFF7FFF9FFFDC
:107B00009FFFBFFFBFFFBFFFBFFF9FFF9FFF9FFF05
:107B10005FFFBDF699DD58D579DD5AE519DD97CCC3
:107B200073ABF29A4F82EE79718AD392518AF071D7
:107B3000CF698E61AE614D518E51CF59CF51AE4953
:107B4000D693D693D693D693D693D693B693B6932D
:107B5000D693D693D693D693D693D693D693D693DD
:107B6000B693B693D693B693B693B693B693B693AD
:107B7000B693B69395939593959395939593959383
:107B8000958B95939593959395939593958B958BCD
:107B9000958B958B958B758B758B758B758B758B85
:107BA000558B558B558B558B358B358B358B358B55
:107BB000348B148B148B358B5493348B348B348BE4
:107BC000148BD382D382138BD38271721062EF59DC
:107BD000CF59AF59AF598E59CF61727A148B769BBA
:107BE000559B5593F48AF48A7693B79B969B979B03
:107BF000979B969B769B5593148BD38A3493559B76
:107C000018B4DACC7CDD5BDDF9CCB8C4F8CC39CD66
:107C10007ADDDBE51CEE1CE6FBE59AD559CD39CDC6
:107C2000B8BCB8BC58B4D6AB95A3759B759B95A34F
:107C3000B6A338B458B4D6A3559B759B96A396A308
:107C40003493549B74A3D5AB36BCB8CC39D579DD0D
:107C5000DBED3CF65CF67CF67DFE9DFE7CFE3CF6A4
:107C6000FAED5CF67CF65BF65BEE7CF69CF6BCF619
:107C7000DDFE1DFF1DFFBCEE9BEEDCEEFCF6FCF610
:107C80003DFF7EFF7EFF7EFF7EFF5EFF7EFF7EFF6D
:107C90007EFF7EFF7EFF7EFF7EFF5EFF7EFF7EFF1C
:107CA0009EFF7EFF7EFF5EFF5DFF5DF75DF73DFFA0
:107CB0003DFF3DFF3DFF1DFF1DF7FCF61DF71DFFBE
:107CC0003DFF5DFF7DFF7DFF7EFF9EFF9EFF9EF7D8
:107CD0009EFF9EFF9EFF9EFF7FFF7FFF7FFF9EFF19
:107CE0009EFFBFFFBFFFBFFF9FFF9FFF7EFF5EFFA7
:107CF0001EFF7BEE98DD79DD9AE559E519DDD8D4D4
:107D0000D5BB32A3708A2F829192B292928A31822D
:107D1000CF716D59CF614D51AE59CF59CF51CF5120
:107D2000D693D693D693D693D693D693D693D6930B
:107D3000D693D693D693D693D693D693B693B6933B
:107D4000B693B693B693B693B693B693B693B693EB
:107D5000B693B693959395939593959395939593A1
:107D6000958B958B959395939593958B958B958BFB
:107D7000958B958B958B758B758B758B758B558BC3
:107D8000558B558B558B558B358B358B358B348B74
:107D9000348B148B148B348B348B348B348B348B2B
:107DA000148B148B148B348BF482B27A5172106260
:107DB000CF61AE59AE598E598E59CF61727A1493F4
:107DC000559B769B3593148B5593969B96939693E0
:107DD00076937693769B769B559B3593D48AF392D4
:107DE00075A358BCFAD45BDD5AD55AD57AD579D566
:107DF00059D599D5FBE57CEE5DF63CEEFBE5DBDD88
:107E0000DBDD9BDD5AD5B9C416B4B5A395A3549B4D
:107E1000749BB6A3D6A3B6A3969BB6A396A3559B75
:107E20001493349B549B95A3D5B356BCD8CC18D58A
:107E300079DDFBED3BF63BF65CF6BDFEBDFE7CFE60
:107E40003BF61BEE1AEE3BEE5BEE5BF69CF6BCF6E9
:107E5000BCF6FDFE1DFF1DFF1DF7FCF6FCF6FCF653
:107E60003DF75DFF5EFF5EFF7EFF7EFF7EFF9EFFB4
:107E70007EFF9EFF9EFF9EFF7EFF7EFF7EFF9EFF9A
:107E80009EFF7EFF7EFF7EFF7EFF7EFF5DF75DFF34
:107E90003DF73DF71DF7FCF6FCF6DCF6DCF6DCF60C
:107EA0001CF73DF75DFF7DFF7DFF7EFF9EFF9EFF80
:107EB000BEFFBEFF9FFF9EFF7EFF7EFF7EFF7EFF19
:107EC0009EFF9EFF9FFF9EFF9FFF9FFF5EFF3DFF68
:107ED000BCEE1AE678DD58DD79E57AE559E519DD7D
:107EE00077CCB4B3F29A708AB192718A929230824E
:107EF000EF71AE61EF69AE59CE59AE59CE511062F5
:107F0000D693D693D693D693D693D693D693D69329
:107F1000D693D693D693D693D693B693B693B69379
:107F2000B693B693B693B693B693B693B693B69309
:107F3000B693B69395939593959395939593958BC7
:107F4000958B958B958B95939593958B958B958B21
:107F5000958B958B758B758B758B758B558B558B21
:107F6000558B558B558B558B348B358B358B348B93
:107F7000348B348B348B348B348B348B348B148B29
:107F8000148B148B148B148BF382D382727A306A25
:107F9000106ACF61AF59AF59CF616D59CF699282E5
:107FA000559B769B769B348B148B75939693759328
:107FB000769396939693969B769B759BF48AF49210
:107FC000549B17BC99C41AD55BDD9BE5BBE5BADDB4
:107FD000BADD99D5DADD3CEE7CEE7CEE7CEE5CEE33
:107FE0003CE6FCE59BDD3AD598C416B4D6AB95A328
:107FF00095A3959B749BB59BD6A3F7ABB6A3559B56
:10800000349B559B749B75A3B5AB37BCD8CC3ADD7C
:1080100059DD79DDBAE51BEE9CFEBDFE9CFE5BF6EC
:108020001AEED9E5D9DD1AE65BEE7CF6BCF6DDFE8C
:10803000DDF61DFF3DFF1DFF1DF71CF71CF71CF7AC
:108040003DF75DFF5DF75DFF7EFF7EFF7EFF7EFFFC
:108050007EFF9EFF9EFF9EFF9EFF9EFF9EFF9EFF58
:108060007EFF7EFF9EFF9EFF9EFF7EFF7EFF5DF7F1
:108070005DF73DF71DF71DF7FCF6FCF6DCF6FCF6A8
:108080001CF73DFF7DFF7EFF7DFF7EFF9EFFBEFF55
:10809000BFFFBFFF9FFF9EFF7EFF7EFF9EFF9FFFF4
:1080A0009EFF9EFF9EFF7EFF9FFF9FFF5EFFFDF6F0
:1080B0007BEE1AE698DD58DD79E59AED59E518DD95
:1080C000B8D415BC33A3B192D29A718AD39A718A6B
:1080D000317A1072EF690F6AEF61CE59CE59306272
:1080E000D69BD69BD693D693D693D693D693D69338
:1080F000D693D693B693B693B693B693B693B693F8
:10810000B693B693B693B693B693B6939693969367
:10811000B6939693969396939693969396939593F8
:10812000958B958B958B969396939693958B958B34
:10813000758B758B758B758B558B558B558B558BBF
:10814000558B558B558B558B358B348B348B348BB2
:10815000348B348B348B348B348B348B348B348B27
:10816000148B148B148B148BF48AD382927A5172F1
:10817000306AEF61CF61AF618E598E59AF61106A7D
:10818000F38A969B559B348B148B548B558B95930C
:10819000B69BB69BD79B7593969B759BF38A14935E
:1081A00055A3B5AB37BCD9D45BDD9BE5BBE5DAE5C0
:1081B000DAE5DADDB9DD1BE67CEEBDF6DDF67CEE58
:1081C0005CE63CE6DBE57ADDF9CC77BC36B4D5ABD2
:1081D000B5A3B5A3949B749BB6A3F7ABB7AB559B64
:1081E000559B559B75A375A3B5AB37BCD9D45ADD48
:1081F00059DD59DD9AE51BEE7CFE7CFE5BF61AEE3E
:10820000D9E5D9E5D9DDFAE55BEE7CF6BCF6DDFE15
:10821000FDFE1DFF3DFF1DFF1DF71DF73DF73DF75F
:108220003DF73DF75DF75DFF7EFF7EFF7EFF9EFF22
:108230009EFF9EFF9EFF9EFF9EFF9EFF9EFF9EFF56
:108240007EFF9EFF9EFF9EFF9EFF7EFF7EF75DF7F7
:108250005DF75DF73DF71DF71DF7FCF6FCFEFCF63C
:108260001CF75DFF7EFF7EFF7EFF9EFFBEFFBEFF11
:10827000BEFFBEFF9EFF9EFF7EFF9FFF9EFF9FFFF4
:108280007EFF7EFF7EFF5EFF7EFF7FFF3EFFDDF60F
:108290009CF63AEEB9DD78DD79E59AED59ED19E510
:1082A000B8D436C473ABD19AD29A9192F39A928A87
:1082B0007282307A1072106AEF61EF61EF61EF59EC
:1082C000D693D693D693D693D693D693B693B693A6
:1082D000B693B693B693B693B693B693B693B69356
:1082E000B693B693B693B6939693969396939693C6
:1082F0009693969396939693969396939593959338
:10830000958B958B958B958B958B958B958B958B6D
:10831000758B758B758B758B558B558B558B558BDD
:10832000558B558B558B558B348B348B348B348BD1
:10833000348B348B348B148B348B348B348B148B85
:10834000148B148B148B148BF48AD382B27A927AA6
:108350005172106AEF61CF61AE598E598E598E59A4
:108360003172F38A559355935593148B558BB69B65
:10837000B69BD79BD7A3969B969B769B3493559B96
:10838000549B54A3B5AB98C43AD57BDD9ADDBAE5CE
:10839000DAE5FAE5DADDFADD5BEE7CEEBDF6DDF678
:1083A0009DEE7CEE3CEEFCE59ADD19CD97C416B44B
:1083B000F5ABD5A3949B749BB5A3F7ABD6AB75A3D4
:1083C00076A375A375A375A395AB16BC98CCF9D409
:1083D0003ADD5ADDBAE51BEE1BEEDAE599DD98DDF4
:1083E00098DDB8DDD9DD1AE65BEE9CF6DDFE1DFFFB
:1083F0001EFF1EFF1DFF3DFF3DFF3EFF5DFF3DFFDA
:108400003DF73DF73DF75DF77EFF7EFF7EFF9EFF68
:108410009EFF9EFF9EFF9EFF9EFF9EFF9EFF9EFF74
:108420009EFF9EFF9EFF9EFF9EFF7EFF7EFF7EF7CC
:108430005DF75DF75DF73DF73DFF1DFF1DFF1DFF7C
:108440003DFF5DFF7EFF7EFF9EFF9EFFBFFFBEFFE5
:10845000BFFFBFFF7EFF7EFF5EF77EFF7EFF7EFFDA
:108460005EFF7EFF5EFF3EF73EF73EFF1DF7DDF647
:108470009CF63AEED9E598E599E599ED79ED59E55F
:1084800019DD97CCD5B333A3139BB292F39A928A9A
:10849000728A518210721072AF61CF61CF59EF6151
:1084A000D693D693D693D693B693B693B693B69304
:1084B000B693B693B693B693B693B693B693B69374
:1084C000B693969396939693969396939693969344
:1084D0009693969396939593959395939593758B81
:1084E000958B958B758B758B958B758B758B758B2C
:1084F000758B758B758B758B558B558B558B558BFC
:10850000558B558B358B358B348B348B348B348B2F
:10851000348B348B148B148B148B148B148B148B23
:10852000148B148B148B148B148BF382D382D38211
:10853000B27A727A306AEF61CF61AF618E594D5174
:108540006D59EF69F3827593959B148B548B9593BA
:10855000B69BD69BB69BB69B969B969B759B759B35
:1085600075A3549B74A316B4B8CC19D539D539D595
:108570009ADDDAE5B9DDB9D5FADD3BE69CEEDDF64C
:10858000DDF6BDF69DF67DF61CEEBBE55AD597C42B
:1085900056B416B4F5ABD5ABB5A3B5A3B6ABD7AB54
:1085A000B6AB96AB75A375A354A3B5AB16BC57C4B5
:1085B000B8CC39DDBBE5DBE599DD37D517CD37D54F
:1085C000B8DDF9DD3AE65BEE7BEEBCF6FDFE3EFF84
:1085D0003EFF3DFF1DFF3DFF5EFF5EFF5EFF5EFF56
:1085E0003DF73DF75DF75DF77EFF7EFF7EFF9EFF67
:1085F0009EFF9EFF9EFF9EFF9EFF9EFF9EFF9EFF93
:108600009EFF9EFF9EFF9EFF9EFF7EFF7EFF7EFFE2
:108610007EF77EFF5DFF5DFF3DFF3DFF1DFF1DFF00
:108620003DFF5DFF7EFF7EFF9EFFBFFFBFFFBFFFE1
:10863000BEFFBEFF7EFF5DF73DF73DF73DF73DFF17
:108640001DF73DFF3DFF3DF71DF7FDF6DDF6DCF6BE
:10865000BCF65BEEFAE5B9E599E599ED79ED79E5DA
:1086600039E519DD57C494AB54A3D292D39AD3926F
:10867000928A7282317A1072F069106A106AF0611F
:10868000D693D693D693B693B693B693B693B69342
:10869000B693B693B693B693B693B693B693B69392
:1086A0009693969396939693969396939693969382
:1086B000969396939593959395939593758B758BC8
:1086C000758B758B758B758B758B758B758B758BAA
:1086D000758B758B758B558B558B558B558B558B3A
:1086E000358B358B358B348B348B348B348B348B8F
:1086F000348B348B148B148B148B148B148B148B42
:10870000148B148BF48AF48A148B148B148B148BB3
:10871000F382D382727A306AF069EF61CF61AF6120
:108720002C514D51106AF382759375937593549340
:1087300054937593959B969B969B759B969B759B67
:1087400095A395A395A3B5AB36B4B8C4F9D419D500
:1087500059D579DD9ADD99D578D51AE69DF69CEE46
:10876000DDFEFDFEFEFEBDF63CEE3CEE1CEE79D5D8
:1087700018CD97BC56B436B416B4B5ABD6AB38BC2E
:1087800017B417BCF7BBD6B3B5B395ABB5B3D5B378
:1087900015BC76C4F8D459DD79DDF7CCF7CC78D5A3
:1087A0001AE67BEE9CF6BCF6DDFEFDFE1DFF3DFFEE
:1087B0005EFF3DFF3DFF3EFF5EFF7EFF7EFF7EFFD3
:1087C0005DF75DF75DF75DF77EF77EFF7EFF9EFF4D
:1087D0009EFF9EFF9EFF9EFF9EFF9EFF9EFF9EFFB1
:1087E0009EFF9EFF9EFF9EFF9EFF9EFF9EFF7EFFC1
:1087F0007EFF7EFF7EFF5EFF5DFF3DFF1DFF1DF7DD
:108800003DFF3DFF5EFF7EFF9EFFBFFFBFFFBFFF3F
:10881000BEFF9EFF7EFF7EFF1DF7DCEEBBEEDBEEB4
:10882000DCF6FCF6FDF61DF7FDF6DDF6BCF6BCF653
:108830009CF65BF61AEED9E5B9E5B9EDBAED9AED1D
:108840007AE55AE5B8D416BC95ABF29AD39AD39A86
:10885000D392928A7282317A7282727A927A317269
:10886000D693D693B693B693B693B693B693B69380
:10887000B693B693B693B693B693B693B693B693B0
:1088800096939693969396939693969395939593A2
:1088900095939593959395939593758B758B758B10
:1088A000758B758B758B758B758B758B758B758BC8
:1088B000758B558B558B558B558B558B558B558B98
:1088C000358B348B348B348B348B348B348B348BAF
:1088D000348B148B148B148B148B148B148B148B80
:1088E000148B148BF48A148B148B148B148B148BB1
:1088F000148BF382B382927A5172306A106AF069F3
:10890000EF618E598E59306AD38275935593148BCB
:10891000148B54935593759B759B759B96A3969B4F
:10892000959BB5A3D5A3B5A3D5AB37B498C4D9CC83
:10893000F9CC19D559DD59D538CDBADD3BEE5CEE11
:10894000BDF6DDFEFDFEDDFE9CF67CF69DF63CEE02
:10895000DBE539D5B7C497C497C437BC16B416B491
:1089600017BC37BC37C4F7BBB5B374AB54AB53A318
:1089700094AB36BCD7CC18D538D517CD38D5DAE579
:108980009CF6FDFE1DFF1DFF1DFF3DFF3DFF3DFF52
:108990005DFF5DFF7DFF7EFF7EFF9EFF7EFF7EFF12
:1089A0007EFF7DFF5DF75DF77EF77EF79EFF9EFF02
:1089B0009EFF9EFF9EFF9EFF9EFF9EFF9EFF9EFFCF
:1089C0009EFF9EFF9EFF9EFF9EFF9EFF9EFF9EFFBF
:1089D0009EFF9EFF7EFF7EFF5EFF5DFF3DFF3DFF32
:1089E0003DFF3DFF5EFF7EFF7EFF9EFF9EFFBFFFC0
:1089F000BFFF9EFF9EFF7EFF1DF7BBEE7AE69BEE5C
:108A0000BCF6BCF6DDF6FDF6FDF6DDF6DDF6BCF6F1
:108A10009CF67BF61AEEB9E5B9E5DAEDDAEDBAEDDA
:108A20009AE59BEDF9DC57C4D5B3F29AB292D39A8A
:108A3000D392B292928A307A72829282B282717AA0
:108A4000D693B693B693B693B693B693B693B693BE
:108A5000B693B693B693B693B693B693B693B693CE
:108A6000969396939693959395939593758B758B13
:108A7000758B758B95939593758B758B758B758BA6
:108A8000758B758B758B758B758B758B758B558B06
:108A9000558B558B558B558B558B558B558B558BD6
:108AA000348B348B348B348B348B348B348B348BCE
:108AB000348B148B148B148B148B148B148B148B9E
:108AC000148B148BF48A148B148B148B148B148BCF
:108AD000148BF48AF382D382B382727A3172106A71
:108AE000106ACF61CF61EF61106AD382148B148B4F
:108AF000348B55935593759B759B5593969B759B9E
:108B0000959BD6A317AC17ACF6ABF6AB17B457BC16
:108B100077C498C4B7C4B7C4F8CC38CD9ADD5CF636
:108B20009CF6BCF6DDFEFEFEFEFEDDFEBDF69DF60D
:108B30007CF6FBED79DDF8D4B8CC98C457BCF5B31E
:108B4000F6B3F6BBF6BBB5B353AB33A333A353A312
:108B500073A3D4B376BCD7CC38D558D5DAE57CF638
:108B60001EFF3EFF3EFF3DFF3DFF5DFF3DFF5DFF02
:108B70005DFF7DFF9EFF9EFF9EFF7EFF7EFF9EFFAF
:108B80009EFF7EFF7EFF7EF77EF77EF79EFF9EFFB5
:108B90009EFF9EFF9EFF9EFF9EFF9EFF9EFF9EFFED
:108BA0009EFF9EFF9EFF9EFF9EFF9EFF9EFF9EFFDD
:108BB0009EFF9EFF9EFF9EFF7EFF7EFF5EFF5EFF8D
:108BC0005DFF5EFF7EFF7EFF7EFF9EFF9EFF9EFF9E
:108BD000BFFF9EFF9EFF7EFF3DFFBBEE9BEEBBEE09
:108BE000BCF6BCF6DCF6FDFEFDFEFDFEDDFEDDFEA8
:108BF0009CF65BF6FAE5B9DDB9E5DAEDFAEDDBED09
:108C00009AED9AED19DD77C4F6BB139BB292D39A15
:108C1000F39AB3925182107A317A72827282717AA7
:108C2000D693B693B693B693B693B693B693B693DC
:108C3000B693B693B693B693B6939593959395934F
:108C40009693959395939593758B758B758B758B83
:108C5000758B758B758B758B758B758B758B758B14
:108C6000758B758B758B758B558B558B558B558B84
:108C7000558B558B558B558B558B558B558B558BF4
:108C8000348B348B348B348B348B348B348B348BEC
:108C9000348B148B148B148B148B148B148B148BBC
:108CA000148B148B148B148B148B148B148B148BCC
:108CB000148B148B148B148BF48AD382727A5172B6
:108CC000CF61F069106AEF61CF613072927AF38AF6
:108CD000F48A34935593759B759B559B759B75933F
:108CE0009593B59BF6A317AC17ACF6ABD6ABF6B322
:108CF000D6B3D5B394AB93A335B4B7C418CDFBE5C5
:108D00005CF6BCF6BDF6FEFE3EFFFDFEDDF69DF612
:108D10007CF67CFE1BF659DDF8D4D8CC98C436BC62
:108D200016BC16BCF6BBB5B374AB74AB94B3D5B379
:108D3000B4B372A3B3ABB6C49ADDFBED5CF6FEFE32
:108D40001EFF3EFF3EFF3DFF3DFF5DFF5DFF5DFF00
:108D50005DFF7DFF9DFF9EFF9EFF7EFF7EFF9EFFCE
:108D6000BEFF9EFF7EFF7EFF9EFF9EFF9EF79EFF43
:108D70009EFF9EFF9EFF9EFF9EFF9EFF9EFF9EFF0B
:108D80009EFF9EFF9EFF9EFF9EFF9EFF9EFF9EFFFB
:108D90009EFFBFFF9FFF9FFF9EFF9EFF7EFF7EFF08
:108DA0007EFF7EFF7EFF7EFF7EFF7EFF9EFF9EFF9B
:108DB000BFFF9EFF9EFF7EFF5EFFFCF6DCF6DCF64B
:108DC000BCF6DCFEDDFEFDFE1DFFFEFEFDFEDDFE53
:108DD0009CF63BEEF9E5B9E5B9E5DAE5FAEDFBED30
:108DE000BAE59AE519DD97CC16BC54ABD29AF39A42
:108DF00014A3149B728A51823182928A7282728287
:108E0000D693B693B693B693B693B693B693B693FA
:108E1000B693B693B69395939593959395939593AF
:108E2000959395939593758B758B758B758B758BCA
:108E3000758B758B758B758B758B758B758B758B32
:108E4000758B758B758B558B558B558B558B558BC2
:108E5000558B558B558B558B558B558B558B558B12
:108E6000348B348B348B348B348B348B348B348B0A
:108E7000348B148B148B148B148B148B148B148BDA
:108E8000148B148B148B148B148B148B148B148BEA
:108E9000148B148B348B348B148BF48AD382B27A78
:108EA000727A51725172D061CF61CF61106A517282
:108EB000B282F38A3493559B759B759B7593959BF2
:108EC000B69BB59395937593759B95A375A3549B8A
:108ED00054A3F29290824F7A1193F5AB97BC18CDC0
:108EE0003CEEBDFEDEFEDDFE1EFFFDFEDDF69CF669
:108EF0009CF67CFE3BF6BAE559DD39DDF9D4B8CCF9
:108F0000F5B315BC15BCF5BBD5BBD4B3D5BBF5BB10
:108F100015BC76C4B6C4D7CC99DD7DFEFFFEFEFE3F
:108F2000FDFE1DFF3DFF5DFF5DFF5DFF5DFF7DFF02
:108F30007DFF7DFF9DFF9EFF9EFF7EFF7EFF9EFFCC
:108F4000BEFF9EFF9EFF9EFF9EFF9EFF9EFF9EFF19
:108F50009EFF9EFF9EFF9EFF9EFF9EFF9EFF9EFF29
:108F60009EFF9EFF9EFF9EFF9EFF9EFF9EFF9EFF19
:108F70009EFFBFFFBFFF9EFF9EFF9EFF7EFF7EFF07
:108F80007EFF7EFF7EFF7EFF9EFF9EFF9EFF9EFF79
:108F90009EFF9EFF9EFF7EFF7EFF3DFF1DFFDCF6D6
:108FA000DCF6DCFEFDFE1DFF1EFF1EFFFDFEBDFE0E
:108FB0009CF63AEED9E5D9E5DAE5DAE5DAE5FAED57
:108FC000DBEDBAED39DDD8D437C494AB13A3F3A2EB
:108FD00013A334A3F39A928A718A71827182918267
:108FE000D693B693B693B693B693B693B693B69319
:108FF000B693B693B693B693959395939593958BB5
:1090000096939593758B758B758B758B758B758B0F
:10901000758B758B758B758B758B758B758B758B50
:10902000758B758B558B558B558B558B558B558B00
:10903000558B558B558B558B348B348B348B348BB4
:10904000348B348B348B348B348B348B348B348B28
:10905000148B148B148B148B148B148B148B148B18
:10906000148B148B148B148B148B148B148B148B08
:10907000148B148B148B348B348B148B148B148BB8
:10908000F382B382727A51723172317231723172FB
:109090005172717AB282F38A5593959B959B959BF9
:1090A000B59BD69B5593B27AF38A3493549B549BC9
:1090B00054A3549BF292B18AF28A539BB4A3B7C4CF
:1090C000FCE59EF6BEF6DEF61EFFFDFEDDF6DCF6E6
:1090D000BCF69CF67BF63BEEFAEDBAE579DD59DDA0
:1090E000B7CC97CC76C456C476C456C435BC14BC31
:1090F00035BCB6C438D5BAE55CF6BDFEDEFEFEFE74
:109100001EFF3DFF3DFF5EFF5DFF5DFF5DFF7DFFDD
:109110007DFF7DFF7DFF9EFF9EFF9EFF9EFF9EFFCA
:109120009EFF9EFFBEFFBEFFBEFFBEFFBEFFBEFF97
:10913000BEFF9EF79EFFBEFFBEFF9EFF9EFF9EFFEF
:109140009EFF9EFF9EFFBEFF9EFF9EFF9EFF9EFF17
:109150009EFF9EFF9EFF9EFF9EFF9EFF9EFF9EFF27
:109160007EFF7EFF7EFF7EFF9EFF9EFF9EFF9EFF97
:109170009EFF9EFF9EFF7EFF7EFF5DFF1DFFFCF6B4
:10918000DCF6FDF61DFF1DFF1EFF1EFFDDFEBCF61B
:109190007BF61AE6F9E5FAEDFAEDD9E5D9E5DAE577
:1091A000DAED79E518DDD7D436C4D5B394B354AB32
:1091B00075B375B354ABD29A9192918A70827082D2
:1091C000B693B693B693B693B693B693B693B69357
:1091D000B693B693B693B6939593959395939593CB
:1091E00096939593758B758B758B758B758B758B2E
:1091F000758B758B758B758B758B758B758B758B6F
:10920000758B758B558B558B558B558B558B558B1E
:10921000558B558B348B348B348B348B348B348B14
:10922000348B348B348B348B348B348B348B148B66
:10923000148B148B148B148B148B148B148B148B36
:10924000148B148B148B148B148B148B148B148B26
:10925000148B148B348B348B348B348B348B358B55
:10926000348B148BF382D382B27A927A927A927A86
:1092700071727172917AD282138B348B549374937E
:1092800095939593148B917AB3825593759B95A37F
:10929000D6ABB5AB74A3349B74A3B5ABD5AB97C4B5
:1092A000BBE57DF6BEF6DEFE1EFFFDFEFCF6FCF61F
:1092B000DCFEDCFE9CF67CF63BEE1BEEFBE5DBE524
:1092C00079DD59DD39DD18D5F7D4D7CCB6CCB6C4A5
:1092D000B6CC38D5DAE57CF6DEFEBDF6BDF61EFF6F
:1092E0003EFF5DFF3DFF5DFF5DFF5DFF7DFF7DFF9D
:1092F0007DFF7DFF9EFF9EFF9EFF9EFF9EFF9EFFC8
:109300009EFF9EFFBEFFBEFFBEFFBEFFBEFFBEFFB5
:10931000BEFFBEFFBEFFBEFFBEFF9EFF9EFF9EFFC5
:10932000BEFFBEFFBEFFBFFFBFFFBFFFBFFFBFFF50
:10933000BFFFBFFF9EFF9EFF9EFF9EFF9EFF9EFF03
:109340009EFF7EFF7EFF9EFF9EFF9EFF9EFF9EFF75
:109350009EFF9EFF9EFF9EFF7EFF5DFF3DFF1DF770
:10936000DDF6FDF61DFF1EFF3EFF1EFFDDFE9CF637
:109370003BEEFAE51AEE3BF61AEED9E5D9E5FAED41
:10938000DAED59DD18DDD8D477CC36C4F6C3F6C390
:1093900016C4F6C3B5B353ABF29AD192B092708AA9
:1093A000B693B693B693B693B693B693B693B69375
:1093B000B693B693B693B6939593959395939593E9
:1093C0009693758B758B758B758B758B758B758B74
:1093D000758B758B758B758B758B758B758B758B8D
:1093E000758B758B558B558B558B558B558B558B3D
:1093F000348B348B348B348B348B348B348B348B75
:10940000148B148B348B348B348B148B148B148B04
:10941000148B148B148B148B148B148B148B148B54
:10942000148B148B148B148B148B148B148B148B44
:10943000148B148B348B348B348B348B3593559342
:10944000559355935593348B148BF48AF48AF38295
:10945000F382D382B27AD282B27AB27AF382138B57
:109460007493548B348B148B3593759B759BF6AB2F
:1094700017BCF6B395A394A3B5ABF5B316B4B7C4B4
:1094800079DD3CEE9DF6DDFE1EFF1DFFFCF6FCF6D1
:10949000FCFEDCFEDCFEBCF69CF67CF65CF65CF6C4
:1094A0001BEE1BEEFBEDDAED9AE579DD79DD78DD7B
:1094B00099DD1BEE7CF6BDF6BDF6BDF6DDF6FEFED3
:1094C0003EFF3EFF3DFF3DFF5DFF5DFF7DFF7DFFFA
:1094D0009DFF9DFF9EFF9EFF9EFF9EFF9FFF9FFFA4
:1094E0009EFF9EFFBFFFBFFFBFFFBFFFBEFFBEFFD0
:1094F000BEFFBEFFBEFFBEFFBEFF9EFF9EFF9EFFE4
:10950000BEFF9EFFBEFFBFFFBFFFBEFFBEFFBFFF90
:10951000BFFFBFFFBFFFBEFFBEFF9EFF9EFF9EFFC0
:109520009EFF9EFF9EFF9EFF9EFF9EFF9EFF9EFF53
:109530009EFF9EFF9EFF9EFF7EFF5EFF3DF73DF775
:10954000FDF6FDF61DFF1EFF3EFF1DFFBCF67BF680
:109550003BEE1AE63BEE7BF61AEED9E5FAED3BF66A
:10956000FAED79E538DD39DDF8DCB8D497D498D454
:1095700078D477CC37CCF5BB94AB73AB32A3D09215
:10958000B693B693B693B693B693B693B693B69393
:10959000959395939593959395939593959395938B
:1095A0009593758B758B758B758B758B758B758B93
:1095B000758B758B758B758B758B758B758B758BAB
:1095C000758B758B558B558B558B558B348B348B9D
:1095D000558B348B348B348B348B348B348B348B72
:1095E000148B148B348B148B148B148B148B148B63
:1095F000148B148B148B148B148B148B148B148B73
:10960000148B148B148B148B148B148B148B148B62
:10961000148B148B348B348B148B148B348B5593A9
:10962000559375935593559335933593559355931A
:1096300055935593148B148BB27A917AF382F382FB
:10964000338B348B55937593969B96A3D6AB99C465
:1096500098C478C416B416B416B436BC77C4D7CC44
:1096600079D51BE69CF6DDFE1DFF1DFFFCF6FCF622
:10967000FCF6FCF6DCFEDCFEBCFEBDF69DF69DF6BF
:109680009DF65CF63BF63BF65CF65CF63BF61AEEB6
:109690005BF69CFEBCF69CF6BCF6DDF6FDF6FDF630
:1096A0001DF73DFF5DFF5DFF5DFF7EFF7EFF7DFFE0
:1096B0007DFF9DFF9EFF9EFF9EFF9EFF9FFF9FFFE2
:1096C000BFFFBFFFBFFFBFFFBFFFBFFFBFFFBFFFAA
:1096D000BFFFBFFFBFFFBEFFBEFFBEFF9EFF9EFFDF
:1096E000BEFF9EFF9EFFBEFFBFFFBEFFBEFFBFFFD0
:1096F000BFFFBFFFBFFFBEFFBEFF9EFF9EFF9EFFDF
:109700009EFF9EFF9EFF9EFF9EFF9EFF9EFF9EFF71
:109710009EFF9EFF9EFF9EFF7EFF7EFF5DFF3DF74B
:109720001DFF1DFF1DFF1DFF1DFFFDFEBCF67CF68E
:109730005BEE1AEE5BEE7CF61AEED9E51AEE3BF61E
:10974000FAED99E579E59AE55AE519DDF8DCF8DCFA
:10975000D8DCB8D498D477D436C415C4D4B352A3C3
:10976000B693B693B693B693B693B693B693B693B1
:10977000B693B693B6939593959395939593959346
:109780009593758B758B758B758B758B758B758BB1
:10979000758B758B758B758B758B758B758B758BC9
:1097A000558B558B558B558B558B558B348B348BFB
:1097B000348B348B348B348B348B348B348B148BD1
:1097C000148B148B148B148B148B148B148B148BA1
:1097D000148B148B148B148B148B148B148B148B91
:1097E000148B148B148B148B148B148B148B148B81
:1097F000148B148B348B348B148B148B348B3593E8
:10980000559355935593359355937593969B969B86
:109810007593759355935493138B13837493348B6F
:1098200013837593969B5593559396A3F6AB57BCAC
:10983000B8CCF9CCF9D4F9D4D9CCF8CC18D538D5E2
:1098400099DD1AE67BF6BCF6FDFE3DFF1DFF1CF719
:109850001CFF1CF7FCFEFDFEDCFEDDFEDDF6BDF6AA
:109860009CF69CF69CF6BCF6BCFEBDFEBCFEBCFEA7
:10987000BCFEDCFEDDFEFDFE3EFF1DFFFDF6FDF63F
:109880001DF73DFF5DFF5EFF5EFF7EFF7EFF7EFFFB
:109890009EFF9EFF9EFF9EFF9EFF9EFF9FFF9FFFDE
:1098A000BFFFBFFFBFFFBFFFDFFFDFFFDFFFDFFF48
:1098B000DFFFDFFFBFFFBEFFBEFF9EFF9EFF9EFFDD
:1098C000BEFFBEFFBEFFBFFFBFFFBFFFBFFFBFFFAB
:1098D000BFFFBFFFBFFFBFFFBFFFBEFFBEFFBEFF9B
:1098E0009EFF9EFF9EFF9EFF9EFFBEFF9EFF9EFF70
:1098F0009EFF9EFF9EFF9EFF9EFF7EFF7EFF5DFF01
:109900003EFF3DFF1DFF1DFFFDFEDDF6BCF69CF694
:109910007BEE3AEE5BEE9CF63BEEF9E5FAE51AEEED
:10992000FAED99E579E59AED9AED59E539E539E5EC
:1099300019E5F9DC19E5F9E4D8DCB7D476CCF4BB49
:10994000B693B693B693B693B693B693B693B693CF
:10995000B693B693B693B693959395939593958B4B
:109960009593758B758B758B758B758B758B758BCF
:10997000758B758B758B558B558B558B558B558B87
:10998000558B558B558B558B348B348B348B348B5B
:10999000348B348B348B348B148B148B148B148B4F
:1099A000148B148B148B148B148B148B148B148BBF
:1099B000148B148B148B148B148B148B148B148BAF
:1099C000148B148B148B148B148B148B148B148B9F
:1099D000148B148B348B348B348B348B348B3593C6
:1099E0005593759355935593559375939693759396
:1099F000759375935593559375937593959B548B68
:109A0000348B7693969B55933493759BB5A3F5ABA6
:109A100097C439D57BDD9BE57BE59AE59AE5BAE508
:109A2000B9E51AE67BEEBBF6FCFE3DFF3DFF3DFFD0
:109A30005DFF3DFF3DFF3DFF1DFF1DFFFDFEFDFEE8
:109A4000BCF6DDF6FDFEFDFEDCF6DCF6DDFE1DFF00
:109A5000FDFEFDFEFDFE1DFF3DFF3EFF3DFF3DFF08
:109A60003DFF3EFF5EFF5EFF5EFF7EFF7EFF7EFFEF
:109A70009EFF9EFF9EFF9EFF9EFF9EFF9FFF9FFFFC
:109A8000BFFFBFFFBFFFBFFFDFFFDFFFDFFFDFFF66
:109A9000DFFFDFFFBFFFBEFF9EFFBEFF9EFF9EFFFB
:109AA000BEFF9EFFBEFFBFFFBFFFBEFFBEFFBFFFEB
:109AB000BEFFBEFFBFFFBFFFBFFFBFFFBFFFBFFFB8
:109AC000BEFF9EFF9EFF9EFFBEFFBEFF9EFF9EFF4E
:109AD0009EFF9EFF9EFF9EFF9EFF9EFF7EFF7EFFDE
:109AE0005EFF3EFF1DFF1DF7FDF6DCF6BCF6BCF683
:109AF0009CF67BEE5BEE7BF63BEEFAE5FAE5FAEDE3
:109B0000FAEDB9E5B9E5DAEDBAED9AED7AED7AED6F
:109B100059E539E559E559E538E5F8DCB6D475CCB1
:109B2000B693B693B69395939593B693B693B6932F
:109B3000B693B693959395939593958B9593958BB3
:109B400075937593558B758B558B558B558B558BA5
:109B5000558B558B558B558B558B558B558B558B05
:109B6000558B558B558B348B348B348B348B348B9A
:109B7000348B348B348B148B148B148B148B148B8D
:109B8000148B148B148B148B148B148B148B148BDD
:109B9000148B148B1483148B148B148B148B148BD5
:109BA000148B148B148B148B148B148B148B148BBD
:109BB000148B148B148B158B358B358B3593359318
:109BC0005593769375935593559375937593558BDC
:109BD0007593759375937593959395937593548B2E
:109BE00095937593559335935493749BD5A356B41D
:109BF000B7C47ADDFCEDDBEDDBEDFBEDBAE5FAEDAC
:109C0000F9E51AEE7BF6BBF6FCFE5DFF5DFF5DFF3E
:109C10007EFF7EFF5EFF5EFF3DFF3DFF3DFF3DFFA0
:109C20001DFFFCF6DCF6FCF61DFF1DFFFDFEFCFE35
:109C30001DFF3DFF1DFFFCF61CF75DFF5EFF5EFF95
:109C40005EFF5EFF5EFF5EFF5EFF5EFF7EFF7EFFEC
:109C50007EFF7EFF9EFF9EFF9FFF9FFF9FFF9FFF58
:109C6000BFFFBFFFBFFFBFFFDFFFDFFFDFFFDFFF84
:109C7000DFFFDFFFBFFFBEFFBEFFBFFFBFFF9EFFD7
:109C8000BEFF9EFF9EFFBEFFBFFFBEFFBEFFBFFF2A
:109C9000BFFFBFFFBFFFBFFFBFFFBFFFBFFFBFFFD4
:109CA000BEFFBEFFBEFFBEFFBEFFBFFF9EFF9EFF0B
:109CB0009EFF9EFF9EFF9EFF9EFF9EFF7EFF7EFFFC
:109CC0005EFF5EFF3DFF1DF7FDF6DCF6BCF6DDF640
:109CD000BCF69CF67BEE5BEE5BEE3AEE1AE61AEE15
:109CE0003BF61AEE1BEE1BF6FBF5DAEDBAEDBAED1C
:109CF0009AED7AED79ED79ED59E518DDD6D4D6D423
:109D0000B693B693B693959395939593B693B6936E
:109D10009593959395939593958B958B758B758B63
:109D20007593758B558B558B558B558B558B558BEB
:109D3000558B558B558B558B558B558B558B558B23
:109D4000558B558B348B348B348B348B348B348BD9
:109D5000348B348B348B348B148B148B148B148B8B
:109D6000148B148B148B148B148B148B148B148BFB
:109D7000148B148B14831483148B148B148B148BFB
:109D8000148B148B148B148B148B148B148B148BDB
:109D9000148B148B148B148B148B158B358B359380
:109DA000359355935593558B558B75937593759343
:109DB00075937593959395939593959375939593C3
:109DC00096937593769375937593959BB59B15AC08
:109DD00096BC7AD5FCEDDBED1BEE3CF6DAED3AEE07
:109DE00019EE3AEE9BF6BBF61CFF7EFF7EFF7EFF70
:109DF0007EFF7EFF5EFF5EFF5DFF5DFF3DFF3DFF7F
:109E00001DF71DFF1DFF1DFF1DFF3DFF3DFF3DFF1A
:109E10003DFF3DFF3DFF1DFF3DFF3DFF3DFF5DFF62
:109E20005EFF3DFF3DFF5EFF7EFF7EFF7EFF7EFF0C
:109E30009EFF9EFF9EFF9EFF9FFF9FFF9FFFBFFF16
:109E40009EFFBFFFBFFFBFFFBFFFDFFFBFFFBFFF23
:109E5000DFFFDFFFDFFFBFFFBEFFBFFFBFFFBFFFB3
:109E6000BFFFBEFFBFFFBFFFBFFFBFFFBFFFBFFF03
:109E7000BFFFBFFFBFFFBFFFBFFFBFFFBFFFBFFFF2
:109E8000BEFFBEFFBEFFBEFFBEFFBFFF9EFF9EFF29
:109E90009EFF9EFF9EFF9EFF9EFF9EFF9EFF7EFFFA
:109EA0005EFF3DFF3DFF1DF7FDF6DCF6BCF6DDF67F
:109EB000BCF6BCF69CF67CF69CF65BEE1AE61AEE57
:109EC0003BF63BF63BF65BF61BF6FBEDDAEDBAED47
:109ED000DAEDBAEDBAED99ED99ED38DD37DD37DD24
:109EE000D693D693B693958B958B9593B693B6935D
:109EF000B69395939593958B758B758B758B758BA9
:109F0000758B558B558B558B558B558B558B558B31
:109F1000558B558B558B558B558B558B558B558B41
:109F2000348B348B348B348B348B348B348B348B39
:109F3000348B358B348B148B348B348B148B148B88
:109F4000148B148B148B148B148B148B148B148B19
:109F5000148B148BF48A148B148B148B148B148B2A
:109F6000148BF48AF48AF48AF48A148B148B148B7D
:109F7000148B148B148B148B148B148B148B358BC8
:109F8000358B558B558B558B558B75937593759379
:109F900075937593959395939593959395939593C1
:109FA00096939693969396939593959BB59BF4A3CE
:109FB00076B459D5FBE51CEEFBED7CFE1AEEFAED0E
:109FC0003AEE5AEE9BF6FCFE3DFF7EFF7EFF7EFFE3
:109FD0007EFF7EFF7EFF5EFF5DFF5DFF5DFF5DFF3D
:109FE0003DFF3DFF3DFF3DFF3DFF3DFF3DFF3DFF91
:109FF0003DFF3DFF3DFF3DFF3DFF3DFF3DFF3DFF81
:10A000003DFF3EFF5EFF5EFF5EFF7EFF7EFF7EFF49
:10A010007EFF7EFF7EFF9EFF9FFF9EFF9EFF9FFFB6
:10A020009EFF9EFF9EFFBFFFBFFFBFFFDFFFDFFF63
:10A03000DFFFDFFFBFFFBFFFBFFFBFFFBFFFBFFFF0
:10A04000BFFFBFFFBFFFBFFFBFFFBFFFBFFFBFFF20
:10A05000BFFFDFFFBFFFBFFFBFFFBFFFBEFFBEFFF2
:10A06000BEFFBEFFBEFFBEFFBEFFBEFF9EFF9EFF48
:10A070009EFF9EFF9EFF9EFF9EFF9EFF7EFF7EF740
:10A080005EF73DF73DF71DF7FDF6DDF6DCF6DCF695
:10A09000DDF6BCF6BCF69CF69CF67BF61AE63AEECC
:10A0A0005BEE5CF65CF65CF63BF61BEEFBEDFAED68
:10A0B000FAEDDAEDDAEDB9ED99E578E578E578E5F0
:10A0C000D693D693B693958B958B9593B693B6937B
:10A0D000B69395939593958B758B758B758B758BC7
:10A0E000758B558B558B558B558B558B558B558B50
:10A0F000558B558B558B558B558B558B558B558B60
:10A10000348B348B348B348B348B348B348B348B57
:10A11000348B358B348B148B348B348B148B148BA6
:10A12000148B148B148B148B148B148B148B148B37
:10A13000148B148BF48A148B148B148B148B148B48
:10A14000F48AF48AF48AF48AF48A148B148B148BBC
:10A15000148B148B148B148B148B148B148B358BE6
:10A16000358B558B558B558B558B75937593759397
:10A1700075937593959395939593959395939593DF
:10A18000969396939693969395939593B49BD49B1D
:10A1900055AC38CDFBE51CEE1BEE5CF63BEE1AEE43
:10A1A0003AEE5AF69BF6FCFE3DFF5EFF7EFF7EFF19
:10A1B0007EFF7EFF7EFF7EFF7EFF5DF75DF75DFF2A
:10A1C0003DF73DFF3DFF3DFF3DFF3DFF3DFF3DFFB7
:10A1D0003DFF3DFF3DFF3DFF3DFF3DFF3DFF3DFF9F
:10A1E0003DFF3EFF5EFF5EFF5EFF7EFF7EFF7EFF68
:10A1F0007EFF7EFF7EFF9EFF9FFF9EFF9EFF9FFFD5
:10A200009EFF9EFF9EFFBFFFBFFFBFFFBFFFBFFFC1
:10A21000DFFFDFFFBFFFBFFFBFFFBFFFBFFFBFFF0E
:10A22000BFFFBEFFBEFFBFFFBFFFBFFFBFFFBFFF40
:10A23000BFFFBFFFBFFFBFFFBFFFBFFFBEFFBEFF30
:10A24000BEFFBEFFBEFFBEFF9EFFBEFF9EFF9EFF86
:10A250009EFF9EFF9EFF9EFF9EFF9EFF7EFF7EF75E
:10A260005EF73DF73DF71DF7FDF6FDF6DDF6DCF692
:10A27000DDF6BCF6BCF69CF69CF67CF63AE63AEEC9
:10A280005BEE5BF65CF65CF63BEE3BEE1BEEFBED4D
:10A29000FBEDFBEDFAEDDAEDB9E598E578DD78DD7B
:10A2A000D693D693B693958B958BB593B693B69379
:10A2B000B693959395939593758B758B758B758BDD
:10A2C000758B558B558B558B558B558B558B558B6E
:10A2D000558B558B558B558B558B558B558B558B7E
:10A2E000348B348B348B348B348B348B348B348B76
:10A2F000148B348B348B148B348B348B148B348BC6
:10A30000148B148B148B148B148B148B148B148B55
:10A31000148B148BF48A148B148B148B148B148B66
:10A32000148B148B148B148B148B148B148B148B35
:10A33000148B148B148B148B148B148B348B348BE5
:10A34000358B558B558B558B758B75939593958B5D
:10A350009593959395939593B693B693B693B69339
:10A36000B69396939693969395939593B493B4934B
:10A3700014A4D7BCFBE51CEE1CEE3BEE5BF63AF6F4
:10A380005AF67BF6BBF6DCF61DFF5EFF7EFF7EFF16
:10A390007EFF7EFF7EFF7EFF7EFF7EF77EF75EF70D
:10A3A0003DFF3DFF3DFF3DFF3DFF3DFF3DFF3DFFCD
:10A3B0003DFF3DFF1DFF3DFF3DFF3DFF3DFF3DFFDD
:10A3C0003DFF3DFF5DFF5EFF5EFF5EFF7EFF7EFFA8
:10A3D0007EFF7EFF7EFF9EFF9EFF9EFF9EFF9FFFF4
:10A3E0009EFF9EFF9EFFBFFFBFFFBFFFBFFFBFFFE0
:10A3F000DFFFBFFFBFFFBFFFBFFFBFFFBFFFBFFF4D
:10A40000BFFFBFFFBFFFBFFFBFFFBFFFBFFFBFFF5C
:10A41000BFFFBFFFBFFFBFFFBFFFBFFFBEFFBEFF4E
:10A42000BEFFBEFFBEFFBEFF9EFFBEFFBEFF9EFF84
:10A430009EFF9EFF9EFF9EFF9EFF7EFF7EFF7EF79C
:10A440005DF73DF73DF71DF71DF7FDF6FDF6FDF64F
:10A45000DDF6DCF6BCF6BCF69CF69CF65BEE5BEE3D
:10A460005BEE5BEE7CEE7CEE5BEE3BEE3BEE3BEEC2
:10A470003BEE3BF63BF61AEEFAEDD9E5B9E598DD91
:10A48000D693D693B693958B958BB593B693B69397
:10A49000B693959395939593758B758B958B758BDB
:10A4A000758B558B558B558B558B558B348B558BAD
:10A4B000558B558B558B558B558B558B558B558B9C
:10A4C000348B348B348B348B348B348B348B348B94
:10A4D000148B348B348B148B348B348B148B348BE4
:10A4E000148B148B148B148B148B148B148B148B74
:10A4F000148B148BF48A148B148B148B148B148B85
:10A50000148B148B148B148B148B148B148B148B53
:10A51000148B148B148B148B148B148B348B348B03
:10A52000358B5593558B558B758B7593959395936B
:10A53000959395939593B693B693B693B693B69336
:10A54000B693B693B693B693B69395939493939329
:10A55000B49376ACBBDD1CE63CEE1BEE5BF65BF623
:10A560007BF69BF6BCF6DCF61DF73DF75EFF7EFF43
:10A570009EFF9EFF9EFF7EFF7EFF7EFF7EFF7EFF93
:10A580005DFF5DFF5DFF3DFF3DFF3DFF1DFF1DFFCB
:10A590001DFF1DFF1DFF1DFF3DFF3DFF3DFF3DFF5B
:10A5A0003DFF3DFF5DFF5DFF5EFF5EFF7EFF7EFFC7
:10A5B0007EFF7EFF7EFF9EFF9EFF9EFF9EFF9FFF12
:10A5C0009EFF9EFF9EFF9EFFBFFFBFFFBFFFBFFF1F
:10A5D000BFFFBFFFBFFFBFFFBFFFBFFFBFFFBFFF8B
:10A5E000BFFFBFFFBFFFBFFFBFFFBFFFBFFFBFFF7B
:10A5F000BFFFBFFFBFFFBFFFBEFFBFFFBEFF9EFF8E
:10A60000BEFFBEFF9EFFBEFF9EFFBEFFBEFF9EFFC2
:10A610009EFF9EFF9EFF9EFF9EFF7EFF7EFF7EFFB2
:10A620005DFF5DF73DF71DF71DF71DF7FDF6FDF624
:10A63000DDF6DDF6DDF6BCF6BCF69CF67BEE7BEED9
:10A640007CEE7CEE7CEE7CEE5BEE5BEE5BEE5CF635
:10A650005BF67CF65CF65BF63BEE1AEEFAEDB9E5DE
:10A66000D693D693B593958B958BB593B693B693B6
:10A67000B693959395939593758B958B958B758BD9
:10A68000558B558B558B558B558B348B348B348B2D
:10A69000348B348B348B348B348B348B348B348BC2
:10A6A000348B348B348B348B148B148B148B148B32
:10A6B000148B348B148B148B348B348B148B348B22
:10A6C000148B148B148B148B148B148B148B148B92
:10A6D000148BF48AF48AF48A148B148B148B148BE5
:10A6E000148B148B148B148B148B148B148B148B72
:10A6F000148B148B148B148B148B348B348B348B02
:10A70000558B5593558B7593759395939593959319
:10A71000B593B593B593B693B693B693B693B693F4
:10A72000B693B693B693B693B693B593B593949305
:10A73000939315A45ACDFCE53CEEFBE55BF65BF686
:10A740007BF69CF6BCF6FDFE1DF73DFF7EFF7EFF0F
:10A750009EFF9EFF9EFF9EFF7EFF7EFF7EFF7EFF91
:10A760005EFF5EFF5DFF5DFF3DFF3DFF1DFF1DFFC7
:10A770001DFF1DFF1DFF1DFF1DFF1DFF1DFF3DFFD9
:10A780003DFF3DFF3DFF5DFF5DFF5EFF7EFF7EFF06
:10A790007EFF7EFF7EFF9EFF9EFF9EFF9EFF9EFF31
:10A7A0009EFF9EFF9EFF9EFFBEFFBEFFBFFFBFFF3F
:10A7B000BFFFBFFFBFFFBFFFBFFFBFFFBFFFBFFFA9
:10A7C000BFFFBFFFBFFFBFFFBEFFBEFFBEFFBEFF9D
:10A7D000BEFFBFFFBFFFBEFFBEFFBFFFBEFF9EFFAE
:10A7E000BEFF9EFF9EFF9EFF9EFFBEFF9EFF9EFF41
:10A7F0009EFF9EFF9EFF9EFF9EFF7EFF7EFF5EFFF1
:10A800005DFF3DFF3DF71DF71DF71DF7FDF6FDF65A
:10A81000FDFEFDFEDDF6DDF6BCF6BCF6BCF69CF6F4
:10A820007CF67CEE7CEE7CEE7BEE7BEE7BF67CF6C3
:10A830007CF69CF69CFE7CF67BF65BF63BEEFAE53E
:10A84000D693B693B593958B958BB593B693B693F4
:10A85000B693959395939593758B958B958B758BF7
:10A86000558B558B558B558B558B348B348B348B4B
:10A87000348B348B348B348B348B348B348B348BE0
:10A88000348B348B348B348B148B148B148B148B50
:10A89000148B348B148B148B348B348B148B348B40
:10A8A000148B148B148B148B148B148B148B148BB0
:10A8B000148BF48AF48AF48A148BF48A148B148B24
:10A8C000148B148B148B148B148B148B148B148B90
:10A8D000148B148B148B148B148B348B358B358B1E
:10A8E000558B559375937593759395939593959310
:10A8F000B593B593B693B693B693B693B693B69312
:10A90000B693D693D693B693B693B693D593B493A2
:10A910009493D49BB8BCBBDD1CEEFBED5BF65BF601
:10A920005BF69CF6BCF6FDFE3DFF5EFF7EFF9EFFE4
:10A93000BFFFBEFF9FFF9FFF9EFF7EFF7EFF7EFF4C
:10A940007EFF5EFF5EFF5DFF3DFF3DFF1DFF1DFFC4
:10A950001DFF1DFF1DFF1DFF1DFF1DFF1DFF3DFFF7
:10A960003DFF3DFF3DFF5DFF5DFF5EFF5EFF7EFF44
:10A970007EFF7EFF7EFF9EFF9EFF9EFF9EFF9EFF4F
:10A980009EFF9EFF9EFF9EFF9EFFBEFFBEFFBFFF7E
:10A99000BFFFBFFFBFFFBFFFBFFFBFFFBFFFBFFFC7
:10A9A000BFFFBFFFBFFFBEFFBEFFBEFFBEFFBEFFBC
:10A9B000BEFFBFFFBFFFBEFFBEFFBEFFBEFF9EFFCD
:10A9C0009EFF9EFF9EFF9EFF9EFFBEFF9EFF9EFF7F
:10A9D0009EFF9EFF9EFF9EFF9EFF7EFF7EFF5EFF0F
:10A9E0005DFF3DFF3DF71DF71DF71DF71DFF1DFF27
:10A9F000FDFEFDFEDDF6DDF6BCF6BCF6DDFEBCF6CA
:10AA00009CF67CEE7BEE7CEE7BEE7BF67CF69CF699
:10AA10009CF69CFEBCFE9CFE9CF67CF65BF63BEE38
:10AA2000D693B693B593958B958BB593B693B69312
:10AA3000B693959395939593958B958B958B758BF5
:10AA4000558B558B558B558B558B348B348B348B69
:10AA5000348B348B348B348B348B348B348B348BFE
:10AA6000348B348B348B348B148B148B148B148B6E
:10AA7000148B148B148B148B348B348B348B348B5E
:10AA8000148B148B148B148B148B148B148B148BCE
:10AA9000F48AF48AF48AF48A148BF48AF48A148B84
:10AAA000148B148B148B148B148B148B148B148BAE
:10AAB000148B148B148B148B348B348B358B358B1C
:10AAC000559355937593759375939593B593B593E6
:10AAD000B593B693B693D693B693D693D693D693AF
:10AAE000B69BD69BB69BB69BB693D69BD69BD59B67
:10AAF000B59BB49B36AC7AD5FCE51CEE3BF63BF639
:10AB00005BF67BF6DCF61DFF5DFF7EFF9EFFBFFF61
:10AB1000BFFFBEFFBFFF9EFF9EFF9EFF9EFF7EFF0B
:10AB20007EFF7EFF7EFF5EFF3DFF3DFF1DFF1CFFA2
:10AB30001CFF1DFF1DFF1DFF1DFF1DFF1DFF3DFF16
:10AB40001DFF3DFF3DFF5DFF5DFF5EFF5EFF7EFF82
:10AB50007EFF7EFF7EFF9EFF9EFF9EFF9EFF9EFF6D
:10AB60009EFF9EFF9EFF9EFF9EFF9EFFBEFFBEFFBD
:10AB7000BFFFBFFFBFFFBFFFDFFFDFFFDFFFDFFF65
:10AB8000BFFFBFFFBFFFBFFFBEFFBFFFBFFFBEFFD7
:10AB90009EFF9EFF9EFF9EFF9EFF9EFF9EFF9EFFCD
:10ABA0009EFF9EFF9EFF9EFF9EFFBEFFBEFFBEFF5D
:10ABB0009EFF9EFF9EFF9EFF9EFF7EFF7EFF5EFF2D
:10ABC0005DFF3DFF3DFF1DF71DF71DFF1DFF1DFF35
:10ABD000FDFEFDFEDDF6FDFEDCF6DCF6FDFEDDF63F
:10ABE000BCF67CF67BEE7BEE7BF67CF69CF69CF668
:10ABF0009CF6BCF6BCFEBCFE9CF69CF67CF65BF6B6
:10AC0000D693B693B593958B958BB593B693B69330
:10AC1000B693959395939593958B958B958B758B13
:10AC2000558B558B558B558B558B348B348B348B87
:10AC3000348B348B348B348B348B348B348B348B1C
:10AC4000348B348B348B348B148B148B148B148B8C
:10AC5000148B148B148B148B348B348B148B348B9C
:10AC6000148B148B148B148B148B148B148B148BEC
:10AC7000148BF48AF48AF48A148BF48AF48A148B81
:10AC8000148B148B148B148B148B148B148B148BCC
:10AC9000148B148B148B148B348B348B558B558BFA
:10ACA000558B558B7593759395939593B593B593F4
:10ACB000B693B693B693D693D693D693D693D693AC
:10ACC000B69BD69BB69BB693B693D69BF69BF69B4C
:10ACD000D59BB493D59B3ACDDCE51CEE1BEE3BEE49
:10ACE0005BEE7BF6DCF61DFF5EFF9EFF9EFFBFFF67
:10ACF000BFFFBFFFBFFFBFFF9EFF9EFF9EFF9EFFE8
:10AD00009EFF7EFF7EFF5EFF5DFF3DFF1CF71CFF89
:10AD10001CFF1DFF1DFF1DFF1DFF1DFF1DFF3DFF34
:10AD20003DF73DFF3DFF5DFF5DFF5EFF5EFF7EFF88
:10AD30007EFF7EFF7EFF7EFF9EFF9EFF9EFF9EFFAB
:10AD40009EFF9EFF9EFF9EFF9EFF9EFFBEFFBEFFDB
:10AD5000BEFFBFFFBFFFBFFFDFFFDFFFDFFFBFFFA4
:10AD6000BFFFBFFFBFFFBEFF9EFFBEFFBEFF9EFF38
:10AD70009EFF9EFF9EFF9EFF9EFF9EFF9EFF9EFFEB
:10AD80009EFF9EFF9EFF9EFF9EFFBEFF9EFFBEFF9B
:10AD90009EFF9EFF9EFF9EFF7EFF7EFF7EFF5EFF6B
:10ADA0003DFF3DFF3DFF1DF71DF73DFF1DFF1DFF53
:10ADB0001DFFFDFEFDF6FDF6DDF6DDF61DFFDDFEF9
:10ADC000BCF69CF67BEE7BEE9CF69CF69CF69CF625
:10ADD0009CF69CF6BCFEBCFE9CFE9CF67CF69CF6AB
:10ADE000F693D693B693958B958B958B9593B69357
:10ADF0009593959395939593758B758B758B548BD4
:10AE0000558B348B358B358B348B348B348B348B27
:10AE1000348B348B348B348B348B348B348B348B3A
:10AE2000348B348B148B148B148B148B348B348BAA
:10AE3000348B348B348B148B148B348B348B148B7A
:10AE4000148B148B148B148B148B148B148B148B0A
:10AE5000148B148B148B148B148BF48A148B148B1B
:10AE6000148B148B348B348B348B348B348B348B2A
:10AE7000348B348B348B548B5593558B7593758BE6
:10AE80007593959395939593B593B693D693D693DF
:10AE9000D693D693D69BD69BD69BF69BF69BF69BDA
:10AEA000D69BF69BD69BD693D69BD693D693F69BF2
:10AEB000D59BB593B49B77B47AD5FBE51BEEFBE548
:10AEC0003BEE9CF6FDFE3EFF5EFF5DFF7DFF9EFFBD
:10AED000BFFFBFFFBFFFBFFFBFFF9EFF9EFF9EFFE5
:10AEE0007EFF9EFF9EFF7EFF7EFF5DFF3DFF1DF705
:10AEF0001DFF1DFF1DFF1DFF1DFF3DFF3DFF3DFF12
:10AF00003DFF3DFF5DFF5DFF5DFF5EFF5EFF5EFF9E
:10AF10005EFF5EFF7EFF7EFF7EFF9EFF9EFF9EFF29
:10AF20009EFF9EFF9EFF9EFFBEFFBEFFBEFF9EFFD9
:10AF3000BEFFBEFFBEFFBFFFBFFFBFFFBFFFBFFF24
:10AF4000BFFFBFFFBFFFBFFFBFFFBEFFBEFFBEFF14
:10AF5000BEFF9EFF9EFF9EFF9EFF9EFF9EFF9EFFE9
:10AF60009EFF9EFF9EFF9EFF9EFF9EFF9EFF9EFFF9
:10AF70009EFF9EFF7EFF7EFF7EFF7EFF7EFF7EFFA9
:10AF80005EFF3DFF3DFF3DFF3DFF1DFF1DF71DFF28
:10AF90001DFF1DFF1DFF1DFF1DFFFDFEDDF6DCF685
:10AFA000BCF6DCF6BCF6BCF6BCF6BCF6DDFEDDFE9F
:10AFB000DDFEDDFEDDFEDDFEDDFEDDFEBCFEBCF603
:10AFC000F693D693B693958B958B958B9593B69375
:10AFD0009593959395939593758B758B758B548BF2
:10AFE000558B348B358B358B348B348B348B348B46
:10AFF000348B348B348B348B348B348B348B348B59
:10B00000348B348B148B148B148B348B348B348BA8
:10B01000348B348B348B148B148B148B148B148BD8
:10B02000148B148B148B148B148B148B148B148B28
:10B03000148B148B148B148B148B148B148B148B18
:10B04000158B358B348B3593348B3593348B5493EC
:10B050005493548B548B5493558B7593759375936C
:10B06000958B9593B593B593B693B693D693D693A4
:10B07000D69BD69BD69BD69BF69BF69BF69BF69BC8
:10B08000F69BF69BD69BD693D69BD693D693D69B10
:10B09000D69BD59BD59B36ACF8C4BADDFCE51BE648
:10B0A0003BEE7CF6DDFE3DFF7EFF7EFF9EFFBEFF9A
:10B0B000BFFFBFFFBFFFBFFFBFFFBEFF9EFF9EFFE3
:10B0C0007EFF9EFF9EFF9EFF7EFF5DFF3DFF1DF703
:10B0D0001DFF1DFF1DFF1DFF1DFF3DFF3DFF3DFF30
:10B0E0003DFF3DFF5DFF5DFF5DFF5EFF5EFF5EFFBD
:10B0F0005EFF5EFF7EFF7EFF7EFF9EFF9EFF9EFF48
:10B100009EFF9EFF9EFF9EFFBEFFBEFFBEFF9EFFF7
:10B11000BEFFBEFFBEFFBFFFBFFFBFFFBFFFBFFF42
:10B12000BFFFBFFFBFFFBFFFBFFFBEFFBEFFBEFF32
:10B13000BEFF9EFF9EFF9EFF9EFF9EFF9EFF9EFF07
:10B140009EFF9EFF9EFF9EFF9EFF9EFF9EFF9EFF17
:10B150009EFF9EFF7EFF7EFF7EFF5EFF5EFF5EFF27
:10B160005EFF3DFF3DFF3DFF3DFF1DFF1DF71DFF46
:10B170001DFF1DF71DFF1DFF1DFFFDF6FDF6DCF693
:10B18000DCF6DCF6DCF6DCF6BCF6DCF6DDFEDDFE3D
:10B19000DDFEDDFEDDFEDDFEDDFEDDFEDCFEDCFED9
:10B1A000F693D693B693958B958B958B9593B69393
:10B1B0009593959395939593758B758B758B548B10
:10B1C000558B348B358B358B348B348B348B348B64
:10B1D000348B348B348B348B348B348B348B348B77
:10B1E000348B348B148B148B148B348B348B348BC7
:10B1F000348B348B348B348B148B148B148B148BD7
:10B20000148B348B148B148B148B348B348B348BC6
:10B21000348B348B348B348B148B348B158B358B74
:10B22000348B358B35933593549354935493559372
:10B2300055935593759375937593759395939593CE
:10B240009593B593B693B693B693D69BD69BD69B60
:10B25000D69BD69BF69BF69BF69BF69BF69BF69BA6
:10B26000F69BF69BF69BF69BD69BD693D693D693EE
:10B27000D69BF69BD5A3D59B36AC19CDDBE51BEE53
:10B280003BEE7CEEDCF63DFF7EFFBEFFBEFFBEFF69
:10B29000BFFFBFFFBFFFBFFFBFFFBEFF9EFF9EFF01
:10B2A0007EFF9EFF9EFF9EFF7EFF5DFF3DFF1DF721
:10B2B0001DFF1DFF1DFF1DFF1DFF3DFF3DFF3DFF4E
:10B2C0003DFF3DFF5DFF5DFF5DFF5EFF5EFF5EFFDB
:10B2D0005EFF5EFF7EFF7EFF7EFF9EFF9EFF9EFF66
:10B2E0009EFF9EFF9EFF9EFFBEFFBEFFBEFF9EFF16
:10B2F000BEFFBEFFBEFFBFFFBFFFBFFFBFFFBFFF61
:10B30000BFFFBFFFBFFFBFFFBFFFBEFFBEFFBEFF50
:10B31000BEFF9EFF9EFF9EFF9EFF9EFF9EFF9EFF25
:10B320009EFF9EFF9EFF9EFF9EFF9EFF9EFF9EFF35
:10B330009EFF7EFF7EFF7EFF5EFF5DFF5DFF5EFF87
:10B340005DFF3DFF3EFF3DFF3DFF1DFF1DF71DFF64
:10B350001DFF1DFF1DFF1DFF1DFFFDF6FDF6DCF6A9
:10B36000DDF6DDF6DDF6DDF6DDF6DDF6DDFEDDFE35
:10B37000DDFEDDFEDDFEDDFEDDFEDDFEDDFEDDFEF5
:10B38000F693D693B693958B958B958B9593B693B1
:10B390009593959395939593758B758B758B548B2E
:10B3A000558B348B358B358B348B348B348B348B82
:10B3B000348B348B348B348B348B348B348B348B95
:10B3C000348B348B348B348B348B348B348B348B85
:10B3D000348B3593358B348B348B358B358B358B68
:10B3E000348B348B348B348B348B348B348B348B65
:10B3F000348B348B3593358B358B358B3593359337
:10B4000055935593559355935593559355937593DC
:10B410007593759375939593959395939593B6932B
:10B42000B693B693D69BD69BD69BD69BD69BF69BC4
:10B43000F69BF69BF69BF69BF79BF79BF79BF79B80
:10B44000179CF69BF69BF69BF69BD69BF69BD69B92
:10B45000D69BD69BD59BB49BD49B97BC7AD51CE638
:10B460003BEE7CEEBCF61DFF7EFF9EFFBEFFBEFFE7
:10B47000BFFFBFFFBFFFBFFFBFFFBEFF9EFF9EFF1F
:10B480007EFF9EFF9EFF9EFF7EFF5DFF3DFF1DF73F
:10B490001DF71DFF1DFF1DFF1DFF3DFF3DFF3DFF74
:10B4A0003DFF3DFF5DFF5DFF5DFF5EFF5EFF5EFFF9
:10B4B0005EFF5EFF7EFF7EFF7EFF9EFF9EFF9EFF84
:10B4C0009EFF9EFF9EFF9EFFBEFFBEFFBEFF9EFF34
:10B4D000BEFFBEFFBEFFBFFFBFFFBFFFBFFFBFFF7F
:10B4E000BFFFBFFFBFFFBFFFBFFFBEFFBEFFBEFF6F
:10B4F000BEFF9EFF9EFF9EFF9EFF9EFF9EFF9EFF44
:10B500009EFF9EFF9EFF9EFF9EFF9EFF9EFF9EFF53
:10B510009EFF7EFF7EFF7EFF5EFF3DFF3DFF5DFFE6
:10B520003DFF3DFF3DFF3EFF3DFF3DFF1DFF1DFF7A
:10B530001DFF1DFF1DFF1DFF1DFF1DFFFDF6DDF69D
:10B54000FDF6FDF6FDF6FDF6DDF6DDF6FDFEFDFE93
:10B55000FDFEFDFEFDFEDDFEDDFEDDFEDDFEFDFE93
:10B56000F69BD693B693958B958B958B9593B693C7
:10B570009593959395939593758B758B758B548B4C
:10B58000558B348B358B358B348B348B348B348BA0
:10B59000348B348B348B358B358B358B358B358BAE
:10B5A000348B348B348B348B348B348B348B358BA2
:10B5B000358B358B3593359335933593559355931B
:10B5C000359335933593558B559355935593558BAB
:10B5D0005593558B5593558B55935593559355933B
:10B5E00075937593759395937593759395939593BB
:10B5F000959395939593B593B593B69BB69BB69B50
:10B60000D69BD69BF69BF69BF69BF69BF69BF69BF2
:10B61000F69BF69B169C17A417A417A417A417A4AF
:10B6200017A4F69BF69B169CF69BF69BF69BF69B47
:10B63000D69BB59BD59BB49BB49B36ACF8CCDBE5D5
:10B640003BE67CEEDCF61DF77EFF9EFF9EFFBEFF15
:10B65000BFFFBFFFBFFFBFFFBFFFBEFF9EFF9EFF3D
:10B660007EFF9EFF9EFF9EFF7EFF5DFF3DFF1DF75D
:10B670001DF71DF71DFF1DFF1DFF3DF73DFF3DF7AA
:10B680003DFF3DFF5DFF5DFF5DFF5EFF5EFF5EFF17
:10B690005EFF5EFF7EFF7EFF7EFF9EFF9EFF9EFFA2
:10B6A0009EFF9EFF9EFF9EFFBEFFBEFFBEFF9EFF52
:10B6B000BEFFBEFFBEFFBEFFBFFFBFFFBFFFBFFF9E
:10B6C000BFFFBFFFBFFFBFFFBFFFBEFFBEFFBEFF8D
:10B6D000BEFFBEFF9EFF9EFF9EFF9EFF9EFF9EFF42
:10B6E0009EFF9EFF9EFF9EFF9EFF9EFF7EFF7EFFB2
:10B6F0007EFF7EFF5EFF5EFF5DFF3DF73DF73DFF96
:10B700003DFF3DFF3DFF3EFF3DFF3DFF3DFF3DFF58
:10B710003DFF3DFF3DFF3DFF1DFF1DFF1DF7FDF6FA
:10B72000FDF6FDF6FDF6FDF6FDFEFDFEFDFEFDFE61
:10B73000FDFEFDFEFDFEFDFEDDF6DDF6FDFEFDFE81
:10B74000F69BD693B693958B958B958B9593B693E5
:10B750009593959395939593758B758B758B548B6A
:10B76000558B348B358B358B348B348B348B348BBE
:10B77000148B348B348B358B358B358B358B358BEC
:10B78000358B348B348B348B348B348B348B358BBF
:10B79000359335933593559355933593558B5593F1
:10B7A0005593558B559355935593558B7593759329
:10B7B0007593759375937593759375937593759349
:10B7C000969395939693969396939693B69BB69BE2
:10B7D000B59BB69BB69BB69BD69BD69BD69BD69B62
:10B7E000F79BF69BF69B179C179CF79B169C169C49
:10B7F000169C169C17A417A417A417A417A417A483
:10B8000017A4F79B169C169CF69BF69BF69BF69B43
:10B81000D69BB593D59BD59BF5A315A477B47AD5C4
:10B82000FADD5BE6DCF61DF75EFF7DFF9DF7BEFFF0
:10B83000DEFFBFFFBFFFBFFFBFFFBFFFBEFFBEFFFB
:10B840009EFF9EFF9EFF9EFF7EFF5DFF3DF71DF763
:10B850001DF71DF71DFF1DFF1DFF3DF73DF73DF7D0
:10B860003DFF3DFF5DFF5DFF5DFF5EFF5EFF5EFF35
:10B870005EFF5EFF7EFF7EFF7EFF9EFF9EFF9EFFC0
:10B880009EFF9EFF9EFF9EFFBEFFBEFFBEFF9EFF70
:10B89000BEFFBEFFBEFFBEFFBFFFBFFFBFFFBFFFBC
:10B8A000BEFFBFFFBFFFBFFFBFFFBEFFBEFFBEFFAC
:10B8B000BEFFBEFF9EFF9EFF9EFF9EFF9EFF9EFF60
:10B8C0009EFF9EFF9EFF9EFF7EFF7EFF7EFF7EFF10
:10B8D0007EFF7EFF5EFF5EFF3DFF1DF71DF73DF71C
:10B8E0001DFF1DFF3DFF5EFF3EFF3DFF3DFF3EFF95
:10B8F0003EFF3EFF3EFF3EFF3EFF1DFF1DF71DF7D3
:10B900001DF71DF71DF71DF71DF7FDFEFDFEFDFEE2
:10B91000FDFEFDFEFDFEFDFEFDFEFDFEFDFEFDFE4F
:10B92000F69BD693B693958B958B958B9593B69303
:10B930009593959395939593758B758B758B548B88
:10B94000558B358B358B358B358B358B358B358BD7
:10B95000148B348B358B358B358B358B358B358B09
:10B96000358B358B348B348B348B348B358B358BDB
:10B97000558B358B558B55935593559355935593BF
:10B980005593558B558B75937593759375937593E7
:10B990007593959395939593959395939693969385
:10B9A0009593B693B693B693B693B693B69BD69B40
:10B9B000D69BD69BD69BD69BD69BF69BF69BF69B9F
:10B9C000F79B179C17A417A417A4169C169C17A4E2
:10B9D00017A417A437A437A437A437A437A437A4CF
:10B9E00037A417A4179C169C169CF69BD69BD6933F
:10B9F000F69BD69BF69BF59BF6A316A416ACF8C453
:10BA000079D51BDEBCF63EFF7EFF7EFF9DFFBEFFAD
:10BA1000DEFFBFFFBFFFBFFFBFFFBFFFBEFFBEFF19
:10BA20009EFF9EFF9EFF9EFF7EFF5DF73DF71DF789
:10BA30001DF71DF71DFF1DFF1DF71DF73DF73DF716
:10BA40003DFF3DFF3DFF5DFF5DFF5EFF5EFF5EFF73
:10BA50005EFF5EFF7EFF7EFF7EFF9EFF9EFF9EFFDE
:10BA60009EFF9EFF9EFF9EFFBEFFBEFFBEFF9EFF8E
:10BA7000BEFFBEFFBEFFBEFFBFFFBFFFBFFFBFFFDA
:10BA8000BEFFBEFFBFFFBFFFBFFFBEFFBEFFBEFFCB
:10BA9000BEFFBEFF9EFF9EFF9EFF7EFF7EFF9EFFBE
:10BAA0009EFF9EFF9EFF9EFF7EFF7EFF7EFF7EFF2E
:10BAB0007EFF5EFF5DFF5DFF3DFF1CF71CF71DF77E
:10BAC0001DFF1DFF3DFF5EFF3EFF3DFF3DFF3EFFB3
:10BAD0003EFF3EFF3EFF3EFF3EFF3DFF1DFF1DF7C9
:10BAE0001DF71DF71DF71DF71DF71DF71DF71DF7B6
:10BAF0001DF7FDFEFDFEFDFEFDFEFDFEFDF6FDF665
:10BB0000F69BD693B693958B958B958B9593B69321
:10BB10009593959395939593758B758B758B548BA6
:10BB2000558B358B358B358B358B358B358B358BF5
:10BB3000348B358B358B358B558B558B358B358BC6
:10BB4000358B358B348B348B348B348B358B358BF9
:10BB5000358B358B558B55935593559355937593DD
:10BB60007593558B7593759395937593959395935D
:10BB70009593959395939593959395939693B69363
:10BB8000B693B693B693B693B69BD69BD69BD69BED
:10BB9000D69BD69BD69BF69BF69BF69BF69BF79B7C
:10BBA00017A417A417A437A437A417A417A417A47D
:10BBB00017A417A437A437A437A437A437A437A4ED
:10BBC00037A437A417A4179C36A4F69BD593D59316
:10BBD00017A4169C16A4D69B16A416A4F5A397B476
:10BBE00038C5DADDBCEE3EFF9EFF9EFF9EFFBEFF26
:10BBF000BEFFDEFFBFFFBFFFBFFFBFFFBEFFBEFF39
:10BC00009EFF9EFF9EFF9EFF7EFF5DF73DF71DF7A7
:10BC10001DF71DF71DFF1DFF1DFF1DF71DF71DFF64
:10BC20003DFF3DFF3DFF3DFF5DFF5EFF5EFF5EFFB1
:10BC30005EFF5EFF7EFF7EFF7EFF9EFF9EFF9EFFFC
:10BC40009EFF9EFF9EFF9EFF9EFFBEFFBEFF9EFFCC
:10BC5000BEFFBEFFBEFFBEFFBFFFBFFFBFFFBFFFF8
:10BC6000BEFFBEFFBFFFBFFFBFFFBEFFBEFFBEFFE9
:10BC7000BEFFBEFF9EFF9EFF9EFF7EFF7EFF9EFFDC
:10BC80007EFF9EFF9EFF9EFF7EFF7EFF7EFF7EFF6C
:10BC90007EFF5EFF5DFF5DFF3DFF1CF7FCF61CF7BE
:10BCA0001DFF1DFF3EFF5EFF5EFF3DFF3DFF3DFFB1
:10BCB0003EFF3EFF3EFF3EFF3EFF3DFF1DFF1DF7E7
:10BCC0001DF71DF71DF71DF71DF71DF71DF71DF7D4
:10BCD0001DF71DF7FDFEFDFEFDFEFDFEFDF6FDF66A
:10BCE000F69BD693B693958B958B958B9593959361
:10BCF00095939593958B758B7593758B758B758BCC
:10BD00005593358B358B358B358B358B358B358B0B
:10BD1000358B358B358B358B358B358B358B558B03
:10BD2000348B558B558B558B558B558B558B558B34
:10BD3000558B558B558B759375937593759375933B
:10BD40007593759375939593959395939593B593F3
:10BD5000B593B593B593B593B693B693B693B6939F
:10BD6000B693D693D693D693D69BD69BD69BF69B6B
:10BD7000F69BF69BF69BF69BF69B169C17A4169CCF
:10BD800017A437A437A437A437A437A437A437A4FB
:10BD900037A437A437A437A437A437A437A437A4CB
:10BDA00017A417A4169C169C169CF69BD593D693A5
:10BDB000F79B17A4F7A3F69B16A4F6A3F6A336AC3D
:10BDC000D7BCFBDDBDF61DFF7EFF9EFF9EFFBEFFC5
:10BDD000DFFFDFFFDFFFDFFFBFFFBFFFBFFFBFFFF3
:10BDE000BEFFBEFFBEFFBEFF9EFF7EFF5DF73DF7BD
:10BDF0001DF7FCF6FDFE1DFFFDFE1DFF1DFF1DF7DF
:10BE00001DFF3DFF5DFF5DFF5DFF5EFF5EFF5EFFAF
:10BE10007EFF7EFF7EFF7EFF7EFF9EFF9EFF9EFFDA
:10BE20009EFF9EFF9EFF9EFFBEFFBEFFBEFFBFFFA9
:10BE3000BFFFBFFFBFFFBFFFBFFFBFFFBEFFBEFF14
:10BE4000BFFFBFFFBFFFBFFFBFFFBEFFBEFFBEFF05
:10BE50009EFF9EFF9EFF9EFF9EFF9EFF9EFF9EFFFA
:10BE60007EFF7EFF7EFF7EFF7EFF7EFF5EFF5EFF2A
:10BE70005EFF3EFF3DFF3DFF1DF7FCF6FCF61CF7A5
:10BE80001DF71DFF3DFF5EFF3EFF3DFF3EFF3EFFF6
:10BE90003EF73EF73EFF3EFF3DFF3DFF3DFF1DFFEE
:10BEA0001DFF1DFF3DFF3DFF1DFF1DFF1DF71DF782
:10BEB0001DFF1DF7FDF6FDF6FDF6FDF6DDF6FDFEB8
:10BEC000F69BD693B693958B958B958B959395937F
:10BED00095939593958B758B7593758B758B758BEA
:10BEE000558B358B358B358B358B358B358B358B32
:10BEF000358B358B358B358B358B358B558B558B02
:10BF0000558B558B558B7593759375937593759369
:10BF100075937593759375937593759375937593E1
:10BF2000759375939593B693B693B693B693B6936C
:10BF3000B693D693D693D693D693D693D69BD69BC9
:10BF4000D69BF69BF69BF69BF69B169C169C169C26
:10BF5000169C169C16A416A417A437A437A437A4BD
:10BF600037A437A457A457A457A457A457A457A439
:10BF700037A437A437A437A437A437A437A417A409
:10BF8000169C17A4169C169C169C169CF69BF69B5A
:10BF9000F79B17A4F69BD69BF69BD59BB59BF5A369
:10BFA00076B4BADDBDF6FEFE3EFF5EFF9EFFDEFF0D
:10BFB000DFFFFFFFDFFFDFFFDFFFDFFFDFFFDFFF71
:10BFC000DFFFDFFFDFFFDFFFBFFF9EFF7EFF5DFFC5
:10BFD0003DFFFCFEFCFEFCFEFCFEFCFE1DFF1DF713
:10BFE0001DFF3DFF5DFF5DFF5DFF5EFF5EFF5EFFCE
:10BFF0005EFF7EFF7EFF7EFF7EFF7EFF9EFF9EFF39
:10C000009EFF9EFF9EFF9EFFBEFFBEFFBFFFBFFFC6
:10C01000BFFFBFFFBFFFBFFFBFFFBFFFBFFFBFFF30
:10C02000BFFFBEFFBEFFBEFFBEFF9EFF9EFF9EFF87
:10C030009EFF9EFF9EFF9EFF9EFF9EFF9EFF9EFF18
:10C040007EFF7EFF7EFF5EFF5DFF5DFF5EFF3EFFCA
:10C050005EFF3EFF3DFF3DFF1DF7FCF6FCF6FCF6E4
:10C060001DF71DFF3DFF3EFF3EFF3DFF3EFF3EFF34
:10C070003EF73EF73EFF3EFF3DFF3DFF3DFF1DFF0C
:10C080001DFF1DFF3DFF3DFF3DFF3DFF3DFF3DFF10
:10C090001DFF1DF7FDF6FCF6FDF6DDF6DDF6FDFEF7
:10C0A000F79BD693B6939593958B958B9593959394
:10C0B00095939593958B758B75937593758B758B00
:10C0C000558B558B348B348B558B348B348B558BF4
:10C0D000558B558B558B558B558B558B558B558B60
:10C0E000558B758B75937593759375937593959320
:10C0F0009593959395939593959395939593959300
:10C100009693B693B693B693D693D693D693D69387
:10C11000D693D693D693D69BF69BF69BF69BF69B2F
:10C12000F69BF69BF69B169C169C179C17A416A4D0
:10C1300016A437A437A437A437A437A457A457A408
:10C1400057A457A457A457A457A457A457A457A417
:10C1500057A457A457A437A437A437A417A417A4E7
:10C16000169C17A4169C169C169C169CF69B169C57
:10C17000F69BF79BD69BD69BF69BD69BD69BF6A3AE
:10C1800015A479D59DF6DEFEFDF65DFF9EFFBEFF90
:10C19000DEFFDFFFDFFFDFFFDFFFDFFFDFFFDFFFB0
:10C1A000DFFFDFFFDFFFDFFFBFFF9EFF7EFF7EFFC2
:10C1B0003DFFFDFEFCF6FCFEFCFEFCFEFDFE1DFF51
:10C1C0001DF73DFF5DFF3DFF5DFF5EFF5EFF5EFF14
:10C1D0005EFF7EFF7EFF7EFF7EFF7EFF7EFF7EFF97
:10C1E0009EFF9EFF9EFF9EFFBEFFBEFFBFFFBFFFE5
:10C1F000BFFFBFFFBFFFBFFFBFFFBFFFBFFFBFFF4F
:10C20000BFFFBFFFBFFFBEFFBEFF9EFF9EFF9EFFA3
:10C210009EFF9EFF9EFF9EFF9EFF9EFF9EFF9EFF36
:10C220007EFF7EFF7DFF5DFF5DFF5DFF3EFF3EFF0A
:10C230003DFF1DFF1DFFFDF6FCF6DCF6DCF6FCF60F
:10C24000FDF61DFF1DFF3EFF3EFF3DFF3EFF3EFF93
:10C250003DF73EF73DFF3DFF3DFF3DFF1DFF1DFF4D
:10C260001DFF1DFF1DFF1DFF3DFF3DFF3DFF1DFF8E
:10C270001DFFFDF6FDF6FDF6DDF6DDFEDDFEDDFE65
:10C28000F79BD69BB6939593958B958B9593B69389
:10C29000959395939593958B759375937593758BEE
:10C2A000558B558B558B558B558B558B558B558B8E
:10C2B000558B558B558B558B558B558B759375932E
:10C2C000758B759395939593959395939593959376
:10C2D000969396939593959396939693B693B693D8
:10C2E000B693B693D693D69BD69BD69BD69BF69BFE
:10C2F000F69BF69BF69BF69BF69BF69BF69BF69BB6
:10C30000169C169C169C169C179C36A437A437A422
:10C3100037A437A437A437A437A437A457A457A405
:10C3200057A457A457A457A457A457A457A457A435
:10C3300057A457A457A437A437A437A417A417A405
:10C34000169C17A4169C169C169C169CF69B169C75
:10C35000F69BF69BD69BD69BF79BD69BD69BF6A3CC
:10C36000F5A339CD5DEEBDF6FDF65EFF7EFF9EFFC7
:10C37000BEFFBEFFBEFFBEFFBEFFBEFFBEFFBEFFD5
:10C38000BFFFBFFFDFFFDFFFBFFF9EFF7EFF7EFF20
:10C390003DFFFCFEFCF6FDFEFDFEFDFE1DFF1DFF4C
:10C3A0001DFF3DFF3DFF3DFF5DFF5DFF5EFF5EFF4B
:10C3B0005EFF7EFF7EFF7EFF7EFF7EFF7EFF7EFFB5
:10C3C0009EFF9EFF9EFF9EFFBEFFBEFFBFFFBFFF03
:10C3D000BFFFBFFFBFFFBFFFBFFFBFFFBFFFBFFF6D
:10C3E000BFFFBFFFBFFFBEFFBEFF9EFF9EFF9EFFC2
:10C3F0009EFF9EFF9EFF9EFF9EFF9EFF9EFF9EFF55
:10C400007EFF7DFF5DFF5DFF5EFF5DFF3DFF3DFF4A
:10C41000FDF6FCF6DCF6DCF6DCF6DCF6DCF6FCF62B
:10C42000FDF61DF71DFF3EFF3DFF3DFF3DFF3EFFBB
:10C430003DF73DF73DFF3DFF3DFF3DFF1DFF1DFF6C
:10C440001DFF1DFF1DFF1DFF1DFF1DFF1DF71DF71C
:10C45000FDF6FDFEFDFEFDFEDDFEDDFEDDFEBCF6B5
:10C46000F79BD69BB6939593958B95939593B6939F
:10C4700095939593959395939593759375937593DC
:10C480007593558B558B558B558B7593759375930C
:10C49000759375937593759375937593759375935C
:10C4A00095939593B693B693B693B693B693B69386
:10C4B000B693B693B693B693B693D693D69BD69BC4
:10C4C000D69BD69BF69BF79BF79BF69BF69BF69B22
:10C4D000169C169C169C169C169C179C179C179CC9
:10C4E000179C179C17A437A437A437A437A437A4E4
:10C4F00057A457A457A457A457A457A457A457A464
:10C5000057A457A457A457A457A477AC77AC77ACDB
:10C5100057A457A457A437A437A437A436A417A404
:10C52000169C17A4179C169C169C169CF69B169C92
:10C53000F69BF69BF79BF79BD69BD69BD69BF69BD1
:10C54000F5A319C53DEEBDF61EFF7EFF5DFF7EFF24
:10C550009EFF9EFF9EFF9EFF9EFF9EFF9EFF9EFFF3
:10C560007EFF9EFF9EFF9EFF9EFF7EFF5EFF5EFFA3
:10C570003DFFFCF6FCF6FDFEFDFEFCFE1DFF1DFF73
:10C580001DFF3DFF3DFF3DFF3DFF5DFF5DFF5EFF8A
:10C590005DFF5EFF7EFF7EFF7EFF7EFF7EFF7EFFF4
:10C5A0009EFF9EFF9EFF9EFFBEFFBEFFBFFFBFFF21
:10C5B000BFFFBFFFBFFFBFFFBFFFBFFFBFFFBFFF8B
:10C5C000BEFFBEFFBEFFBEFF9EFF9EFF9EFF9EFF03
:10C5D0009EFF9EFF9EFF9EFF9EFF9EFF9EFF7EFF93
:10C5E0005DFF5DFF5DFF5DFF5DFF3DFF1DFFFCF635
:10C5F000DCF6BCF6BCEEBCEEBBEEBCF6DCF6FCF644
:10C60000FDF61DF71DFF3DFF3DFF3DFF1DF73DFF03
:10C610003DFF3DFF3DFF3DFF1DFF1DFF1DFF1DFFBA
:10C620001DFF1DFF1DFF1DFF1DFF1DFFFDF6DCF69D
:10C63000DDF6FDF6FDFEFDFEDDFEDDFEBCF69CF644
:10C64000F79BD69BB6939593959395939593B693B5
:10C65000B6939593959395939593959375937593B9
:10C66000759375937593759375937593759375938A
:10C6700075937593969396939693969396939693B4
:10C680009693B693B693D69BD69BD69BD69BD69BBA
:10C69000D69BD69BD69BD69BD69BF79BF79BF79BAF
:10C6A000F79BF79B179C179C179C179C179C179C34
:10C6B000379C379C17A437A437A437A437A437A4D2
:10C6C00037A437A437A437A457A457A457A457A412
:10C6D00057A457A457A457A457A457A457A457A482
:10C6E00057A457A457A477AC77AC77AC77AC77ACAA
:10C6F00057A457A457A457A437A437A437A436A4E3
:10C70000179C179C169C169C169C169C169C169C97
:10C71000F79BF69BF79BF79BD69BD69BD69BD69B0E
:10C72000F59BF8BC3CE6DEF63FFF7EFF3DFF7DFF5C
:10C730009EFF9EFF9EFF9EFF9EFF9EFF9EFF9EFF11
:10C740005EFF7EFF7EFF9EFF9EFF7EFF7EFF5EFF01
:10C750003DFFFDFEFCFEFDFEFCFEFCFE1DFF3DFF61
:10C760003DF73DFF3DFF3DFF3DFF5DFF5DFF5DFF91
:10C770005EFF5EFF7EFF7EFF7EFF7EFF7EFF7EFF11
:10C780009EFF9EFF9EFF9EFF9EFFBEFFBEFFBFFF60
:10C79000BFFFBFFFBEFFBEFFBEFFBEFFBEFFBEFFAF
:10C7A000BEFFBEFFBEFFBEFF9EFF9EFF9EFF9EFF21
:10C7B0009EFF9EFF7EFF9EFF9EFF7EFF7EFF7EFF11
:10C7C0005DFF5DFF5DFF5DFF3DFF3DFFFCF6DCEEC5
:10C7D000BCEE9CEE9BEE9BEE9BEEBCEEDCF6DCF63C
:10C7E000FDF61DF71DFF3DFF3DFF1DF71DF71DF772
:10C7F0001DF71DF71DFF3DFF1DFF1DFF1DFF1DFF49
:10C800001DFF1DFF1DFF1DFF1DFF1DF7FCF6DCF6C4
:10C81000DDF6FDFEFDFEFDFEDDFE9CFE7BF65BEE25
:10C82000F79BD69BB693B69395939593B693B69391
:10C83000B693B69395939593959395939593759396
:10C840007593759375937593969396939693969324
:10C8500096939693969396939693B693B693B69B28
:10C86000B693B693D69BD69BF69BF69BF69BF69B10
:10C87000F79BF79BF79BF79BF79BF79B179C179CE6
:10C8800017A417A437A437A437A437A437A437A410
:10C8900037A437A437A437A437A437A437A457A4A0
:10C8A00057A457A457A457A457A457A457A457A4B0
:10C8B00057A457A457A477AC77A477A457A477A418
:10C8C00057A477AC77AC77AC77AC77AC77AC77AC78
:10C8D00057A457A457A457A437A437A436A436A402
:10C8E000179C179C169C169C169C169C169C169CB6
:10C8F000F69BF69BF79BF79BD79BD79BD79BD69B2B
:10C90000F59B76ACDBDDDEF63EFF5EFF5DFF7EFF76
:10C910009EFF9EFF9EFF7EFF5EFF5DFF5DFF3DFF72
:10C920003DF75DFF5EFF7EFF7EFF7EFF5EFF3DFF0A
:10C930001DFFFDFEFDFEFDFEFCFE1DFF3DFF3DFF5C
:10C940003DFF3DFF3DFF3DFF3DFF3DFF5DFF5DFFC7
:10C950007EFF7EFF7EFF7EFF7EFF7EFF7EFF7EFFEF
:10C960009EFF9EFF9EFF9EFF9EFF9EFF9EFFBEFFBF
:10C97000BEFFBEFFBEFFBEFFBEFFBEFFBEFFBEFFCF
:10C98000BEFFBEFFBEFFBEFF9EFF9EFF9EFF9EFF3F
:10C990009EFF7EFF7EFF7EFF7EFF7EFF7EFF7EFF8F
:10C9A0005DFF5DFF5DFF3DFF1DFFFCF6BCEE9BEEF6
:10C9B0007BEE7BEE7BEE7BEE9BEEBCF6DCF6DCF6F4
:10C9C000FDF6FDF61DFF3DFF3DFF1DF71DF71DF7B1
:10C9D0001DF71DF71DFF1DFF1DFF1DFF1DFF1DFF87
:10C9E0001DFF1DFF1DFF1DFF1DFF1DF7FDF6DCF6E2
:10C9F000FDF6FDFEFDFEDDFEBCF67CF63BEEFAE547
:10CA0000F79BF69BB693B69395939593B693B6938F
:10CA1000B693B69395939593959395939593959394
:10CA20009593959396939593969396939693B693A1
:10CA30009693B693B693B69BB69BB69BB69BB69BA6
:10CA4000D693D69BF69BF69BF79BF69B179C179C61
:10CA5000179C179C179C179C17A417A417A417A41E
:10CA600037A437A437A437A437A437A437A457A4CE
:10CA700057A457A457A457A457A457A458AC58ACCC
:10CA800058A458A457A477AC77AC77AC57A457A454
:10CA900077AC77AC77AC77AC77AC77A477A477A496
:10CAA00077AC77AC77AC77AC77AC77AC77AC77AC6E
:10CAB00057A457A457A457A437A437A436A4169C48
:10CAC000179C17A4179CF69B169C169CF69BF69B2E
:10CAD000F69BF79BF79BF79BD79BD79BD69BD69B49
:10CAE000D59BF59B5ACD9EEEFEF63EFF5EFF7EFF88
:10CAF0007EFF7EFF5EFF3DFF1DFF1CF7FCF6FCF690
:10CB0000BBEEBCEEDCF6FCF6FCF6FCF6FCF6DCF666
:10CB1000FCF6FCF6FCFEFDFEFDFE1DFF3DFF3DF7B5
:10CB20003DFF3DFF3DFF3DFF3DFF3DFF3DFF5DFF05
:10CB30005DFF5DFF5DFF5DFF5EFF5EFF7EFF7EFFD1
:10CB40007EFF9EFF9EFF9EFF9EFF9EFF9EFF9EFF1D
:10CB50009EFFBEFFBEFFBEFFBEFFBEFFBEFFBEFF0D
:10CB6000BEFFBEFF9EFF9EFF9EFF9EFF9EFF9EFF9D
:10CB70007EFF7EFF7EFF7EFF7EFF7EFF7EFF5EFFED
:10CB80005DFF5DFF3DFF1DFFFCF6BCF69BEE7BEEFF
:10CB90005AE65AE65BE67BEE9CEEBCF6DCF6DCF68B
:10CBA000FCF6FDF61DFF3DFF3DFF1DFF1DFF1DF7C0
:10CBB0001DFF1DFF1DFF1DFF1DFF1DFF1DFF1DFF95
:10CBC0001DFF1DFF1DFF1DFF1DFF1DFFFDFEFDF6CF
:10CBD000FDFEFDFEFDFEBDFE9CF65BF6FAEDB9E541
:10CBE000F79BF69BD693B593B593B593B693D6932F
:10CBF000D693B693B593B593B593B593B593B593D3
:10CC0000B593B593B693B693B693B693B693B693DE
:10CC1000B693D693D69BD69BD69BD69BD69BD69BBC
:10CC2000D69BF69BF69B169C179C179C179C17A4EB
:10CC3000179C179C17A437A437A437A437A437A48C
:10CC400058A457A457A457A457A457A457A457A40B
:10CC500057A457A457A477AC77AC77AC77AC78AC33
:10CC600078AC78AC78AC78AC77AC77AC77AC77ACA8
:10CC700077AC77AC77AC77AC77AC77AC78AC78AC9A
:10CC800078AC57AC77AC77AC77AC77AC77AC77ACAB
:10CC900077AC77AC57A457A457A437A437A436A4CD
:10CCA00017A4179C179C179C179C179CF69BF79B27
:10CCB000F79BF79BF79BD79BD69BD69BD69BD69B88
:10CCC000D6A3949377ACFCDDBEF6FFFE3FFF3EFF9C
:10CCD0003EFF3EFF1EFFFDF6DCF6DCF6BCF67BEE0B
:10CCE000BCF6DCF6FDFE1DFF1DFF1DFF1DF71DF749
:10CCF0001DFF1DFF1DFF1DFF1DFF1DFF1DFF3DFF34
:10CD00003DFF3DFF3DFF3DFF3DFF3DFF3DFF5DFF23
:10CD10005DFF5DFF5DFF5DFF5EFF5EFF7EFF7EFFEF
:10CD20007EFF7EFF9EFF9EFF9EFF9EFF9EFF9EFF5B
:10CD30009EFFBEFFBEFFBEFFBFFFBFFFBFFF9EFF48
:10CD40009EFF9EFF9EFF9EFF9EFF9EFF9EFF9EFFFB
:10CD50009EFF7EFF7EFF7EFF7EFF7EFF7EFF5EFFEB
:10CD60005EFF3DFF1DFFFDFEDCF69CF67BEE3AE626
:10CD70001AE63AE65BE69BEEBCF6BCF6DCF6DCF6C1
:10CD8000FDF6FDFE1DFF1DFF1DFF1DFF1DF71DF71D
:10CD90001DFF1DFF1DFF1DFF1DFF1DFF1DFF1DFFB3
:10CDA0001DFF1DFF1DFF1DFF1DFFFDFEFDFEFDFE06
:10CDB000FDFEFDFEDDFE9DFE5CFE1BF6B9ED78E599
:10CDC000F693F693D693B593B593B693D693D69B35
:10CDD000D69BD693B693B693D693B693D693D69B5B
:10CDE000D69BD693D693D69BD69BD69BD69BF69BAB
:10CDF000D69BF69BF69BF79BF79BF79BF79BF69BC7
:10CE0000F69B169C17A437A437A437A437A437A4DD
:10CE100037A437A437A457A457A457A457A458A499
:10CE200058A458A458A458AC77AC77AC77AC77AC7E
:10CE300077AC77AC77AC77AC78AC78AC78AC78ACD6
:10CE400078AC78AC78AC78AC77AC77AC77AC77ACC6
:10CE500077AC77AC77AC77AC77AC77AC78AC78ACB8
:10CE600057AC78AC78AC78AC77AC77AC77AC77ACC7
:10CE700077AC77AC57A457A457A457A437A437A4CA
:10CE800017A417A4179C179C179CF79BF79BF69B5E
:10CE9000F79BF79BD69BD69BD69BD79BD7A3D6A3B6
:10CEA000D6A39493F59BD8BCBBD59DEEFFFEFEFEAA
:10CEB000FEFEFEFEFEFEFDFEFDFE1DFFFDFEBCF6BF
:10CEC0009CF6BDFEFDFE1EFF1DFF1DF71DFF3DFF75
:10CED0003DFF3DFF1DFF1DFF1DFF1DFF1DFF3DFF12
:10CEE0003DFF3DFF3DFF3DFF5DFF5DFF5DFF5EFFE1
:10CEF0005EFF5EFF5EFF5EFF5EFF5EFF5EFF7EFF2A
:10CF00007EFF7EFF7EFF9EFF9EFF9EFF9EFF9EFF99
:10CF10009EFF9EFF9EFFBEFFBFFF9EFF9EFF9EFFE8
:10CF20009EFF9EFF9EFF9EFF9EFF9EFF9EFF9EFF19
:10CF30009EFF7EFF7EFF7EFF7EFF5EFF7EFF5EFF29
:10CF40003DFF1DFFFDFEDCFE9CF65BEE3AEEFAE5D2
:10CF5000FAE51AE63BEE9CF6BCF6DCF6DCF6DCF60F
:10CF6000FDF6FDF6FDFE1DFF1DFF1DFF1DF71DFF5C
:10CF70001DF71DF71DFF1DFF1DFF1DFFFDF6FDF633
:10CF80001DF7FDF6FDF6FDF6FDFEFDFEFDFEFDFEC8
:10CF9000FDFEDDFEBDFE7CFE3BF6DAED79E579E5D2
:10CFA000F693D693D693B593B593D693F693F69B13
:10CFB000F69BD69BD693D69BD69BD69BD69BF69BB1
:10CFC000D69BD69BD69BF69BF69BF69BF69BF79B38
:10CFD000F69BF79BF79B179C179C179C17A417A40D
:10CFE00017A437A437A437A457A457A457A457A409
:10CFF00057A457A457A458A458A458AC58AC58AC3C
:10D0000058AC78AC78AC78AC78AC78AC77AC77AC22
:10D0100077AC77AC77AC77AC77AC77AC77AC77ACF8
:10D0200078AC78AC78AC78AC77AC77AC77AC77ACE4
:10D0300077AC77AC77AC77AC77AC77AC77AC77ACD8
:10D0400077AC78AC78AC57A457A477AC77AC77AC16
:10D0500077AC77AC57A457A457A457A437A437A4E8
:10D06000179C179C179CF69BF69BF69BF69BF69BD2
:10D07000F79BF79BD69BD69BD69BD69BD79BB69B05
:10D08000959B94939493F5A397B47ACD3CE67CEE6C
:10D09000BDF6DEF6DEFEDEFEDDFEBDFE9DF67CF6B6
:10D0A0007BF6BCFEFDFE1EFF1DFF1DFF3DFF3DFF8D
:10D0B0003DFF3DFF3DFF3DFF3DFF1DFF3DFF3DFFB0
:10D0C0003DFF3DFF3DFF3DFF3DFF5DFF5EFF5DFF1F
:10D0D0005EFF5EFF5EFF5EFF5EFF5EFF5EFF5EFF68
:10D0E0007EFF7EFF7EFF9EFF9EFF9EFF9EFF9EFFB8
:10D0F0009EFF9EFF9EFF9EFF9EFF9EFF9EFF9EFF48
:10D100009EFF9EFF9EFF9EFF9EFF7EFF7EFF7EFF97
:10D110007EFF7EFF7EFF7EFF5EFF5EFF5EFF3DFFC8
:10D120001DFFFDFEDCFE9CF65BF63AEE1AE6F9E525
:10D13000F9E51AE65BEE9CF6BCF6DCF6DCF6DCF60E
:10D14000DCF6FDFEFDFEFDFE1DFFFDFE1DF71DF7DD
:10D150001DF71DF71DF71DFF1DFF1DFFFDF6FDF659
:10D16000FDF6FDF6FDF6FDF6FDFEFDFEFDFEFDFE07
:10D17000DDFEBDFE9CFE5CF6FBEDBAED79E579E5E2
:10D18000F69BF693D693D693D693D693F69BF69BBF
:10D19000F69BF69BF69BF69BF69BF69BF79BF69B06
:10D1A000F69BF69BF69BF69BF69BF69BF79B169CD5
:10D1B000179C17A417A437A437A437A437A437A4FF
:10D1C00037A437A437A457A457A457A457A457A4E7
:10D1D00058A457A458A457A458A477AC58AC58AC3A
:10D1E00078AC78AC78AC78AC78AC78AC77AC77AC21
:10D1F00077AC77AC77AC77AC77AC77AC77AC77AC17
:10D2000078AC78AC78AC78AC77AC77AC77AC77AC02
:10D2100077AC77AC77AC77AC77AC77AC77AC77ACF6
:10D2200057A478AC77AC57A457A477AC77AC57A485
:10D2300077AC57A457A457A457A437A437A436A44F
:10D24000179C179C179CF69BF69BF69BF69BF69BF0
:10D25000F79BF79BD69BD69BD69BD69BB69B96936C
:10D26000959BB59BB59BD49BD49BF49B76ACF7BCAC
:10D2700018C558CDBAD5FBE5FBE5DBE5FBE51BEEB4
:10D280005BF69CFEFDFE1EFF3EFF3DFF3DFF3DFFAA
:10D290003DFF3DFF3DFF3DFF1DFF3DFF3DFF3DFFCE
:10D2A0003DFF3DFF3DFF3DFF3DFF5DFF5DFF3DFF5E
:10D2B0005DFF5DFF5DFF5EFF5EFF5EFF5EFF5EFF89
:10D2C0007EFF7EFF7EFF7EFF7EFF9EFF9EFF9EFF16
:10D2D0009EFF9EFF9EFF9EFF9EFF9EFF9EFF9EFF66
:10D2E0007EFF7EFF9EFF9EFF7EFF7EFF7EFF7EFF16
:10D2F0007EFF7EFF7EFF7EFF5DFF5DFF5DFF3DFFEA
:10D30000FDFEDCFE9CF67BF63AEE1AEE1AEEFAED26
:10D31000FAE51AEE5BEE7BEE9CF6BCF6BCF6BCF6CC
:10D32000DCF6DCF6FDFEFDFEFDFEFDFE1DF71DF745
:10D330001DF71DF71DF71DFF1DFF1DFFFDF6FDF677
:10D340001DF71DF71DFF1DFF1DFFFDFEDDFEDDFEB0
:10D35000DDFEDDFE7CFEFAEDBAED99E579E538E516
:10D36000179CF69BF693D693D693F693F69B169C52
:10D37000169C169CF69BF69B179C179C179C179C5B
:10D38000169C169C169C169C17A436A437A437A48A
:10D3900037A437A457A457A458AC77AC58AC77AC93
:10D3A00078AC77AC57A457A457A477A478AC77ACE3
:10D3B00078AC77AC77A477A477A477AC78AC78AC6A
:10D3C00078AC78AC78AC77AC77AC77AC77AC77AC42
:10D3D00078AC78AC78AC77AC77AC77AC77AC77AC32
:10D3E00077AC77AC77AC77AC77AC77AC77AC77AC25
:10D3F00077AC77AC77AC77AC77AC77AC77AC77AC15
:10D4000057A477AC57A457A457A457A457A457A41C
:10D4100057A457A457A437A437A437A436A4169CFE
:10D42000179C179CF69BF69BF69BF69BD69BD69B70
:10D43000D693D69BD69BD69BB69BB69BB69BB69BEC
:10D44000B69B959BB59BD59BF59BB3939393D39B31
:10D45000D49BF4A376B418CD7AD57ADDBBE51CEE67
:10D460003BF67CFEDDFE1EFF3EFF5EFF3DFF3DFF07
:10D470003DFF3DFF3DFF3DFF3DFF3DFF3DFF3DFFCC
:10D480003DFF3DFF5DFF3DFF3DFF5DFF5DFF3DFF5C
:10D490003DFF3DFF5DFF5DFF5EFF5EFF5DFF5DFFEA
:10D4A0005EFF7EFF7EFF7EFF7EFF7EFF9EFF9EFF74
:10D4B0009EFF9EFF9EFF9EFF9EFF9EFF9EFF9EFF84
:10D4C0007EFF7EFF7EFF7EFF7EFF7EFF7EFF7EFF74
:10D4D0007EFF5EFF7EFF5DFF3DFF3DFF3DFFFDFEEA
:10D4E000BCF69BF65BEE1AEED9E5D9E5FAED1AEE3D
:10D4F0001AEE3AEE5BEE5BEE7BEE9CF6BCF6BCF60B
:10D50000DCF6DCFEDCF6FDFEFDFEFDFEFDF6FDF6C6
:10D510001DF71DF71DF71DF71DF71DF7FDF6FDF6AD
:10D520001DF71DFF1EFF3EFF1EFFFDFEBDFE9DFE03
:10D530009DFE9CFE3BF6DAED79E559E518E5F7DC52
:10D54000179C169CF693D693D693F693169C179C2D
:10D55000179C179C179C179C179C179C17A437A403
:10D5600037A437A437A437A457A457A457A457A463
:10D5700057A457A478AC78AC78AC78AC78AC78ACDD
:10D5800098AC78AC77AC77AC77AC77AC98AC98AC1F
:10D5900098AC98AC77AC77AC77AC77AC77AC77AC31
:10D5A00078AC78AC78AC78AC78AC78AC78AC78AC5B
:10D5B00098AC98AC78AC78AC78AC77AC77AC77AC0E
:10D5C00077AC77AC77AC77AC77AC77AC77AC77AC43
:10D5D00077AC77AC77AC77AC57A457A457A457A4D3
:10D5E00057A457A457A457A457A457A457A457A463
:10D5F00057A457A437A436A437A437A4169C169C66
:10D60000179C179CF69BF69BF69BD69BD693D693BE
:10D61000D693D693D693B693B69BB69BD79BD69B01
:10D62000B69B95937493B59BF69B16A4F5A3F5A3AF
:10D63000F5A3D49B15ACD8C43AD57ADD9BE5FCEDB7
:10D640003CF65CF69CFEFDFE3EFF5EFF3DFF3DFFAF
:10D650003DFF3DF73DFF3DF73DFF3DFF3DFF3DFFFA
:10D660003DFF3DFF3DFF3DFF3DFF3DFF3DFF3DFFDA
:10D670003DFF3DFF5DFF5DFF5DFF5EFF5DFF5DFF09
:10D680005EFF5EFF7EFF7EFF7EFF7EFF7EFF7EFFF2
:10D690009EFF9EFF9EFF9EFF9EFF7EFF7EFF7EFF02
:10D6A0007EFF7EFF7EFF7EFF5EFF5EFF5EFF5EFF12
:10D6B0005EFF5EFF5EFF5DFF3DFF3DFF1DFFDCF691
:10D6C0009BF65AEE1AEED9E5B9E5B9E5D9E5FAEDDA
:10D6D0001AEE3AEE3BEE3BEE5BEE9BF6BCF6BCF68A
:10D6E000BCF6DCF6DCFEDCF6DCF6FDFE1DF71DF715
:10D6F000FDF6FDF61DF71DF71DF71DF71DFF1DF7C4
:10D700001DFF1DFF1DFF1DFFFDFEDDFEBDFE7CF6A6
:10D710005CF61BEEDAEDBAED79ED38E5F7DCD7DC37
:10D72000379C169CF693F693F693F693169C379CCB
:10D73000379C379C379C37A437A437A437A457A409
:10D7400057A457A457A457A457A457A457A477ACD9
:10D7500077AC77AC77AC78AC78AC78AC98AC98AC6C
:10D7600098AC98AC97AC77AC97AC97AC98AC98ACBD
:10D7700098AC98AC97AC97AC77AC77AC97AC97ACCF
:10D7800098AC98AC98AC98AC98AC98AC98AC98AC79
:10D7900098AC98AC98AC77AC78AC77AC77AC77AC0D
:10D7A00077AC77AC77AC77AC77AC77AC77AC77AC61
:10D7B00077AC77AC77AC57A457A457A457A457A419
:10D7C00057A457A457A457A457A457A457A437A4A1
:10D7D00037A437A437A437A437A436A4169C169CC4
:10D7E000179C169CF69BF69BF69BD69BD69BD693D6
:10D7F000D69BD69BB693B693B693B693B6939693B1
:10D800009693969395937493B593F6A316A416A442
:10D81000F6A3D5A3F5A357B4D8C41AD55ADD9ADD1B
:10D820001CF65BEE7BF6BCF6FDFE3DFF3DFF3CFFCC
:10D830003DF75DF73DF73DF73DF73DF73DF73DF728
:10D840003DFF3DF71DFF3DFF3DFF3DFF3DFF3DFF20
:10D850003DFF3DFF3DFF5DFF5DFF5DFF5DFF5DFF48
:10D860005EFF5EFF7EFF7EFF7EFF7EFF7EFF7EFF10
:10D870007EFF7EFF7EFF7EFF7EFF7EFF7EFF7EFFC0
:10D880007EFF7EFF7EFF7EFF7EFF7EFF5EFF5EFFF0
:10D890005DFF5DFF5EFF5DFF3DFF1DFFFDF6BCF61A
:10D8A0007BF61AEED9E598DD98DD98DDB9E5DAE585
:10D8B000FAE51AEE3AEE3BEE5BEE7BF69CF6BCF632
:10D8C000BCF6BCF6DCF6DCF6DCF6FDF61DF71DF763
:10D8D0001DF7FDF61DF71DF71DF71DFF1DFF1DFFB1
:10D8E0001DFF1DF7FDF6DDF6DDFEBCFE7CF63BF60A
:10D8F0001BEEDAED99E579E559E518E5D7DCD7DCDB
:10D90000379C169C169CF693F693F693169C379CC0
:10D9100037A437A437A457A457A457A457A477A46F
:10D9200057A457A457A477AC77AC77AC77AC78AC56
:10D9300078AC78AC78AC78AC78AC78AC98AC98AC87
:10D9400098AC98AC98AC98AC98AC98AC98AC98ACB7
:10D95000B8AC98AC98AC98AC97AC97AC98AC98AC89
:10D9600098AC98AC98AC98AC98AC98AC98AC98AC97
:10D9700098AC98AC98AC77AC78AC77AC77AC77AC2B
:10D9800077AC77AC77AC77AC77AC77AC77AC77AC7F
:10D9900077AC77AC57A457A457A457A457A457A45F
:10D9A00057A457A457A457A457A437A436A437A400
:10D9B00036A436A437A436A436A4169C169C169C0E
:10D9C000169CF69BF69BF69BF69BD69BD693D6931E
:10D9D000D693B693B693B693B693B6939693758B48
:10D9E0009693B69BD69BB69BB593D69BF6A3D69B38
:10D9F000D6A3D5A3D5A316AC77BCD9CC5AD57ADD9E
:10DA00003CEE3BEE3BEE7BEEDCF61DFF3DFF3DFFCB
:10DA10003DF75DF73DF73DF73DF73DF73DF73DFF3E
:10DA20003DFF1DFF1DFF1DFF3DFF1DFF1DFF3DFFB6
:10DA30003DFF3DFF3DFF3DFF5DFF5EFF5DFF5DFF85
:10DA40005EFF5EFF7EFF7EFF7EFF7EFF7EFF7EFF2E
:10DA50009EFF9EFF9EFF9EFF9EFF7EFF7EFF7EFF3E
:10DA60007EFF7EFF7EFF7EFF7EFF7EFF5EFF5DFF0F
:10DA70005DFF5DFF5DFF5DFF1DFF1DFFFCF6BCF65A
:10DA80005BEEF9E598DD78DD78DD98E5B9E5B9E597
:10DA9000DAE51AE63AEE3BEE5BEE9CF69CF69CF677
:10DAA0009CF6BCF6DCF6DCF6DCF6FDF6FDFE1DF7BA
:10DAB0001DF71DF71DF71DF71DFF1DFF1EFF1EFFA4
:10DAC0001DFFFDF6DDF6BCF6BCF69CF63BF6FAED66
:10DAD000DAED99E559E558E538E518E5F8E4F8E4B4
:10DAE000379C379C169C169C169C169C379C379C22
:10DAF00037A437A437A457A457A457A457A457A4AE
:10DB000057A477AC77AC77AC77AC77AC77AC77AC25
:10DB100098AC77AC77AC77AC77AC77AC98AC98AC8A
:10DB200098AC97AC97AC97AC97AC97AC98AC98ACDA
:10DB3000B8ACB8AC97AC97AC97AC97AC97AC97AC8B
:10DB400098AC98AC98AC98AC98AC98AC98AC98ACB5
:10DB500098AC98AC98AC98AC77AC77AC77AC77AC29
:10DB600077AC78AC78AC77AC77AC77AC77AC77AC9B
:10DB700077AC77AC77AC57A457A457A457A457A455
:10DB800057A457A457A457A457A437A437A437A41D
:10DB900037A437A437A417A417A4179C169C169C67
:10DBA000F69BF69BF69BF69BD69BD69BD69BB69B8D
:10DBB000B69BB69BB69BB693B693B6939693969345
:10DBC0009693B69BD79BD79B9693B69BD69BB59BBC
:10DBD000B59BD59BB5A3B5A3F5ABB8C43AD57ADD53
:10DBE0003CEE1BEE1BE65BEEBCF61DFF3DFF3DFF72
:10DBF0003DFF5DFF3DF73DF73DF73EFF3EFF1DFF5B
:10DC00001DFF1DFF1DFF1DFF1DFF1DFF1DFF3DFF14
:10DC10003DFF3DFF3DFF5EFF5EFF5DFF5DFF7EFF61
:10DC20005EFF5EFF7EFF7EFF7EFF7EFF7EFF7EFF4C
:10DC30009EFF9EFF9EFF9EFF7EFF7EFF7EFF7EFF7C
:10DC40009EFF7EFF7EFF7EFF5EFF5DFF5DFF5DFF4F
:10DC50003DFF5EFF5DFF3DFF3DFF1DFFDCF6BCF6B7
:10DC60005BEEFAED98DD58DD78DD98E599E599DD14
:10DC7000B9E5FAE51AEE5BEE7BEE7BF69CF69CF6D8
:10DC8000BCF6BCF6BCF6DCF6DCF6FDFEFDFEFDF6F1
:10DC90001DFF1DF71DF71DF71DFF1DFF1EFF1EFFBA
:10DCA0001DFFFDF6DCF69CF69CF65BF6FAEDDAED70
:10DCB000DAED99E558E518DD18E539E518E5D7E41A
:10DCC000379C379C169C169C169C169C379C379C40
:10DCD00037A437A457A457A457A457A457A477A48C
:10DCE00077AC77AC77AC77AC77AC77AC77AC98ACFB
:10DCF00077AC77AC77AC77AC77AC77AC77AC77AC0C
:10DD000097AC97AC97AC97AC97AC97AC97AC97ACFB
:10DD100097ACB8AC97AC97AC97AC97AC97AC97ACCA
:10DD200098AC98AC98AC98AC98AC98AC98AC98ACD3
:10DD300098AC98AC98AC78AC77AC77AC77AC77AC67
:10DD400077AC77AC77AC77AC77AC57A457A457A433
:10DD500057A457A457A457A457A457A457A437A40B
:10DD600057A436A436A436A437A436A416A437A4E0
:10DD700017A417A417A4169C169C169CF69BF69B3A
:10DD8000F69BF69BF69BD69BD69BD693B69BB593FC
:10DD9000B69BB69BB69BB6939693B693B693B69343
:10DDA000B79BB793B69BD79BD69BB69B959B74931B
:10DDB000B59BB59BB5A3949BB4A336B4D8CC39D549
:10DDC0001BEE1BE61BE63BE67BEEDDF61DFF1DFFB3
:10DDD0001DF71DFF3DFF1DFF1DF71DFF1DFF1EFF52
:10DDE0001DFFFDFEFDFEFDFEFDFEFDFEFDFE1DFF19
:10DDF0001DFF1DFF3DFF3DFF3DFF3DFF5DFF5DFF43
:10DE00005DFF5DFF5EFF7EFF7EFF7EFF7EFF7EFF8C
:10DE10007EFF9EFF9EFF7EFF7EFF7EFF7EFF7EFFDA
:10DE20007EFF7EFF7EFF7EFF5DFF5DFF5DFF3DFFAE
:10DE30003DFF5DFF5DFF3DFF1DFFFDFEBCF67BEE80
:10DE4000FAEDB8DD78DD78DD78DD78DD99E599E506
:10DE5000B9E5DAE51AEE3BEE5BEE7BEE7BF69CF67F
:10DE60009CF6BCF6DCF6DCF6DCF6FDFEFDFEFDF60F
:10DE70001DF7FDF61DF71DF71DFF1DFF1DFF1DFF03
:10DE8000FDF6DDF6BCF69CF67BF63BF6DAEDDAED58
:10DE900099ED99E579E518E5F8DCF8E4F8E4F8E4BB
:10DEA000379C379C379C379C379C379C37A437A4CA
:10DEB00037A457A457A457A457A477A478AC77AC39
:10DEC00077AC77AC77AC77AC77AC98AC98AC98ACD7
:10DED00098AC98AC98AC98AC98AC98AC98AC98AC22
:10DEE00097AC97AC97AC98AC98AC98AC97AC97AC17
:10DEF00097AC97AC97AC97AC97AC97AC97AC97AC0A
:10DF000077AC77AC77AC77AC78AC78AC78AC78ACF5
:10DF100078AC78AC78AC78AC77AC77AC77AC77ACE5
:10DF200057A457A457A457A457A457A457A457A419
:10DF300057A457A437A437A437A437A437A437A4C9
:10DF4000369C369C169C169C169C169CF69BF69B43
:10DF5000F69BF69BF69BF69BF69BD69BD69BD69B99
:10DF6000D69BD69BD69BD69BD69BB69BB59BB59393
:10DF7000969396939693959395939693B693D69BF3
:10DF8000969396939693D69BD79BB69B74937493D4
:10DF9000749BD5A316AC36AC15AC35B497BCF7C49E
:10DFA000FBE51BE63BEE3BEE7CEEBDFEFDFEFDFE23
:10DFB000FDFE1DFF1DFFFDFEFDFEFDFEFDFEFDFE47
:10DFC000FEFEFEFEDDFE9CF67BF69CF6DDFEFDFE13
:10DFD000DDFEFDFE1DFF1DFF3DFF3DFF3DFF3DFF43
:10DFE0005DFF5DFF5DFF5EFF7EFF7EFF7EFF7EFFCC
:10DFF0007EFF7EFF7EFF7EFF7EFF7EFF7EFF5EFF59
:10E000007EF77EFF5EFF5EFF5DFF3DFF3DFF3DFF54
:10E010003DF71DF71DFFFDF6DCF6BCF67BEE1AE6BC
:10E0200098DD37D537D558DD58DD78DD99E599E5A8
:10E03000B9E5D9E5FAE53AEE3BEE5BEE7BF67BF629
:10E040009BF69CF6BCF6DCF6DCF6FCF6FCF6FCF681
:10E05000DCF6DCF6FCF6FCF6FDF6FDF6FDFEFDF664
:10E06000FDFEDDF6BCF67BF63BEEFAED99E599E5B3
:10E0700099ED79E558E517DDF7DCF7DC18E559EDA2
:10E08000169C379C379C379C379C379C37A437A409
:10E0900057A457A457A457A477A478AC78AC98ACED
:10E0A00098AC98AC98AC98AC98AC98AC98AC98AC50
:10E0B00098AC98AC98AC98AC98AC98AC98AC98AC40
:10E0C00097AC97AC98AC98AC98AC97AC97AC97AC35
:10E0D00097AC97AC97AC97AC97AC97AC97AC97AC28
:10E0E00077AC77AC77AC77AC77AC77AC77AC77AC18
:10E0F00077AC77AC77AC77AC77AC77AC77AC77AC08
:10E1000057A457A457A457A457A457A457A437A457
:10E1100037A437A437A436A436A4169C169C169CA4
:10E12000169C169C169C169CF69BF69BD69BD69B23
:10E13000D69BD69BD69BD69BD69BD69BD69BD69B57
:10E14000D693D693D693B69BB69BB59BB593959332
:10E15000959395939593959395939593969396937D
:10E16000758B9693B693B69BD69BB59BB59BF5A343
:10E1700016AC57BC98C4B8C476BC76BCD7C438CDEE
:10E18000BADDFAE51BE61BEE3CEEBDFEDEFEDDFE73
:10E19000DDFEDDFEDDFEFDFEDDFEDDFEBDFE9CFEE8
:10E1A0007CFE5BFE1AF6B9E578DD98DDD9E51AEE5E
:10E1B0003AE69BF6DDF6FDFE1DFF1DFF3DFF3DFF30
:10E1C0005DFF5DFF5DFF5DFF5EFF5EFF5EFF7EFF4B
:10E1D0007EFF7EFF7EFF5EFF5EFF5EFF5EFF5EFFF7
:10E1E0005EFF5EFF5EFF5EFF3DFF3DFF3DFF3DFFCB
:10E1F0001DFF1DFF1DFFFDFEBCF69CF65BEED9E585
:10E2000037D5F6CC16D558DD58DD58DD78E599E5DB
:10E21000B9E5D9E5FAE51AEE3AEE5BEE5BF65BF6A8
:10E220007BEE9CF6BCF6BCF6DCF6DCF6DCF6FCF627
:10E23000FCF6FCF6FDF6FDF6FDFEFDFEFDFEFDFE28
:10E24000FDFEBCF69CF63BEEFAEDD9ED99E599E5BD
:10E2500079E579E599EDBAF5BAF5BAF5DAF5DBFDC8
:10E26000179C179C379C37A437A437A437A437A42E
:10E2700057A457A457A477A478AC78AC78AC98ACE2
:10E2800098AC98AC98AC98AC98AC98AC98AC98AC6E
:10E2900098AC98AC98AC98AC98AC98AC98AC98AC5E
:10E2A00098AC98AC98AC98AC98AC98AC98AC98AC4E
:10E2B00098AC98AC98AC97AC77AC77AC77AC77ACC3
:10E2C00077AC77AC77AC77AC77AC77AC77AC77AC36
:10E2D00077AC78AC77AC77AC77AC57A457A457A49D
:10E2E00057A457A437A437A437A437A437A437A416
:10E2F00017A417A4179C179C169C169C169CF69B9B
:10E30000F69BF69BF69BF69BF69BD69BD69BD69BE5
:10E31000D69BD69BB69BD69BD69BD69BD69BD69B95
:10E32000B69BB69BB69BB69BB69B969B959B959BC7
:10E33000959B9593959B969396939593959395938B
:10E340009693B69BB69B959BB59BD5A316B477BC0D
:10E35000B8C4D9CCF9CCF8CCD7C4D7C418CD59D5CA
:10E3600058D59ADDDBE5FBED1BEE3CFE3CFE1BF6D3
:10E370001BFE3CFE5CFE5CFE3BFEFBF5BAF599ED38
:10E3800099ED58E5F7D4D6D4D6CCD6CC17D537D519
:10E3900098DD1AE69BF6BCF6DCF6FDF61DF71DFFD0
:10E3A0003DFF3DFF3EFF3EFF3EFF5EFF5EFF5EFF27
:10E3B0005EFF7EFF5EFF5EFF5EFF5EFF5EFF5EFF55
:10E3C0005EFF5EFF5EFF3DFF3DFF3DFF3DFF3DFF0A
:10E3D0003DFF1DFF1DFFFDFE9CF65BF6FAED78DDAF
:10E3E000F6CCD6CCF6D437DD58DD58DD78E599E5A6
:10E3F000B9E5D9E5FAE5FAED1AEE3BEE5BF65BF628
:10E400007BF69CF6BCF6BCF6BCF6DCF6DCF6FCF65D
:10E41000FCF6FDF61DFF1DFF1DFF1EFF1DFF1DFF6E
:10E42000BDFE7CF65BEE1AEEDAEDDAEDDAEDDAF54A
:10E43000DAF5DAF5FAF51BFE3BFE1BFE1BFE1BFEB2
:10E44000379C379C379C37A437A437A457A457A4CC
:10E4500057A457A457A477A478AC78AC78AC98AC00
:10E4600098AC98AC98AC98AC98AC98AC98AC98AC8C
:10E4700098AC98AC98AC98AC98AC98AC98AC98AC7C
:10E4800098AC98AC98AC98AC98AC98AC98AC98AC6C
:10E4900097AC98AC97AC77AC77AC77AC77AC77AC03
:10E4A00077AC77AC77AC77AC77AC77AC77AC77AC54
:10E4B00057A457A457A457A457A457A457A457A484
:10E4C00037A436A436A436A436A4169C179C169CF2
:10E4D000169C169C169CF69BF69BF69BF69BF69B51
:10E4E000F69BF69BD69BF69BD69BD693B69BB69B8C
:10E4F000B69BB69BB69BB69BB69BB69BD693D69364
:10E50000B693B693B69BB69B969B959B959B959B16
:10E51000959B7593759395939693959395939693F1
:10E52000B693B69B95937493B5A336B498C4F9CCBF
:10E5300019D539D55ADD59D539D518CD18CD39CD9C
:10E5400018CD38CD59DD79E59AE57AED59E538E50C
:10E5500018E538E538E558ED79ED58ED18EDF7E4B4
:10E56000D6DCD6DCF7DC17E517DD17DD38DD58DD46
:10E57000B9E5FAED5BF69CF6BCF6DCF6FDF61DF7A8
:10E580003DFF3DFF3DFF3DFF3DFF3DFF3EFF3EFFA9
:10E590005EFF5EFF5EFF5EFF3EFF5EFF3EFF3EFFF3
:10E5A0005EFF5EFF5EFF3DFF3DFF3DFF3DFF1DFF48
:10E5B0001DFFFDFEFDFEDDFE5BF6FAE578DDF6CC27
:10E5C000D5CCD6CCF6D417D538DD58DD58E599E54D
:10E5D00099E5B9E5D9E5FAED1AEE3AEE3BF65BF6C8
:10E5E0007BEE9BF69BF6BCF6BCF6DCF6DCF6FCF6A6
:10E5F000FCF61DF71DFF1DFF1DFF1DFF1DFFFDFE8E
:10E600009CF63BEEFAEDD9E5D9EDFAF5FBF5FBF515
:10E610001BFEFBF5FAF5DAF5BAEDBAEDBAEDDAF56F
:10E62000379C37A437A437A437A437A457A457A4DA
:10E6300057A457A457A477A478AC78AC78AC98AC1E
:10E6400098AC98AC98AC98AC98AC98AC98AC98ACAA
:10E6500098AC98AC98AC98AC98AC98AC98AC98AC9A
:10E6600098AC98AC98AC98AC98AC98AC77AC77ACCC
:10E6700097AC97AC77AC77AC77AC77AC77AC57A46A
:10E6800057A457A457A457A457A457A457A457A4B2
:10E6900057A457A457A457A437A436A436A436A425
:10E6A00036A436A4169C169C169C169CF69BF69BCC
:10E6B000F69BF69BF69BF69BD69BD693D693D5936B
:10E6C000D693D693B693B693B69BB693B69BB69BAA
:10E6D00096939693969396939693969396939693F2
:10E6E0009693969396939693959B959B959B759BE6
:10E6F000959B759375939593959395939693B69BE8
:10E70000B69B95939493949BF5AB97C4F9D419DD7C
:10E710003ADD3ADD3ADD39D539D518CD18CD38CDC9
:10E7200018CDF7CCB7C4B7CCB7D4D7DCF8E419ED23
:10E7300019EDF8E4B7E496DC76DC75DC75DC75DCA5
:10E74000B6DC17ED79F59AF579F599EDDAF51BFE5A
:10E750003BF65BF67CF67BF69CF6BCF6FCF6FDF62B
:10E760001DFF1DFF1DFF1DFF1DFF3DFF1EFF3EFF87
:10E770003EFF3EFF3EFF3EFF3EFF3EFF3EFF3EFFB1
:10E780003EFF5EFF3EFF1DFF1DFF1DFF1DFFFDFE47
:10E79000FDFEDCFEBCFE7BF61AEE78DDD6CC95C421
:10E7A000B5C4F6D4F6D4F7D417DD58DD58E579E5CD
:10E7B00099E5B9E5D9EDFAEDFAED1AEE3BF63BF63F
:10E7C0007BEE7BEE9CF69CF6BCF6BCF6DCF6FCF62B
:10E7D0001DF71DFF1EFF1DFFFDFEFDFEDDFEBCF64D
:10E7E0005BEEFAE5DAE5DAE5DAEDFAF5FAF5FAF5EF
:10E7F000DAF5DAF5DAF5DAF5DAEDB9EDB9EDDAED03
:10E8000037A437A437A437A437A457A457A457A4D0
:10E8100057A457A477A478AC78AC78AC98AC98ACF3
:10E8200098AC98AC98AC98AC98AC98AC98AC98ACC8
:10E8300098AC98AC98AC98AC98AC98AC98AC98ACB8
:10E8400098AC98AC98AC98AC98AC77AC78AC78AC09
:10E8500077AC98AC78AC77AC77AC77AC57A457A4CE
:10E8600057A457A457A457A457A457A457A457A4D0
:10E8700037A457A437A437A437A437A436A4169CCA
:10E88000169C169C169CF69BF69BF69BF69BF69B9D
:10E89000D69BD69BD693D693D593D593B593B59364
:10E8A000B593B593B593B593B69395939693969385
:10E8B0009693969396939693969396939693969310
:10E8C0009693969395939593759375937593759386
:10E8D000759B7593959B959B959B95939593B69BEF
:10E8E000D6A3B59BB49BF5AB56BCD8CC39DD39DD8E
:10E8F00039DD39DD39D519D518CDF8CCF8CCF8CCBF
:10E9000039D5F8CCB7CC97CC77CC56CC57D497DC4C
:10E91000B8E4B7E476DC14CC92C392C335D4B6E441
:10E9200038F59AFDDBFDDAFDBAF5DAF51CFE7CFE62
:10E930009DFE9CFE7CF67CF69CF6BCF6DCF6FDFEAD
:10E94000FDFEFDFEFDFE1DFF1DFF1DFF1DFF1EFF49
:10E950001DFF1EFF3EFF1EFF3EFF3EFF3EFF1EFF50
:10E960003EFF3EFF3EFF1DFFFDFEFDFEFDFEDDFE08
:10E97000BCFE9BF63BF6FAED99E5F6CC74BC34BCD4
:10E9800095C4F6D4F6D4D6D417DD38DD38DD59E594
:10E9900079E599E5B9EDDAEDFAED1AEE3AEE3BEEEE
:10E9A0005BEE7BEE9CF6BCF6BCF6BCF6DCF6FCF649
:10E9B000FDFE1DFFFDFEDDF6BCF69CF67BEE5BEE7C
:10E9C0001AEED9E5DAE5FAEDFAF51BFEFBF5DAF514
:10E9D000FAF5FAF5FAF5DAF5DAF5DAF5DAF5DAF55F
:10E9E00037A437A437A437A457A457A457A457A4CF
:10E9F00057A477A478AC78AC78AC98AC98AC98ACC9
:10EA000098AC98AC98AC98AC98ACB8B498AC98ACBE
:10EA100098AC98AC98AC98AC98AC98AC98AC98ACD6
:10EA200098AC98AC98AC98AC98AC78AC78AC78AC26
:10EA300078AC78AC78AC77AC77AC57A457A457A433
:10EA400057A457A457A457A437A437A437A437A46E
:10EA500037A437A437A437A417A417A4169C16A468
:10EA6000F6A3F69BF69BD69BD69BD69BD69BD693BE
:10EA7000D693D693B693B693B593B593B593B59312
:10EA8000B593B59395939593959395939593959306
:10EA90009593959395939593969396939693969332
:10EAA00095939593759375937593759376937693E4
:10EAB000969B5593759375937593959B7493949BBF
:10EAC00095A3B5A316B498C4D9CCF9D418D519D543
:10EAD00039DD19D518D5F8D4F8CCF8CCF8CCF8CC69
:10EAE00039D5D9D4D8D4B8D477D4F6C3B4C3B5C340
:10EAF00094C3B4C3B4C3D4C314CC96DC18ED79F575
:10EB0000FBFD1BFE1BFE1BF61BF65CF69CFEBDFE12
:10EB1000DDFEDDFEBCFEBCFEBCFEDDFEDDFEDDFE80
:10EB2000FDFEFDFEFDFEFDFEFDFEFDFEFDFE1DFFEC
:10EB30001DFF1DFF1DFF1DFF1DFF1DFF1DFF1DFFF5
:10EB40001DFF3EFF1DFFFDF6FDFEFDFEDDFEBCFED2
:10EB50007CFE1AF6D9E599E5D6CC75BC54BC54BCFC
:10EB600075C4B6CCD6D4F7D417DD38DD58E578E5D2
:10EB700079E599E5B9EDD9EDFAED1AEE3BEE3BEE0C
:10EB80005BEE7BEE7CF69CF6BCF6BCF6DCF6FDF6A6
:10EB90001DFFDDFEDDFE9CF65BEE3AEEF9E5F9E5E4
:10EBA000D9E5D9E5DAED1AEE5BFE5BFE3BFE3BFEF6
:10EBB0003BFE1BF61BF61BF61BF61AF61BF61BF6A6
:10EBC00037A437A437A437A457A457A457A457A4ED
:10EBD00057A457A478AC78AC78AC98AC98AC98AC07
:10EBE00098AC98AC98AC98AC98AC98AC98AC98AC05
:10EBF00098AC98AC98AC98AC98AC98AC98AC98ACF5
:10EC000098AC78AC98AC78AC78AC78AC78AC78ACA4
:10EC100078AC78AC58AC58A457A457A457A457A4C0
:10EC200037A437A437A437A437A437A417A417A44C
:10EC300017A417A417A417A4F7A3F69BF69BF69B9B
:10EC4000F69BD69BD69BD69BD69BD69BB69BB69364
:10EC5000B69BB593B593B593B593B59395939593AB
:10EC60009593959395939593959395939593959364
:10EC70007593759375937593759375937593959334
:10EC800095939593959396937693769376937693BF
:10EC900076937593969B759B7593749B749B95A3C4
:10ECA000B5ABF6B377C4F9D419DD19D518D518D595
:10ECB00018D518D518D518CDF8CCF8CCF8CCD8CCB8
:10ECC000D9D498CC77CC78CC37CCB5C394BB94C38B
:10ECD000B5CBD5CBF5D356DCD8EC59F59AFDDBFD99
:10ECE000FBFDFBF5FAF51BF65CF69CFEBCF6BCF6EC
:10ECF000BCF6BCF6BCF6DDFEDDFEDDFEDDFEDDFEB7
:10ED0000DCFEFDFEFDFEFDFEFDFEFDFEFDFEFDFE4C
:10ED1000FDFEFDFE1DFF1DFF1DFF1DFF1DFF1DFF55
:10ED20003EFF3EFF1DFFFDFEFDFEDDFE9CFE7CFE68
:10ED30003BF61AF699E5F7D454BC54BC75C454C4D8
:10ED400054C495CCD6D4F7D417DD38DD38DD58E57A
:10ED500079E599E599EDB9EDDAED1AEE3BEE3BEE8A
:10ED60005BEE5BF67BF69CF69CF6BCF6BCF6DCF63E
:10ED7000DCF6BCF6BCF67BF61AEEF9E5B8DDB9DDDB
:10ED8000D9E5D9E5FAED3BF65BF65BFE3BF63BF6E3
:10ED90003BF63BF63BF63BF61BF61BF63BFE3BFE1B
:10EDA00037A437A437A437A457A457A457A437A42B
:10EDB00057A457A477A477A477AC98AC98AC98AC38
:10EDC00098AC98AC98AC98AC98AC98AC98AC98AC23
:10EDD00098AC98AC98AC98AC98AC98AC78AC78AC53
:10EDE00078AC78AC78AC78AC78AC78AC58AC58AC43
:10EDF00058AC58A457A457A437A437A437A437A4B1
:10EE000017A417A417A417A4179C179CF7A3F7A37C
:10EE1000F69BF69BF69BF69BD69BD69BD69BD69BEA
:10EE2000D69BD69BB69BB69BB5939593959395939E
:10EE300095939593959395939593759375937593F2
:10EE40007593959375937593759375937593759362
:10EE50007593759375937593759375937593759372
:10EE6000959395939593969B9693759376937693B6
:10EE7000969B969B959B5493749BB5A317B4B9C46A
:10EE8000B9CCD9D4F9D41ADD39DD39DD39DD39DD34
:10EE900038DD38D538D518D518D518CDF8CCF8CCFC
:10EEA000D8CC97CC98CCB8D478D416CCF6CB17D491
:10EEB00037DC57E477E4B8EC19F55AFD7AFD9AFD92
:10EEC000BAF579ED79E5BAED1BF67CF69CF6BCF661
:10EED000BCF6BCF6BCF6BCF6DCF6DCF6DCFEDCF61A
:10EEE000DCF6DCF6DCFEDCFEFDFEFDFEFDFEFDFEDE
:10EEF000FDFEFDFE1DFF1DFF1DFF1DFF1DFF1DFF74
:10EF00001DFFFDF6FDFEFDFEDDFEBCFE7CF63BF6C4
:10EF10003BF6BAED17D554BCD3B334BC75C455C455
:10EF200055C495CCD6D417D538DD38DD38DD58E555
:10EF300058E579E599E599EDB9EDFAED1AEE1AEE95
:10EF40005BF65BF67CF69CF6BCF6BCF6BCF69CF673
:10EF50009CF67BEE5BEE1AEEF9E5D9E5D9E5D9E54D
:10EF60001AEE3BF67BF69CFE9CFE7CFE7CFE5BFE76
:10EF70005BFE5BFE5BF63BF63BF63BF63BF63BF699
:10EF800037A437A437A437A437A457A457A437A469
:10EF900057A457A477A477A477AC77AC98AC98AC77
:10EFA00098AC98AC98AC98AC98AC98AC98AC98AC41
:10EFB00098AC98AC98AC98AC78AC78AC77AC77ACB3
:10EFC00077AC78AC77AC77AC77AC57A457A457A4A0
:10EFD00057A457A437A437A437A437A437A417A439
:10EFE000169C169C169C169CF69BF69BF69BF69B15
:10EFF000F69BF69BD69BD69BD69BD69BB69BB69B89
:10F00000B59BB59BB59B9693959395937593959367
:10F010009593759375937593759375937593759390
:10F0200075937593759375937593759375937593A0
:10F030007593759375937593759375937593759390
:10F04000959395939593969B969B769376937693CB
:10F05000969BB69B959B549B949BF6AB78BCF9D43E
:10F0600019D519DD19DD19DD39DD5AE559E539DD27
:10F0700038DD38D518D518CD18CD18CD18CD18CD08
:10F08000F8CCD8CCB8CC98D457CC16CCF6CB16D478
:10F0900016D437DC57E498ECD8F419F55AFD7AFD0C
:10F0A00079F579ED9AEDDAED1BF65CF6BCFEBDFE66
:10F0B000BCF6BCF6BCF6BCF6BCF6BCF6BCF6BCF6C0
:10F0C000DCFEDCFEDCFEFDFEFDFEFDFEFDFEFDFECB
:10F0D0001DFF1DFF1DFF1DFF1DFFFDFEFDFEFDFEB3
:10F0E000FDF6FDFEFDFEDDFEBCF69DFE7CFE3BF664
:10F0F000DAEDF7D434BCD3B3D2B314BC55C455C481
:10F1000055C475C496CCD6D417D517D517DD38DDC0
:10F1100038DD58E579E579E599EDBAEDFAEDFAEDE6
:10F120003BF65BF67CF69CF6BCF6BCF69CF67BEEFA
:10F130003BEE1AEEFAE5F9E5FAED1AEE1AEE1AEEE2
:10F140005BF67CFE9CFEBCFE9CFE9CFE7CFE7CFE78
:10F150007CFE7CFE5BF65BF63BF63BF63BF63BF655
:10F1600037A437A437A437A437A457A437A437A4A7
:10F1700057A457A477A477A477A477AC97AC97AC9F
:10F1800078AC98AC98AC98AC98AC78AC78AC98ACBF
:10F1900077AC77AC77AC77AC77AC77AC77AC57A47F
:10F1A00057A457A457A457A457A457A437A437A4C7
:10F1B00037A437A437A437A417A4179C169C169C11
:10F1C000F69BF69BF69BF69BF79BD69BD69BD69B16
:10F1D000D69BD69BB69BB69BB69BB69BB593B59379
:10F1E000B693B693B69B96939593759375939593B3
:10F1F000959B759375939593759375937593759387
:10F2000075937593759375937593759375937593BE
:10F2100075937593759375937593759375937593AE
:10F2200075937593959B969B969B9693969B969BB1
:10F23000759B959B759B749BB5AB37BCB8CCF9D4CB
:10F2400019D519D519D539DD39DD5ADD59DD18D56E
:10F2500038D518D5F7CCD7CCD7C4F7C4F8C418CD57
:10F2600018CD19D5F9D4B8CC57CC36CC16CCF6CBB2
:10F27000F6D316DC16DC36DC57E477E4B7ECF8ECB2
:10F2800018ED59F59AF5DAF5FBF53BF65BF65BEE12
:10F290005BEE7BEE7BF69CF6BCF6BCF6DCF6DCF6B1
:10F2A000FDFEFDFEFDFEFDFEFDFEFDFEFDFE1DFF65
:10F2B0001DFF1DFF1DFF1DFF1DFF1DFFFDF6FDF6C0
:10F2C000FDF6DDF6DCF69CF65BEE5CF61BEE99DDFA
:10F2D000F7CC14BC92AB92ABF3B3F3BB34BC55C4C4
:10F2E00055C475C495C4B6CCF7D4F7D4F7D418DD9B
:10F2F00038DD38DD58E559E579E599EDBAEDDAED17
:10F30000FAED1BF63BF65BF67CF67BF65BF63BEE26
:10F31000FAEDFAEDFAEDFAF51BF63BFE3BFE3BFE8D
:10F320007BFE9CFE9CFE9CFE9CFE7BF67BF67BF6A9
:10F330007BF67BF67BF65BF65BF65BF65BF65BF6E5
:10F3400037A437A437A437A437A457A457A437A4A5
:10F3500057A457A477A477A477A477AC77AC77ACFD
:10F3600077AC78AC78AC78AC77AC77AC77AC77AC82
:10F3700077AC77AC57A457A457A457A457A457A465
:10F3800037A437A437A437A437A437A437A417A4C5
:10F3900037A417A4179C179C179C179CF69BF69BE9
:10F3A000F69BF69BF69BD69BD69BD69BD69BD69B75
:10F3B000B69BB69BB69BB69BB693B693B593B593E7
:10F3C000B693B69396939693959375937593959BF1
:10F3D000959B75937593959B75937593759375939D
:10F3E00075937593759375937593759375937593DD
:10F3F00075937593759375937593759375937593CD
:10F40000959B7593959B969B969B969B969BB69B7F
:10F41000B69B959B549B749BD5B398C43ADD3ADD5B
:10F4200039D559DD59DD39DD39DD59DD59DD59DD94
:10F4300059DD38D518CDF7CCD7C4D7C4F7C4F7C435
:10F44000B7C4F8CCF8CC77C436C436CC36CCF5CBC0
:10F45000B5C3D5CBB4CBB4CBF5D336DC77E4B7E4C6
:10F4600018ED59F59AF5BAF5FAF51BF63BF61AEED2
:10F470003AEE3BEE5BEE7BEE7BF6BCF6BCF6DCFEDA
:10F48000FDFEFDFEFDFEDCFEDCF6FDFEFDFEFDFEEE
:10F49000FDFEFDFE1DFF1DFF1DFF1DFF1DFF1DF7D6
:10F4A000FDFEFDF6DDFE9CF67CF6FAE538D575BC72
:10F4B00013B4B2AB92ABB2ABD3B3D3BBF4BB14C4F3
:10F4C00055C475C496CCB6CCF7D4F7D4F7D417D5B9
:10F4D00018DD18DD38DD38E558E558E599ED99ED8A
:10F4E000DAEDFAF51AF61BF63BF63BF63BF61BF6A1
:10F4F0001AF63BF61BF61BF61BF61BFE5CFE7CFEAB
:10F500009CFE9CFE9CFE9CFE9BF69BF69BF69BF64F
:10F510007BF67BF67BF67BF67BF67BF65BF65BF6A3
:10F5200037A437A437A437A457A457A457A457A483
:10F5300057A457A457A457A477A477A477AC77AC63
:10F5400077AC78AC78AC77AC57A457A457A457A441
:10F5500057A457A457A457A437A437A437A437A453
:10F5600037A417A417A4179C179C179C179C179CCB
:10F57000179CF79BF79BF79BF69BF69BF69BD69BFE
:10F58000D69BD69BD69BD69BB69BB69BB69BB6937B
:10F590009693969396939693959395939593959327
:10F5A000959395939593959375937593759B759393
:10F5B000759B759375937593759375937593759303
:10F5C0007593759375937593759B759B959B959B9B
:10F5D00075937593959B959B75937593759375939B
:10F5E000959B959B9593969B969B969B969BB69B7E
:10F5F000B69B959B749B94A3F6B3B9CC5BE539DDC0
:10F6000039D559D559D559DD59D559DD59DD79DD6A
:10F6100079DD59DD38D517CDF7CCF7C4F7C4F7C479
:10F62000D7BC18CD18CD96C455BC36C436C4F5C366
:10F63000F5CBF5CBD4C3B4C3D4CBF5CB16D456DCC1
:10F6400096DCB6DCD7DC18E558E5B9EDFAEDFAED55
:10F650001AEE1AEE3AEE3AEE5AEE7BEE9BF6BCF656
:10F66000DCF6DCF6DCF6DCF6DCF6DCF6DCF6DCF60A
:10F67000FCF6FDF61DF71DFF1DFF1DF7FDF6FCF660
:10F68000BCF6BCF69CF67BEE1AE637CD34B4719B23
:10F6900071A392A3B3ABB2ABD3B3D3B3F3BBF4BBFD
:10F6A00034C455C475C496CCB6CCD7CCD7CCF7D41B
:10F6B00017D518DD18DD38DD38DD58E558E579E572
:10F6C00099EDBAEDDAEDFAEDFBF51BF61BF61AF63D
:10F6D0001BF61BFEFAF5FAF5FAF5FAF55BFE7CFE71
:10F6E0005BFE7BFE5BF67BF67BF67BF69BF69BF682
:10F6F0009BF69BF69BF69BF67BFE9CFE7BFE7BF6C9
:10F7000037A437A437A437A457A457A457A457A4A1
:10F7100037A457A457A457A457A477A477A477A4D1
:10F7200078AC77AC57A457A457A457A457A457A4B0
:10F7300057A457A457A437A437A437A436A417A4B2
:10F74000179C179C179C179C179C179CF79BF79B63
:10F75000F79BF69BF69BD69BD69BD69BD693D69BC8
:10F76000D69BB69BB69BB69BB693B693B693969331
:10F770009693959395939593959395939593959348
:10F78000959395937593759375937593759B7593F1
:10F79000759B759B7593759B759375937593759311
:10F7A0007593759375937593759B759B959B959BB9
:10F7B000959B959B959B959B959B75937593759341
:10F7C000959B959B969B969B969B969B969B959BB4
:10F7D000B6A3959B749B94A3F6B3D9CC9BE55ADD55
:10F7E0007ADD79D559D559D559D559D559D559D560
:10F7F00038D538D538CD17CD17C5F7C4F7C4F7C4F9
:10F80000D6BC17C5F7C496BC55B455BC35BC15BCA1
:10F8100015C415C415C4F4C3B4BB93BB93BBB3BB2D
:10F82000B3BBD3BB14C475CCF6D437DD78DDB9E5F2
:10F83000B9E5D9E5F9E53AEE3AEE5BEE7BEE7BEE23
:10F840009BF6BCF6BCF6BCF6DCF6DCF6FCF6FCF689
:10F85000FCF6FDF6FDF61DF7FDF6FCF6DCEEBCEE63
:10F860009BEE9BEE5BE61AE678D575B4919B5093C0
:10F87000309371A3B3ABB2ABD3B3D3B3F3BB14BC6C
:10F8800034C475C496C496C4B6C4D6CCF7CCF7D4E9
:10F8900017D518DD38DD59E559E558E558E558E53F
:10F8A00079E599EDBAEDDAEDFAF51BF61BF6FAF506
:10F8B000B9EDDAF5B9EDDAF5FAF5FBF53BFE3BFE0D
:10F8C0003BF63BF65BF65BF67BF67BF67BF69BF650
:10F8D0009BF69BF69CF69CF69CFE9CFE9CFE7BFE9B
:10F8E000379C379C379C37A457A457A457A457A4D8
:10F8F00057A457A457A457A457A477A477A477A4D0
:10F9000077AC57A457A457A457A437A437A437A457
:10F9100037A437A437A437A437A417A4179C169C80
:10F92000179C179C179CF79BF79BF69BD69BD69B27
:10F93000D69BD69BD69BD69BD69BD693B693B69397
:10F94000B693B693B693B6939693969396939593F0
:10F9500095939593759395937593959375939593C7
:10F960007593959395939593759375937593759BEF
:10F97000759B759B759B759B759B7593759375931F
:10F9800075937593759375937593959B959B959BBF
:10F99000969B969B96939693969396937693759350
:10F9A00095937593969B969B969B969B959BB69BE2
:10F9B000959B949B94A3B4A316B4F9D47BE559DD2D
:10F9C00059D579D579D559D579D559D559D538D588
:10F9D00038CD38CD38CD58CD58CD58C537C537C5B9
:10F9E00057C558C538C5F7C496BC55B435B435BCF1
:10F9F00035BC35C435BC14BCF4BBD3B3B3B3B2B35C
:10FA0000B2ABD2B313B474BCF6CC57D598DDB9DD24
:10FA1000D9DDF9E53AEE3AEE5AEE7BEE7BEE9BF657
:10FA20009BEEBBF6DCF6FCF6FCF6FCF6FCF61DF7EE
:10FA30001DFF1DF71DF71CF71CF7FCF6DCEEBCEEF6
:10FA40009BEE7BEE7BEE1AE678D5B5B4F3A3D2A39A
:10FA5000B2A3B2A3B2A3D3ABF3B3D3B3F3B313B490
:10FA600054BC95C495C495BCD6C4F6C4D6C417CDB1
:10FA700038D538D538DD79E579E538E518DD38DD74
:10FA800078E579E5B9EDDAEDDAF5FAF5DAF599ED3B
:10FA900099ED79ED79ED99EDDAF5FAF51BF61BF6AE
:10FAA0001AF6FAF53AF63AF65BF67BF67BF69BF633
:10FAB0009BF69BF69CF69CF6BCFEBCFE9CFE9BFE59
:10FAC000379C379C379C37A457A457A457A457A4F6
:10FAD00037A437A457A457A457A477A477A477A42E
:10FAE00058A457A457A457A457A437A437A437A49D
:10FAF00037A437A437A417A417A4179C169C179CE7
:10FB0000F79BF79BF79BF69BF69BD69BD69BD69BCA
:10FB1000D69BD69BD693D693B693B693B593B5930F
:10FB20009593959395939593969395939593959394
:10FB30007593759375937593759375937593759385
:10FB40007593759375937593759375937593759375
:10FB500055935593759375937593759375937593A5
:10FB600075937593759375937593959B969B959BDC
:10FB70007593759376937693769375937593759342
:10FB8000969B759395939593969B969B7593959B52
:10FB9000B5A3B5A3B5A3B5A315B4D8CC5ADD7ADD0A
:10FBA00079DD79DD79D559D559D559D558CD58CD87
:10FBB00058CD99D5DAD51ADE3BDE3BDE5BDE3BDE87
:10FBC0001AD6FAD5DAD599D537C5D6BC96BC96BC27
:10FBD00096BCB6C4D7CCF7CCF7CCF7CCF7CCD7CC07
:10FBE000D6CCF6CC17CD57D5B8DDF9DD1AE63AE616
:10FBF0005AE67BEE9BF6BCF6BCF6DCF6DCF6DCF6F1
:10FC0000FCF6FCF61DFF1DFF1DFF3DFF3DFF3DFF08
:10FC10003DFF3DFF5DFF5DFF3DFF3DF71CF7FCF63F
:10FC2000DCEEBCEE9CEE7BEE3AE6B9D578CD58CD55
:10FC300017CDD6C495BC74BC34B4F3AB13B433B491
:10FC400095BCD6BCB5BCD5BC17C537CD37CD58D5BE
:10FC500017CD38D538DD38DD17DD17DD18DD38DD97
:10FC600058E578E599E599ED99ED79ED58E538E5B0
:10FC700038E538E558ED78EDB9F5FAF5DAF599EDAE
:10FC8000D9EDD9EDFAF51AF65BF67BF67BF69BF625
:10FC90009BF69BF69CF69CF6BCFEBCFEBCFE9CFE56
:10FCA000379C379C579C579C37A437A437A457A43C
:10FCB00037A437A437A457A437A457A457A457A4EC
:10FCC00057A437A437A437A437A417A417A417A49C
:10FCD00017A417A4179CF79BF79BF69BF69BF69B24
:10FCE000F69BD69BD69BD69BD69BD69BB69BB69BAC
:10FCF000B69BB69BB693B693B693B69396939693EC
:10FD000095939593959395939593959375937593F3
:10FD100075937593759375937593759375937593A3
:10FD20007593759375937593759375937593759393
:10FD30007593759375937593759375937593759383
:10FD400075937593759375937593959B959B959BFB
:10FD500075937593969B969B969B969B769B7593B6
:10FD6000959B7593959B959B959B959B759B959B5B
:10FD7000959B94A394A3B4A335B4D8CC5ADD9ADD53
:10FD800079DD79DD79D559D559D579D5B9D5FADD6A
:10FD90005CE69CEEDDF63EF75FFF7FFF7FFF5EFFD8
:10FDA0009FFF7FFF3EFFFDF69CEE1ADEDADDDADD17
:10FDB0001BE65CEE7DF69DF6BDFEBDFEBDFEBDFE06
:10FDC0009CF6BCF6DDFEFDFE1DFF1EFF1EFF5EFF66
:10FDD0001DFF3DFF3DFF5EFF5EFF5EFF5EFF5EFFBE
:10FDE0005DFF5DFF5DFF5DFF5DFF5DFF5EFF5EFF31
:10FDF0005DFF7EFF7EFF7EFF5EFF5DFF3DF73DF70F
:10FE0000FDF6FCF6FDF6FDF61DFF1EFF1EFF1EFFB4
:10FE10001EFFDEFEBDF67CF63BEEFAE5FAE53AE6BD
:10FE20007CEEBDF6BDF67BEE1ADED9D598D578D539
:10FE300058D537D517D5F7D4F7D4F7D4F7DC17DD75
:10FE400058DD58E599EDBAED58EDD7DCB6DCD7E4CE
:10FE5000B7E4F7E418ED38F559ED59ED59ED58EDE3
:10FE600078ED78EDB9EDFAF53BF65BFE5BF67BF6E7
:10FE70007BF69BF69CF69CF69CFEBCFEBCFEBCFE94
:10FE800057A457A4579C579C379C379C379C379C4A
:10FE900037A437A437A437A437A437A437A437A48A
:10FEA00017A417A4179C179CF79BF69BF69BF69B31
:10FEB000F69BF69BF69BD69BD69BD69BD69BD69B5A
:10FEC000D69BD693D693B69BB693B693B693B6937A
:10FED000B69BB69396939593959395939593959397
:10FEE00095939593959395939593959395939593D2
:10FEF0009593959375937593759375937593759382
:10FF000075937593759375937593759375937593B1
:10FF100075937593759375937593759375937593A1
:10FF20007593759375937593759375937593959B69
:10FF3000959B75937593959B969BB69B959B759397
:10FF400075937593959B959B759B759B759B759B01
:10FF500095A3749B739BB4A377BC19D57ADD9ADD06
:10FF60009ADD99DD79D599D5DADD3BE6BDF63EFF20
:10FF70005FFF7FFF9FFFBFFFDFFFDFFFDFFFBFFFF1
:10FF80007EFF5EFF5EFF5EFF3EFF1DF7FDF61EFF7C
:10FF90001EFF1EFF3FFF3FFF1EFF3EFF1EFF3EFFF7
:10FFA0003EFF5EFF5EFF7EFF7FFF7EFF7EFF9FFFC7
:10FFB0009FFF7EFF7EFF7EFF7EFF7EFF7EFF7EFF38
:10FFC0007EFF7EFF7EFF5EFF5EFF5DFF5EFF7EFFCA
:10FFD0007EFF7EFF7EFF7EFF5EFF5DF75DFF5DFFC4
:10FFE0003EFF3DFF3EFF3EFF5EFF7FFF7FFF7FFF47
:10FFF0007FFF7FFF7FFF7FFF5FFF3EFF3EFF5EFFD4
:020000040802F0
:100000007FFF7FFF9FFF7FFF5EFF1EFFBCEE1BE6B3
:10001000B9DD58D517CD17D517D517D517D517DD95
:1000200079E5DAED99EDF7DC75CC75D476DC55DC45
:1000300055E476E4B7EC18F518F5F7EC18ED38ED63
:1000400038ED58ED99EDD9EDFAF53BF65BF65BF638
:100050007BF67BF67BF69CF69CFE9CFEBCFEBCFE13
:10006000589C589C589C379C379C379C179C179CD5
:10007000179C37A437A437A417A417A4179C179C60
:1000800017A4F79BF79BF79BF79BD69BD69BD69B1A
:10009000D69BD69BD69BD69BD69BB69BB69BB69B38
:1000A000B69BB69BB6939693969396939693969398
:1000B000B69B9693959B95939593959395939593CE
:1000C00095939593959395939593959395939593F0
:1000D0009593959395937593759375937593759380
:1000E00075937593759375937593759376937593CF
:1000F00076937693769375937593759375937593BD
:100100007593759375937593759375937593759BA7
:1001100075935593559355937593759B759B759BE7
:10012000959B959B959B959B759B95A395A3B5A337
:10013000B5A394A3739BF5ABD8C45AD57ADD7ADD09
:1001400099D579D579D5FADDBDF63EFF7FFFBFFFA2
:10015000BFFFBFFFBFFFBFFFBFFFBFFFBFFF9FFFCF
:100160009EFF7EFF7EFF7EFF5EFF5EFF5EFF5EFF07
:100170005EFF5EFF5EFF3EFF3EFF3EFF3EFF3EFF37
:100180003EFF5EFF7EFF7EFF9EFF7EFF7EFF9EFFA7
:100190009EFF7EFF7EFF7EFF7EFF7EFF7EFF7EFF57
:1001A0007EFF7EFF7EFF7EFF5EFF5DF75DFF7EFFD1
:1001B0007EFF7EFF7EFF7EFF7EFF7EF77EFF7EFF5F
:1001C0005EFF5EFF5EFF5EFF5EFF7EFF7EFF7EFFE7
:1001D0009FFF9FFF9FFF9FFF9FFF7FFF7FFF9FFF6F
:1001E0009FFF9FFF9FFF9FFF7EFF7FFF5EFFFDFE44
:1001F000FEFE9CF63BEEFAE599DD78DD78DD99DDD3
:10020000B9E5B9E558E5D6D475D434D414D414DCA2
:1002100015E435E436E497ECB7ECB7ECF8EC18ED00
:1002200038ED58ED58ED99EDB9F5FAF53BFE5BFE6A
:100230005BF65BF67BF67CF69CFE9CFEBCFEBCFE91
:10024000589C589C589C379C379C379C179C179CF3
:10025000179C179C17A417A417A4179CF79BF79B30
:10026000F7A3F79BD69BD69BD69BD69BD69BD69BBC
:10027000D69BD69BD69BB69BB69BB69BB69BB69B96
:10028000B693B693969396939693969396939693E6
:10029000969B969B959B9593959395939593959304
:1002A000959395939593959395939593959395930E
:1002B00075937593759375937593759375937593FE
:1002C000759B759B7593759375939593969396937C
:1002D00075937593759375937593759375937593DE
:1002E000769B7593759375937593759375937593C5
:1002F00075937593759B75935493749B959BB6A357
:10030000B5A3959B749B749B749B74A395A395ABA9
:1003100094A394A394A315B4D8C459D57AD59ADDDF
:1003200099D5D9D51BDEBCEE5EFF9FFFBFFFBFFF97
:10033000DFFFDFFFDFFFBFFFBEFF9EFF9FFF9EFFD0
:100340009EFF9EFF9EFF7EFF7EFF7EFF7EFF5EFF85
:100350007EFF7EFF7EFF5EFF7EFF5EFF5EFF5EFF35
:100360005EFF7EFF7EFF7EFF7EFF9EFF7EFF9EFF85
:100370009EFF9EFF7EFF9EFF9EFF9EFF7EFF7EFFF5
:100380007EFF7EFF7EFF7EFF5EFF5DF75DF77EFFF7
:100390007EFF9EFF9EFF9EFF7EFF7EFF7EFF7EFF15
:1003A0007EFF7EFF7EFF7EFF7EFF9EFF9FFF9EFF04
:1003B000BFFFBFFFBFFFBFFF9FFF9EFF9EFF9FFFCF
:1003C0009EFF9FFFBFFF9FFF5EF75EFF9FFF9FFFA8
:1003D0005FFF5FFF1EFFDDFEBDFEBDFEBDFE9CF6A6
:1003E0005BEE5BF6FAED37DDB6D455D414D414DCED
:1003F00015E436E4F5E315E415DC56DCD7EC18ED2E
:10040000F8EC38ED38ED58ED79EDB9F51AF63BFE1C
:100410003BF63BF65BF67BF67BFE9CFE9CFEBCFE51
:10042000589C589C379C379C379C379C179C179C32
:10043000179C179CF79BF79BF79BF79BF79BD79B0A
:10044000D79BD69BD69BD69BD69BB69BB69BB69B83
:10045000B69BB69BB69BB69BB69BB69BB693B69324
:100460009693969396939693969B969B969B969B24
:10047000969B969B959B959B959B959B959B759322
:10048000959395939593959395939593959395932C
:10049000759375937593759375937593759B759B0C
:1004A000759B759B759375937593759376939693DA
:1004B000969396937693769376937693769B7693AC
:1004C000769B569B569B759B559B559B559B759B49
:1004D000759B959B759B759B749B749B959BB5A316
:1004E000749B949B749B94A395A3B5ABD6B3D5B3DF
:1004F00016B416BC36BC77BCF8CC59D5BADDFBE5D2
:100500003BE6BCEE1EF77FFFBFFFDFFFDFFFFFFF15
:10051000FFFFDFFFBEFF9EFF9EFF7EFF9EFF9EFF51
:10052000BEFFBFFFBEFFBEFF9EFF9EFF9EFF9EFF62
:100530009EFF9EFF7EFF7EFF7EFF7EFF7EFF7EFF93
:100540007EFF7EFF7EFF7EFF9EFF9EFF7EFF9EFF63
:100550009EFF7EFF7EFF7EFF7EFF7EFF7EFF5EFFB3
:100560007EFF7EFF7EFF7EFF7EFF5DF75DF77EF7FD
:100570007EFF9EFF9EFF9EFF9EFF9EFFBEFF9EFF93
:100580009FFF9FFF7EFF7EFF9EFF9EFF9EFF9EFFC1
:100590009EF7BEFFBEFFBEFFBEFFBEF7BEFF9EFFC3
:1005A0009EFF9EFF7EFF7EFF5EFF5EFF5EFF5EFFA3
:1005B0005EFF5FFF5EFF3EFF5EFF5FFF5EFF1DF7BA
:1005C0003EFF3EFFFDFEBDFEFBF5D6DCF4CBF4D3D3
:1005D00015DC36EC15E415DCF4D315D497E4D7E438
:1005E000B7E4D7E4F7E438E558ED99EDDAF5FAF534
:1005F0001AF61BF63BF65BF67BF67CFE9CFE9CFE39
:10060000589C589C589C379C379C379C179C179C2F
:10061000179CF79BF79BF79BF79BF69BD69BD69B6C
:10062000D69BB69BB69BB69BB69BB693B693B6933A
:10063000B693B693B693B693B693B693B693969392
:100640009593959395939693959395939593959B61
:10065000969B969B969B959B959B9593959395932F
:10066000959395939593959395939593959395934A
:100670009593969B969B95937593759B759B759B90
:10068000759B759B759B959B7593759396939693A8
:100690007693769376937693769376935693569352
:1006A000769B569B559B559B759B559B559B759B68
:1006B000559B759B749B749B749B549B539B539B42
:1006C000B4A3F6B336BC77C498CC98CCF9D4F9DC93
:1006D00019DD19DD39DD39D559D5BADD1BE65CEEFA
:1006E000FDF65EFF9FFFBFFFDFFFDFFFDFFFFFFFC6
:1006F000FFFFDFFFBEFF9DFF7DF77DFF7EFF9EFFBB
:10070000BEFFBEFFBFFFBFFFBFFF9EFF9EFF9EFF5E
:100710009EFF9EFF9EFF9EFF7EFF7EFF7EFF7EFF71
:100720007EFF7EFF5EFF5EFF7EFF7EFF7EFF7EFF21
:100730009EFF7EFF7EFF7EFF7EFF7EFF7EFF7EFFB1
:100740007EFF7EFF7EFF7EFF7EFF5DF75DF77EF71B
:100750007EFF9EFF9EFF9EFFBFFFBFFFBFFFBEFF4E
:10076000BFFF9FFF9FFF9FFFBEFF9EFFBEFFBEFF1D
:10077000BEFFBEF7BEF7BEF7BEF7BEF7BEF7BEFFC1
:100780009EFF7EFF5EFF5DFF3DFF1DF73DFF3EFFCD
:100790003EFF3EFF3EFF3EFF3EFF3EF75EF75EFF41
:1007A0007EFF7FFF5FFF5FFFFEFEDAF596DC14D46D
:1007B000F4D315DC15DC56E456E435DC76DC55D490
:1007C00076DCB6DCB6DC18E558ED79EDBAF5DAF58D
:1007D000DAF5FAF53BF65BF65BF67BF69CFEBCFEC3
:1007E000589C589C379C379C379C179C179C179C8F
:1007F000F79BF69BD69BD69BD69BD693D693B69B60
:10080000B693969396939693969395939593959383
:100810009593959395939693969395939593959396
:10082000969B969B95939593959B959B959B959B56
:10083000959B759B969B969B9693759375939693B4
:100840009593969396939693969396939693769B79
:10085000769B769376937593759B759B759B759B2D
:10086000759B759B759B759B759B75937593759320
:100870009693759375937693769375937593769B0C
:10088000559B759B559B559B559B759B759B549B89
:10089000549B339B339B539B73A373A394ABF5B3CC
:1008A00097C419DD5AE55AED39E539E55AED7AED87
:1008B00059E559E59AEDFBF51BEE1BEE5CEEFDF6F6
:1008C0005FFF9FFFDFFFDFFFDFFFFFFFFFFFDFFFB8
:1008D000DFFFBEFFBEFF9EFF9EFF9EFF9EFF9EFFAF
:1008E0009EFFBFFF9FFF9EFF9FFF9FFF9EFF9FFFFB
:1008F0007EFF7EFF7EFF7EFF7EFF7EFF5EFF5EFF50
:100900005EFF7EFF7EFF7EFF7EFF7EFF7EFF9EFFFF
:100910009EFF9EFF7EFF7EFF7EFF7EFF7EFF7EFFAF
:100920007EFF7EFF7EFF7EFF5DF75DF75DF77EFF5A
:100930007EFF7EFF9EFFBEFFBFFFBFFFBFFFBFFF6B
:100940009EFFBFFFBFFFBEFFBFFFBEFF9EFFBEFFFC
:100950009EFF9EFF9EF7BEF7BEF7BEF7BEF79EF75F
:100960007EFF3DFF5EFF1DFF1DFFFDFEFDFE1EFF26
:100970001EFFFDFE1EFF1DFF3DFF3EF77EFF9EF7A3
:100980009FFFBFFFBFFF9FFF3EFFDDFEDAF596D45E
:1009900014CCD3CBF4D376E497E4B7EC76DC75DCF7
:1009A00096DCB6DCD6DC17E538E558ED99EDD9EDE7
:1009B000D9EDDAEDFAF53BF65BF65BF67BFE9BFED6
:1009C000589C379C379C379C379C179C179C179CCE
:1009D000F79BF69BD69BD69BD69BD693B693B69B9E
:1009E00096939693969395939593959395937593E4
:1009F00095939593959395939593959395939593B7
:100A00007593759375939593959B959B759B75932E
:100A1000759B7593759396939693969396939693E9
:100A200096939693969395939593959B759B7593B3
:100A300075937593759B759B759B759B759B759B46
:100A4000759B759B759B759B759B759B759B759B26
:100A5000759B759B759B759B759B759B5593559B5E
:100A6000559B549B549B549B75A395A375A3549B72
:100A7000339B539B74A3D4B316BC56C497CCD8D421
:100A80005AE59AEDBBF5BBFD9AF57AED59ED58E5BF
:100A900059E579E5DAF53BFE5BF65CF6DDF65FFFDE
:100AA0009FFFDFFFDFFFDFFFDFFFDFFFBFF7BEF7E7
:100AB0009EF79EFF9EFF9EFF9EFF9EFF9EFF9EFF56
:100AC0009FFF9FFF9FFF9FFF9EFF7EFF7EFF7EFF9A
:100AD0007EFF7EFF7EFF7EFF5EFF5EFF5EFF5EFFAE
:100AE0005EFF7EFF7EFF7EFF7EFF7EFF7EFF9EFF1E
:100AF0009EFF9EFF9EFF7EFF7EFF7EFF7EFF7EF7B6
:100B00007EFF7EFF7EFF7EFF5DF75DF75DF75DF7A1
:100B10007EFF7EFF9EFFBEFFBFFFBFFFBFFFBFFF89
:100B20009EFFBEFFBEFFBEFFBFFFBEFF9EFFBEFF1C
:100B30009EFF9EFF9EFF9EF7BEFFBEFFBEF79EF785
:100B40007EFF5EFF3EFF1DFF1EFF1EFFDDFEDDFE82
:100B5000DDFEDCF6DDF6DDF61DF71DF75DF79EF731
:100B6000DFFFBFFFBFFF9FFF7FFF3EFF5CFE38DD63
:100B700055CCF4C355D4D7ECD7EC18F517ED17E5E1
:100B8000F7E4F7DCF7DC17E537E558E599EDB9ED63
:100B9000B9EDD9EDFAF51AF63BF65BF67BFE7BFE76
:100BA000589C589C379C379C379C179C179C179CCB
:100BB000F69BF69BD693D693D693B593B593B59300
:100BC0009593959395937593759375937593759385
:100BD00095939593959395939593959395939593D5
:100BE0007693759375937593759B959B959B959B44
:100BF000959B75937593759395939693969396930A
:100C0000B693959375937593959B959B759B959BC3
:100C1000959B959B959B759B759B549B749B749B17
:100C2000749B749B749B749B749B749B749B749B4C
:100C3000549B749B749B549B749B749B749B749B7C
:100C400074A354A3549B54A374A354A374A374A374
:100C500074A3B4ABF5B377CCF9DC5AE55AE57AED79
:100C60009AEDBAF5BAF5BAF5BAF5BAF5BAF599E565
:100C7000B9EDDAED5BFE9CFE7CF6BCF63EFF9FFF15
:100C8000BFFFDFFFDFFFDFFFDFFFBEF77EF77DF790
:100C90007EF79EFF9EFFBEFFBEFF9EFF9EFF7EFF74
:100CA0009EFF9FFF7EFF7EFF7EFF7EFF7EFF7EFF1B
:100CB0005EFF5EFF5EFF5EFF5DFF5DFF3DFF5DFF70
:100CC0005DFF5EFF7EFF7EFF7EFF7EFF7EFF7EFF7D
:100CD0007EFF7EFF9EFF7EFF7EFF7EFF7EFF5DF735
:100CE0007EFF7EFF7EFF7EFF7EFF7EFF7EFF7EFF1C
:100CF0009EFF9EFF9EFF9EFFBEFFBEFFBEFFBEFF8C
:100D0000BFFF9EFFBEFFBFFFBFFF9EFF9EFF9EFF78
:100D10009EFF9EFF9EFF9EF79EF7BEF7BEF79EF7D3
:100D20007EFF5EFF3DFF1DFFBCF6BCFEBCF69CF6E1
:100D30007CF6BCF69CF6BCF6DDF63EF75EF79EFF51
:100D4000DFFFBFFFBFFF9FFF7FFF5FFFBDFEFAED2D
:100D500017DD75C496D4D7E4F7EC38ED59F579ED85
:100D600078ED58ED58ED38E538E558E578E599ED3A
:100D700099EDB9EDF9ED1AF63BF67BFE7CFE7CFEB3
:100D800078A4789C589C379C379C179C179C179C80
:100D9000F69BF69BD693D693B693B593B59395935E
:100DA00095937593759375937593759375937593E3
:100DB00095939593959395939593959395939593F3
:100DC000769B969B969B959B759B759B9593959B08
:100DD00075937593759375939593B69BB69BB69BD8
:100DE000B69B959B959B959B959B749B749B749BC5
:100DF000749B949B949B749B749B749B749B74A333
:100E0000539B749B74A374A374A394A374AB94AB0B
:100E100094AB94AB94AB94AB94ABB5B3D5B3D5B31F
:100E2000B5B3B4AB94ABB4AB94AB94ABB5AB16BCAD
:100E300077C498CCD8D439DD9BEDBBF5BBEDBAEDCA
:100E4000BAF5DAF5BAF599ED99EDFAFD3BFEFAF54A
:100E50001AF63AF69CFEBCFE9CF6DCF65EFF9FFF9F
:100E6000BFFFDFFFDFFFDFFFBFFF7EF75DEF7DF737
:100E70009EFF9EFF9EFF9EFF9EFF9EFF9EFF7EFFAA
:100E80009EFF9EFF7EFF7EFF7EFF5EFF5EFF5EFF9A
:100E90005EFF5EFF5DFF5DFF5DFF5DFF3DFF3DFFB0
:100EA0003DFF5EFF5EFF5EFF5EFF5EFF5EFF7EFF5B
:100EB0007EFF7EFF7EFF7EFF7EFF7EFF7EFF5DF773
:100EC0005DF77EFF7EFF7EFF7EFF7EFF9EFF9EFF23
:100ED0009EFF9EFF9EFF9EFF9EFF9EFFBEFFBEFFEA
:100EE000BFFF9EFFBFFFDFFFBFFF9EFF7EFF7EFFB6
:100EF0007EFF7EFF5DF77DF77EF79EF79EF79EF7FC
:100F00009EFF7EFF5EFFFDFE1AE61AE69CF69CF64B
:100F10007BF69CF67BF69CF6DCF63EFF7EFF9FFFA1
:100F2000BFFFBFFFBFFFBFFF7FFF7FFF1EFFBDFEF5
:100F30007CF678DD38DD38E579F5BAFDDAFDFAFDC5
:100F4000DAFDBAF5BAF599ED99ED78ED78E578E541
:100F500098E5B9EDD9EDFAF55BF67CFE9CFE7CFEDA
:100F600078A478A4589C589C379C179C179C179C75
:100F7000F79BF69BD693D693B693B693959395939A
:100F80009593759375937593959395939593959381
:100F90009593959395939593959395939593959311
:100FA0007593969BB6A3B6A3959B7593759375930E
:100FB000759375937593759375939593959B959B81
:100FC000959B759B959BB5A394A3749B749B74A3ED
:100FD00074A394A3B5ABD5ABF5B3F5B316B416B4FF
:100FE00056BC56BC57C457C477C477CC77CC77CCA3
:100FF00077D497D497D497D4B8D4D8D4B8D4B8D415
:1010000097CC77CC97CCB8D4B8D4B8D4F9DC5AE51F
:101010007AE57AED7AE57AE59AEDBBF5BAF5DAF597
:10102000FAF5FAF5D9F599EDB9ED1AF67CFE5BF60D
:101030003AF65AF69BF6BCF6BCF61CF77EFF9EFF0E
:10104000DFFFDFFFDFFFDFFFBFFF7DF75DF79EFF05
:101050009EFF9EFF9EFF9EFF7EFF7EFF7EFF7EFF28
:101060007EFF7EFF7EFF7EFF5EFF5EFF5DFF5DFF1A
:101070005DFF5DFF3DFF3DFF3DFF3DFF3DFF3DFF50
:101080003DFF5DFF5DFF5DFF5EFF5EFF5DFF7EFF7D
:101090005EFF7EFF7EFF7EFF7EFF7EFF7EFF5DF7B1
:1010A0005DF77EFF7EFF7EFF9EFF9EFF9EFFBFFFE0
:1010B0009EFF9EFF9EFF9EFF9EFF9EFFBEFFBEFF08
:1010C000BFFFBEFFBFFFDFFF9EFF7EFF7EFF5EFF15
:1010D0005DFF3DF73DF75DF77EFF7EF79EF7BEFFB4
:1010E000BEFF9EFF7EFF3DFF5BEEB8DD3BEEBCFE2C
:1010F000BCFE5BF63BEEBCFEDCFE1DFF5EFF9FFF11
:10110000BFFFBFFFDFFFBFFF9FFF9FFF7FFF3EFFD0
:10111000FDFE1AEE99DD78E5FBF5FBFDFAF5FAF533
:101120001BFE1BFEFBFDDAF5BAED99ED99E599E59D
:1011300099E5B9EDD9EDFAED3BF67CFE7CFE5BFE60
:1011400078A478A4589C589C379C379C179C179C73
:10115000F79BF69BD69BD693B693B69395939593B0
:1011600075937593759375939593959395939593BF
:10117000959395939593959395939593959395932F
:101180007593969BB69BB69B959B7593759375933C
:101190009593959B959B959B74937493749354939B
:1011A000549B549B749B94A3B4ABD4ABF5B315BCC4
:1011B00036BC56C497C4D8CCD9D4F9D4F9D4F8D411
:1011C000F9DC18DDF9DCF9DCF9E419E5F9E419E5F5
:1011D00019E519ED19ED39ED39ED39E5F8E4D8DC0B
:1011E000D8D4D8D4F8DC39E55AED7AED9AEDBBF5D0
:1011F000DBF5DBF5BAED9AEDBAEDBAEDBAEDDAF55D
:10120000D9F598ED98EDD9F5FAF55BFE9CFE9BFEBD
:101210007BF67BEE9BF6BCF6FCF65DFFBEFFBFFFE8
:10122000DFFFDFFFDFFFDFFFBEFF7DF75DF79EFF24
:101230009EFF9EFF9EFF7EFF7EFF7EFF7EFF7EFF66
:101240007EFF7EFF7EFF7EFF5EFF5DFF5DFF5DFF39
:101250003DFF3DFF3DFF3DFF3DFF3DFF3DFF3DFFAE
:101260003DFF3DFF5DFF5DFF5EFF5DFF5DFF5EFFDC
:101270005EFF5EFF7EFF7EFF7EFF7EFF7EFF7EFFC6
:101280005DF77EFF7EFF9EFF9EFF9EFF9EFF9EFFFF
:101290009EFF9EFF9EFF9EFF9EFF9EFF9EFFBEFF46
:1012A000BFFFBEFFBFFF9EFF9EFF7EFF5EFF5EFF94
:1012B0005DFF3DFF3DFF5EFF7EFF7EFF9EFFBFFFA8
:1012C000BEFF9EFF7EFF5EFF1DFFF9DDD9DD7BF6D1
:1012D0007CFE5BF63BF67CFE9CFEFDFE3EFF7EFF49
:1012E0009FFFBFFFBFFFBFF7BFFFBFFF9FFF7FFF96
:1012F0003EFFBDF6FAE5DAE53CFE3BF61BF65BFE8B
:101300003BFE3BFE3BFE1BF6FAF5FAF5DAEDD9EDB6
:10131000D9EDD9EDDAEDFAF53BF65BFE5BFE5BFE4F
:1013200078A4789C789C589C379C379C179C179C79
:10133000F79BF69BD69BD69BD693B69395939593A6
:10134000759375937593959B959B959B959B959B95
:10135000959B959B9593959395939593959395933D
:10136000969B769B75937593759375939593969BC2
:10137000969B969B959B959B749B749B539B749B90
:1013800094A394A3B4ABF5B336BC97CCF8D419DDD1
:1013900059E559E55AE57AE57AE57AED7AED7AED9F
:1013A00059E559E559ED59ED39ED39ED39ED39ED9D
:1013B00039ED39ED39ED39ED39ED38E518E518E558
:1013C00038E539E559ED9AEDBAF5BBF5DBF5DBF516
:1013D000DBF5FBF5FBF5FBF5FBF5FAF5DAF5FAF5D0
:1013E000F9F598E598ED1AF65BFE7BFEBCFEBCFEB7
:1013F000BCFE9BF69BEEDCF63DF79EFFDFFFDFFFBA
:10140000DFFFDFFFDFFFBEFFBEFF7DF77DF77EFF63
:101410009EFF9EFF9EFF7EFF7EFF7EFF7EFF7EFF84
:101420007EFF7EFF7EFF5EFF5DFF3DFF3DFF3DFFD8
:101430003DFF3DFF3DFF3DFF1DFF1DFF1DFF1DF754
:101440003DFF3DFF3DFF3DFF5DFF5DFF5DFF5EFF3B
:101450005EFF5EFF5EFF5EFF7EFF7EFF7EF77EFF2C
:101460007EFF7EFF9EFF9EFF9EFF9EFF9EFF9EFFD4
:101470009EFF9EFF9EFF7EFF9EFF9EFF9EFF9EFFA4
:10148000BEFFBEFF9EFF7EFF9EFF7EFF5DFF3DF71E
:101490001DFF1DFF3DFF5EFF7EFF9EFFBFFFBFFFE5
:1014A000BFFF9EFF7EFF5EFF7FFFBCF6D9DDD9DD6B
:1014B000D9E51AF61AF61AF67CFEFDFE1DFF3EFF70
:1014C0009EFFBFFFDFFFBFF7DFFFBFFF9FFF5EFF96
:1014D0007FFF3EFF3AE61AE63BF61AEE3BF65CFE6D
:1014E0005CFE5CFE5CFE3BFE3BFE1BF61BF61AF64A
:1014F0001AF6FAF5FAED1AF61AF63BF65BFE5CFE02
:1015000098A498A478A4589C379C379C179C179C47
:10151000179CF79BF69BD69BD69BB693B693969358
:101520009593959B959B959B959B959B959B959B43
:10153000959B959B95939593959395939593959B53
:10154000769B7593559355937593959B969B959B19
:10155000959B959B759B949B74A3749B94A3B4AB30
:10156000F5B316BC77C4B8CC19DD7AED9AEDBAF5AF
:10157000BAF59AED79ED59E559E579ED79ED79ED21
:1015800079ED79ED79ED79ED59F559ED39ED39EDE3
:1015900038ED18ED18ED18ED18E518E538ED79ED92
:1015A0009AF5BAF5BBF5DAF5DBFDFBFDFCFD1BFE9C
:1015B000FBFDFBFDFBF5FBF5FAF5FAF5DAEDFAF5C7
:1015C000D9ED98E5B8E53AF65BF69BFEDCFEDCFE6D
:1015D000DCFEBCF6BBEEFCEE5EFFBFFFDFFFFFFFF5
:1015E000FFFFFFFFDFFFDEFFBEFF9EFF7DFF7EFFF1
:1015F0009EFF9EFF9EFF7EFF7EFF7EFF7EFF7EFFA3
:101600005EFF5EFF5EFF5DFF3DFF3DF73DFF3DFF7F
:101610001DFF1DFF1DFF1DF71DF71DF71DF71DF712
:101620003DF73DFF3DFF3DFF5DFF3DFF3DFF5DFFA2
:101630005DFF5DFF5DFF5DF75DF77EFF7EFF7EFF77
:101640007EFF7EFF9EFF9EFF9EFF9EFF9EFF9EFFF2
:101650009EFF7EFF7EFF7EFF7EFF9EFF9EFF9EFF22
:101660009EFFBFFF9EFF7EFF9EFF9EFF3DF7FCF6A5
:10167000FCF61DFF3DFF3DFF5EFF9EFFBFFF9EFF8F
:10168000BFFF9EFF9FFF7EFF5EFF5EFF7BEE98D554
:1016900057D5B9E5B9EDB9ED7CFEBDFEFDFE5EFFA7
:1016A0007EFFDFFFDFFFDFF7DFFFBFFF9FFF7EFF74
:1016B0007FFF5EFF3BE63BEE3BEE1AEE5BF65BF632
:1016C0007CFE7CFE7CFE5CFE5BFE3BF63BF61BF686
:1016D0001AF61AF6FAF5FAF5FAF51AF63BFE7CFE5A
:1016E00098A478A478A4589C379C379C379C179C66
:1016F000F79BF69BF69BD69BD69BB693B693B69379
:10170000959B959B959B959B959B959B959B959B59
:101710007593959B969B959B959B7593959B959B98
:10172000959B759375937593959B959B959B959BB1
:10173000759B5493539374A394A3B4ABB5AB15BCEE
:1017400057C4B8CCD8D439E559E59AEDDBF5BAF5EC
:10175000BAF5BAF599ED59ED59ED79ED79ED79EDE7
:1017600099F599F599F579F579F559ED38ED38ED63
:1017700038ED18EDF8E4F7E4F7E418E559ED99EDE4
:10178000DAF5FBFDFBFDFBFDDBF51BFE1BFE1BFE87
:10179000FBFDFBF5FBF5FAF5DAEDDAEDDAEDD9ED67
:1017A000D9ED98E5F9ED5BF67CFE9CFEBCFEDCFE17
:1017B000BCFEBCF6BCEEDCEE5EFFBFFFDFFFFFFF52
:1017C000DFFFDFFFDFFFBEFF9EFF7DF77EFF9EFF97
:1017D0009EFF9EFF9EFF9EFF7EFF7EFF7EFF7EFFA1
:1017E0005EFF5DFF5DFF3DFF3DFF3DFF3DFF1DFFD8
:1017F0001DFF1DFF1DFF1DF7FCF6FCF6FCF6FCF6B9
:101800001CF73DFF5DFF3DFF5DFF3DFF3DFF5DFFC1
:101810005DFF5DFF5DFF5DF75DF77EF77EFF7EFF9D
:101820007EFF9EFF9EFF9EFF9EFF9EFF9EFF7EFF10
:101830007EFF7EFF7EFF7EFF9EFF7EFF7EFF9EFF80
:101840009EFFBFFF7EFF7EF7BFFF9EFF3DF7DCF6EA
:10185000DCF61DFF1DFF1DFF5EFF7EFF9FFFBFFF2C
:10186000BFFFBFFF9EFF7EFF9FFF7FFFDDF6F9DD1D
:1018700078DD17D517DD99ED5BFE9CFE1DFF5EFF41
:101880009EFFBEF7FFFFDFF7DFFFBFFF7EFF7EFF9C
:101890007FFF3EFF5BEE1AE61AEE1AEE5BF65BF692
:1018A0007CFE9CFE9CFE7CFE7CFE5BF65BFE3BF6BB
:1018B0003BF61AF61AEE1AEE1AF63BF63BF65BFE0C
:1018C00099A498A478A4789C589C379C379C179C22
:1018D000179CF79BF69BF69BD69BB693B693B69355
:1018E000959B959B959B959B959B959B959B959B78
:1018F000959B959B959B959B969B959B75937593B7
:10190000969B959375937593959B959B959B949BAF
:10191000749B749B74A3B5ABD5AB16BC57C4B8CC41
:1019200019DD5AE57AED9AED79ED79ED99ED79EDDC
:1019300099F59AF5BAF5BAF59AF599F599F579F513
:1019400079ED79ED79ED58ED38ED38ED18ED18EDCC
:1019500018E5F7E4F7DCF7DC17DD38E579EDBAEDEB
:10196000DBF5FBFDFBF5DAF5DAF51BFEDAF5BAF58A
:1019700099ED99EDB9EDDAEDB9EDB9EDD9EDD9ED16
:10198000B9E5D9E51AEE7BF69CFEBCFE9CFEBCFEDA
:10199000BCFEBCF6BCEEFDF67EFFBFFFDFFFFFFF27
:1019A000FFFFDFFFDFFFBEFF9EFF7EFF7EFF9EFF8C
:1019B0009EFF9EFF9EFF9EFF7EFF7EFF7EFF7EFFBF
:1019C0005DFF3DFF3DFF3DFF3DF71DF71DF71DF797
:1019D000FCF61DF7FDFEFCF6FCF6FCF6FCF6FCF64C
:1019E000FCF63DF73DFF3DFF3DFF3DFF3DFF5DFF49
:1019F0003DFF3DFF3DF75DF75DF75DF77EFF7EFF45
:101A00009EFF9EFF9EFF9EFF9EFF9EFF7EFF7EFF2E
:101A10007EFF7EFF5DF75EFF7EFF5EFF7EFF9EFF27
:101A20007EFF9EFF9EFF7EFFBFFF9EFF3DFFDCEE21
:101A3000BBF6DCFEFDFEFDFE3EFF5EFF7EFF9FFF70
:101A40009EFF9EFF9EFF7EFF7EF79FFF5EFFDDF6FF
:101A5000FAED16D554C417E5FAF59CFEFDFE3EFFDF
:101A60009EFFBEF7DFF7DFF7DFFFBFFF7EFF7EFFE2
:101A70007FFF3EFF7BEEFAE51AEE1AEE3BF65BF6D1
:101A80007CF67CFE9CFE7CFE7CFE7CFE5BF65BF6C0
:101A90005BF63BF61AEE1AEE1AF63BF65BF65BF6D1
:101AA00098A498A478A478A4579C379C379C379C1A
:101AB000179C169CF69BF69BD69BD693B693B69333
:101AC000959395939593959395939593959B959BC6
:101AD000969B959B759B759B759B759B759B75934D
:101AE000959B959B959B959B949B749B749B94A3B2
:101AF000B5A3F5AB16BC78C498CCF9DC3ADD7AE531
:101B0000BBEDDBF5BBF5DBF59AF579ED79ED79ED1C
:101B100079ED79EDBAF5BAF599F599F599F579ED8B
:101B200058ED58ED38E537E517E517E518E538E5E0
:101B300038E538E538E559E559E579E59AEDDBF51D
:101B4000FBF51BFE1BFEFBF5FBF51BFEDAF599ED25
:101B500099ED99EDB9EDDAEDD9EDB9E5B9E5B9E56C
:101B600098E5FAED5BF67CF69CFE9CFE7CF69CF616
:101B7000BDFEBCF6BCF61DF77FFFBFFFDFFFFFFF1A
:101B8000FFFFDFFFDEFFBEFF9EFF9EF79EFF9EFF73
:101B90009EFF9EFF9EFF9EFF7EFF7EFF7EFF7EFFDD
:101BA0003DF73DFF3DFF1DFF1DF71DFF1DF7FDFE2E
:101BB000FCF6FCF6FCFEFCF6DCF6FCF6DCF6DCF6ED
:101BC000FCF61DFF3DFF3DFF3DFF3DFF3DFF3DFF9F
:101BD0003DFF3DF73DF73DF75DF75DF77EFF9EFF6B
:101BE0009EFF9EFF9EFF9EFF9EFF9EFF7EFF7EFF4D
:101BF0005EFF5EFF5DF77EFF5EFF5EFF7EFF7EFFA6
:101C00007EFF9EFF9EFF9EFFBEFF9EFF3DFFFCF6F8
:101C10009BEE9BEE9CF6DDFE3EFF3EFF5EFF7EFFF1
:101C20007EFF7EFF7EFF7EF77EF77EF77EFF3EFF24
:101C30009CF678DD13BC34C478E57CFEDDFE5EFFE7
:101C40007EFFBEF7DFF7DFF7DFFFDFFF7FFF7FFFFE
:101C50005EFF1EFF9CF6FAEDFAED3BF63BF65BF6F7
:101C60007CF69CFE9CFE9CFE9CFE7CFE5BF65BF67E
:101C70005BF63BF63AEE1AEE3BF63BF65BF67BF68E
:101C800098A498A478A478A4579C579C379C379C18
:101C9000179C169CF69BF69BD69BD693D693B69331
:101CA0009593959B9593959395939593959B759304
:101CB000959B959B759B759B759B759B959B959B24
:101CC0007493959BB59B749B33935393B4A316B4B1
:101CD00077BCB8CCF9D47BE59BEDBBF5BBF5DBF568
:101CE000DBF5DBF5BAF5DBF5BAF5BAF599F599F55B
:101CF00099F599ED99F599F558ED58ED58ED58EDA0
:101D000038E538E537E537E517E538E558E558E5CE
:101D100079ED99ED9AEDBAEDBAEDDBF5FBF5FBF552
:101D20001BF61BF61BFE1BFE1BFE1BFEDAF5BAF5AF
:101D3000BAF5B9EDDAF5FAF5FAF5DAEDB9E598E5BF
:101D4000B9E51AEE7CF69CFEBDFEBCFE7CF67CFE80
:101D50009CFE9CF6BCEE1DF79FFFBFFFDFFFFFFF61
:101D6000FFFFDFFFBEFFBEFF9EFF9EFF9EFF9EFFA9
:101D7000BEFFBEFF9EFF9EFF7EFF7EFF7EFF7EFFBB
:101D80003DFF3DFF1DFF1DF7FCFEFCF6FCFEFCFECB
:101D9000DCFEFCFEFCFEDCFEDCFEDCFEDCFEDCF63B
:101DA000FCF61DFF1DFF1DFF1DFF3DFF1DFF1DFF5D
:101DB0003DFF3DFF3DF73DF75DF75DF77EFF9EFF81
:101DC0009EFF9EFF9EFF9EFF9EFF9EFF7EFF7EFF6B
:101DD0005EFF5EFF3DF75EFF3DFF3EFF7EFF5EFF65
:101DE0009EFF9EFF9EFF9EFF9EFFBEFF7EFF3DFF6C
:101DF000DCF63AE63AE6BCFE3EFF1DFF3EFF7EFF04
:101E00007EFF5EFF5EFF7EFF7EF77EF75EF73DF7AB
:101E10005EFF5BF694C450A3B5CC7CFEBCFE1DFFF8
:101E20007EFFBEF7DEF7DEF7DFFFBFFF9FFF7FFF1E
:101E30005FFF1EFFBCFEFAEDFAED5BFE5BF65BF6A4
:101E40007BF67CFE9CFE9CFE7CFE7CF67BF65BF6C5
:101E50005BF65BF63BF63BEE3BF65BF67BF67CFE19
:101E600098A498A478A477A457A4579C379C379C2F
:101E7000179C179C169CF69BF69BD693D693B6930D
:101E8000B593959395939593959395939593759312
:101E90007593959B969B959B75937593759B959B59
:101EA00095A3B5A3B4A394A3B4A315B4D8CC5ADD19
:101EB0005AE57AE59BE5DCF5DCF5FCF5DBF5FBF5B1
:101EC000DBF5BAEDBAEDDAF5BAF5BAF5B9F5BAF56A
:101ED000BAF599F599ED79ED38E537E537E537E568
:101EE00038E538E538E538E558E558E579ED99ED18
:101EF00099EDBAEDDAF5DBF51BF63CFE1CFEFBF5C1
:101F0000FBF5DAF51BF61BFE1BFEFBFDDAF5DAF539
:101F1000BAF5B9EDB9EDDAEDB9EDD9EDD9EDD9E50F
:101F2000FAED3BF69CF6BCFEDDFEBDFE7CF69CFEAB
:101F30009CFE9CF6DCF63EF7BFFFDFFFFFFFFFFFD6
:101F4000FFFFDEFFBEFF9EFF9EFF9EFF9EFFBEFFC8
:101F5000BFFFBFFFBEFF9EFF7EFF7EFF5EFF5EFFF7
:101F60003DFF1DFFFCFEDCF6BCF6BCF6BCF6BCF685
:101F7000DCFEDCFEDCFEBCFEBCF6BCF6BCFEDCFE21
:101F8000FCFE1DFF1DFF1DF71DFF1DF7FCF6FCF6F7
:101F9000FCF61DF73DF73DF73DFF5DFF7EFF7EFF41
:101FA0007EFF9EFF9EFF9EFF9FFF9FFF9FFF9EFF66
:101FB0007FFF3EFFFDF61DF71DF7FDF63EFF7FFF9D
:101FC0009FFF9EFF9EFF9EFF9EFFDFFFBFFF7EFFE6
:101FD0001DFF3AE6F9E55BEEFDFEFDFE1DFF5EFF2F
:101FE0007EFF5DFF5EFF9EFF9FFF9EF79FF77EFFD8
:101FF0005EFF3EFF1AEED1ABB1AB98E57BFE1DFF55
:102000007EFF9EF7BEF79EEFBFFF9EFF9FFF7FFF05
:102010005FFF1EFFBDFE1AEEFAED5CFE3BF63BF6DF
:102020005BF65BF67BF67CF67CFE9CFE7CFE7CF62B
:102030007BF67BF65BF65BF67BF69BF69CFE9CFEE6
:1020400098A478A478A478A457A457A4579C379C44
:10205000379C179C179C169CF69BD693D693D693C9
:10206000B593B593959395939593959395939593F0
:102070007593959B969B969B759B54935493749BD9
:10208000749B739B73A3D4AB76C418D59AE5BBED50
:10209000DBEDBBEDBAEDDBF5FBF5DBF5DBF5DBF5F9
:1020A000DAEDBAEDBAF5DAF599EDB9F599F5BAF5D3
:1020B000BAF599F599ED99ED58ED58E558ED58E5D3
:1020C00038E558E558E578E579ED99ED99EDBAED03
:1020D000BAEDDAF5FBF5FAF51BF63CFE3CFEFBF536
:1020E0001BF6FBF51BFE1BFE1BFEDAF5BAF5BAF577
:1020F000B9F599ED99ED78E558E578E5D9ED1AF659
:102100003BF65BF67CF69CFEDDFEBDFE7CFE9CFE97
:102110009CFE9BF6DCF65EFFBFFFDFFFFFFFFFFFCD
:10212000FFFFBEFF9EFF9EFF9EFF9EFFBEFFBEFF06
:10213000BFFFBFFFBEFF9EFF7EFF7EFF5EFF5EFF15
:102140001DFFFDFEDCF6BBF69BF69BF69CF6BCFE87
:10215000BCFEBCFE9CFE9CFE9BF67BF69CFEBCFE81
:10216000DCFE1DFF1DFFFDFEFDFEFCFEFCF6FCF689
:10217000FCF6FCF61DFF3DFF5DFF5EFF5EFF7EFF90
:102180007EFF9EFF9EFF9EFF9FFF9FFF9FFF9FFF83
:102190007FFF1DF7FDF6FDF61DFFFDF6FDFE5EFF60
:1021A0007EFF9EFF9EFF9EF7BEFFDFFFBFFF9EFFED
:1021B0005EFFBCF63AEE1AE69BF6DDFE1DFF1DFF44
:1021C0003DFF3DF77EFFBFFFBFFFBFFFBFFFBFFF6C
:1021D0009FFF7FFFDDFE16CDB1A337D53BF6BCFEDA
:1021E0007EFF9EFFBFFF7DEFBFFF7EF79FFF7EFF5D
:1021F0007FFF3EFFDDFE3AEEFAED5CFE3BF63BF67E
:102200005BF65BF67BF67BF67CF69CFE7CFE7CF652
:102210007BF67BF67BF67BF67BF69CF69CFE9CFEC3
:1022200098A498A478A478A457A457A4579C579C22
:10223000379C379C179C179CF69BF693D693D693A6
:10224000B593B593B593B5939593959395939593CE
:1022500075937593759B969B759B759B749B749BEF
:1022600094A3D4AB36BCD8CC7AE5DBEDDBF5BAED84
:10227000BAEDBAEDDAEDFBF5FBF5FBF5DAEDDAF5E3
:10228000DAEDDAF5DAF5BAF599ED99ED79EDBAF519
:1022900079ED79ED79ED79ED99ED79ED79ED79EDEE
:1022A00078ED79ED79ED99EDB9EDDAEDDAF5DAF56C
:1022B000FAF5FBF51BF61AF61BF61BF61BF61BF6DA
:1022C0005CFE3BF63CFEFBF51BFEDAF5B9F599F535
:1022D00079ED58E558E558E558E599E5FAED3BF60E
:1022E0003BF65BF67CF69CF6BCFEBCFE7CFE9CFEE0
:1022F0009CFE9BF6FCF67EFFDFFFFFF7FFFFFFFF74
:10230000DFFFBFFF9EFF9EFF9EFF9EFF9EFFBFFF62
:10231000BFFFBEFF9EFF9EFF7EFF5EFF5EFF3EFF94
:102320001DFFFCFEBBF67BEE7BF67BF69CFEBCFE47
:102330009CFE9CFE7CF67BF67BF67BF67BF69CF6A1
:10234000BCF6FCFEFCFEFCFEFCFEFCFEFCFEFCFE05
:10235000FCFEFDFE1DFF3DFF3DFF5EFF7EFF7EFF9D
:102360009EFF9EFF9EFF9EFF9EFF9FFFBFFF9FFF62
:102370007FFF3DFFFDF69CEEFDFEFDFEDDF61DFF41
:102380005EFF7EFF7EFF7DF79EF7DFFFBEFF9EFFB5
:102390007FFF5EFFBCFE1AE65BEE9CF6DDFEDCF620
:1023A000FCF63DF77EFFBFFFBFFFBFFFDFFFBFFFB4
:1023B0009FFF7FFF3EFF7BF674BCB5CCFAF59CFE19
:1023C0003DFF9EFFBFFF9EF7BFFF9EF7BFFF7EFF53
:1023D0007EFF5EFFFDFE5BEEFAED5BF63BF63BF645
:1023E0005BF65BF67BF67BF67BFE7BFE9BF67BF675
:1023F0007BF67BF67BF67BF67BF69CF69CF69CF6F2
:1024000098A498A498A478A457A457A457A4579C18
:10241000379C379C179C179C169CF69BD693D6939B
:10242000B693B593B593B5939593959395939593EB
:10243000959B75937593759B759B749B749B94A3E7
:10244000F5B377C439DDBBEDFCF5FBF5DBF5BAED93
:102450009AEDDAF5FBF51BF6FAF5FBF5DAF5DAEDB0
:10246000DAF5DAEDB9EDB9ED99EDB9F579ED99ED6A
:1024700079ED79ED59E579ED99ED99ED99EDB9F5AC
:10248000BAF5BAF5BAF5DAF5DAF5FAF5FBF5FBF5D2
:10249000FBF5FBF51BF61BFE1BF6FAF5FBF51BFE29
:1024A0003BFE1BF61BFEDAF5DAF5DAF599ED58E599
:1024B00017DDF6DCF6DC58E5B9ED1AF63BFE5BFEFF
:1024C0005BF67BF69CF69CF69CFE9CFE7CFE9CFEDE
:1024D000BCFE9BF6FCF69EFFDFFFFFFFFFFFFFFF4A
:1024E000FFFFDFFF9EFF9EFF9EFF9EFF9EFFBFFF41
:1024F000BEFFBEFF9EFF7EFF7EFF5EFF3EFF3EFFF4
:102500001DFFDDFE9CF65BF63BEE5BF67CFE9CFE63
:102510007CFE7CFE5BF65BF65BF65BF65BF65BF6E1
:102520009BF6BCFEDCFEDCFEDCFEDCFEDCFEFCFE24
:10253000DCFEFCFE1DFF1DFF3DFF3DFF7EFF7EFF1D
:102540009EFFBFFF9EFF9EFF9EFF9FFF9FFF9FFF7F
:102550009FFF5EFF1DF719DEBCEEFDFEDDFEDCF623
:102560003EFF7EFF7EFF5DF7BEFFDFFF9EFF9EFF0B
:102570007EFF9FFF1DFF5AEE3AEE5BF69CF6BCF61F
:10258000FCF63DF77EFF9FFF9FFFDFFFDFFFBFFFF2
:10259000BFFF9FFF5FFF1EFF57D574BC98E57CFE11
:1025A000FDFE7EFFBEFFBEFFBFFF9EF7BFFF7EFFAB
:1025B0007EFF5EFFFDFE7BEE1AEE3BF65BF63BF622
:1025C0005BF65BF67BF67BF69CFE9CFE9CF67BF650
:1025D0007BF67BF67BF67BF69BF6BCFEBCFEBCFE78
:1025E00098AC98A498A477A477A477A4579C579CF8
:1025F000579C379C179C179CF79BF69BD69BD69BAA
:10260000D693B593B693B69396939693969B959BD4
:10261000959B759354935493539B94A3D5AB77C4D4
:1026200019DD5AE5DBEDDBF5DBF5DBF5DBF5DBF59D
:10263000FBF51BFE1BFE1BF6FBF5FAF5FAF5DAF5CA
:10264000DAEDDAEDDAEDB9ED99ED99ED99ED99ED77
:1026500078ED99ED58E578E599ED99EDB9F5DAF56C
:10266000FBFDFBFD1BFE1BFEFBFDFBF51BFEFBF557
:10267000FBF5FBF5FBF5FAF5FAF5FBFDFBFDFBF5CC
:102680001BFEDAF5DAF599ED79ED79ED58E537DDF0
:1026900017DDF7D437DD99E5FAF55CFE7CFE5CFECC
:1026A0007CFE7CF69CFE9CF69CFE9CFE7BF6BCFEB3
:1026B000BCFEBCF61CF79EFFFFFFFFFFFFFFFFFF06
:1026C000DFFFDFFFBEFF9EF79EFFBEFFBEFF9EF750
:1026D000BEFF9EF77EFF7EF75DFF5DFF3DFF1DFFA6
:1026E0001DFFDDFE9CFE5BF61BF61BF61CFE3CFE92
:1026F0003CFE1BFE1BF61BF63BFE3BFE3BFE3BFE81
:102700005BF67CFE9CFE9CFE9CFE9CFE9CFEBCFE42
:10271000BBFEBCFEBCFEDCFEFCFE1DFF3DFF7EFFE3
:102720009EFF9EFF9FFF9EFF9EFF9EFF9FFFBFFF9E
:102730009FFF9FFF3EF73ADE77CD9CEEFDFE9CF6B5
:102740003EFF3EFF5EFF9EFF7EF7BEFF9EFF7EFFC9
:102750005EFF7FFF7EFF1DFF1AE63AEE5BF69CFEF2
:102760001DFF5EFF5EFF5EFF7EF7BFFFDFFF9EFF88
:102770007EF7BFFF7FFF3EFF7BF6B5C437DD3BFE34
:10278000BCFE3EFF7EFF9EFFBEFFBEFF9EFF9EFF84
:102790007EFF5EFF1EFF7CF61AEE3BEE5BF63BF61D
:1027A0005BF65BF67BF67BF69CFE9CFE9BF67BF66F
:1027B0007BF67BF67BF67BF67BF69CF69CF69CF62E
:1027C00098AC98AC98A478A477A477A4579C579C0D
:1027D00057A4379C379C379C179CF79BF79BF69B1D
:1027E000D693B593B693B69396939593959B969BF4
:1027F000759B959B949B539B73A3F5B3D8CC7AE5BB
:10280000BBEDDBF51CFEFBF5DBF5FBF5FBF5FBF5A6
:10281000FBF5FBF5FBF5FAF5FAF5FAF5FAF5DAF55D
:10282000DAEDDAEDDAEDB9EDB9EDB9EDB9ED99ED35
:1028300078EDB9ED99ED99EDB9ED99EDBAF5DAF5D7
:10284000FBF5FBFD1BFE1BFEFBFDFBFDFBF5DAF5BF
:10285000DAF5DAF5BAF5BAF5BAF5DAF5DAF5DAF560
:10286000FAF599ED99ED58E558E537DD37DD38DDB6
:1028700058E578E5D9ED1AF63BF65BFE5CFE7CFE8A
:102880007CFE7CF69CFE9CFEBCFEBCFE7BF69CFEA9
:10289000BCFEDCF63DF7BFFFFFFFFFFFFFFFFFFFC2
:1028A000FFFFDFFFBEF7BEF7BEFFBEFFBEF7BEF7FE
:1028B0009EF79EF77EFF5DF75DF73DFF1DFF1DFF55
:1028C0001DFFDDFE9CFE5CFE1CF6FBF5BBF5BBF5BB
:1028D000BAF5DAF5DBF5FBF5FBF51BFEFBFDFAF5CA
:1028E000FAF51BFE3BFE3BF65BFE7BFE7BFE7BFEB2
:1028F0009CFE9BFE9BFE9BFEDCFEFCFE1DFF3DFF47
:102900007EFF9EFF9FFF7EFF7EFF9EFFBFFFDFFFDC
:10291000DFFF9FFF7EFF9BE636C5B8D59CFEBCFE61
:10292000FDFEFDFE5EFF9EFF7EF79EF79EFF7EFF93
:102930005EF77EFF7EFF7EFF9BEE1AE6F9E57BFEEB
:10294000FDFE3EFF3EFF7EFF7EF79EF7BFFFBFFF0F
:10295000BFFFBFFF7EFF5EFFFDFE57D537DD1BF6D5
:10296000BCFE3DFF7EFF9EFFBEFFBEFF9EFF9EFFA3
:102970007EFF5EFF3EFF9CF63AE63AEE3BF63BF604
:102980005BF65BF67BF67BF67BFE9CFE9BF67BF6AE
:102990007BF67BF67BF67BF69BF6BCF6BCF6BCF6CC
:1029A00098A498A498A478A478A477A457A457A42A
:1029B00057A4379C379C379C179C169CF69BF69B1C
:1029C000F69BD693B593B593B59B9593959B959BA5
:1029D000959B949B949BB4A336BCF8D4BBEDFCF5BB
:1029E000FCF5FBF51CFEFBF5DBF5FBF51BF61BFE12
:1029F0001BF6FBF5FAF5DAF5FAF5FAF5FAF5DAF57C
:102A0000DAF5DAEDDAEDDAEDDAF5BAEDBAED99EDFF
:102A100099EDBAED99ED99EDDAF5DAF5DAF5FAF521
:102A2000DAF5FBFDFBFDFBFDFBF5DAF5DAF5BAF5B2
:102A3000BAF599ED79ED79ED58E579ED79ED79ED26
:102A400079ED38E578ED79ED78E537DD37E578E54E
:102A5000B9EDFAF53BFE5CFE5BFE3BF65BFE7CFEF1
:102A60007CFE7CF69CFEBCFEBDFEBDFE7BF69CFEA5
:102A7000BCFEDCFE3DFFBFFFFFFFFFFFFFFFFFFFD0
:102A8000FFFFDFFFBEFF9EF79EF7BEFFBEFF9EF774
:102A90009EF79EF77EF75DF75DF73DFF3DFF1DFF5B
:102AA000DDFEBCFE7CFE5CFEDBF57AED59E539E52A
:102AB00039E579ED9AEDBAEDBAF5BAF59AF599F5E9
:102AC00099EDDAF5FAF5FAF51BF63BFE5BFE5BFED7
:102AD0005BFE5BFE5BF65BF69BF6BCFEDDFE1DFF60
:102AE0003EFF7EFF7EFF7EFF7EFF9EFFBFFFDFFF7C
:102AF000BFFF9FFF9FFF1DF798CDD5BCD9E5BDFE59
:102B00009CFEBCF65EFF7EFF7EFF7EF77EF77EFFBB
:102B10007EFF5DF77EFF9FFFFDFE1AE698DD7BF6E8
:102B2000FDFE3EFF5EFF7EFF7EF79EF7BFFFBFFF0D
:102B3000DFFFBFFF9EFF5EFF3EFFD9E5F6D4FAF54B
:102B4000BCFE1DFF7EFF5DF7BEFF9EFF9EFF9EFF4A
:102B50005EFF5EFF5EFFBCF63AE61AEE3BEE5BF60A
:102B60005BF65BF65BF67BFE7BFE9CFE9BF67BF6E4
:102B70007BF67BF67BF67BF69BF69CF6BCF69CF62A
:102B800098A498A498A478A478A478A457A457A447
:102B900058A4579C379C379C179C169CF69BF69B19
:102BA000F69BD693B593B593B59B959B959BB59B9B
:102BB000949B7393B4A397BC5ADDDCED1CF6FBF534
:102BC000FBF5BAEDDBF5FBF5FBF5FBF51BFE1BFE9C
:102BD0003BFE1BFE1BF6FBF5FBF5FBF5FAF5DAED0C
:102BE000DAF5DAEDDAEDDAF5DAF5DAF5BAF5BAF5BD
:102BF000BAF5BAF599EDBAF5FBF51BFEFBF5FBF559
:102C0000DAF5DAF5BAF5BAF5BAF5BAF5BAF599ED35
:102C100099ED79ED58E558E558E579ED58ED38E549
:102C200058E538E599EDB9ED99ED58E578E5DAED37
:102C3000FAF53BF65BFE5CFE5CFE5CFE5CFE7CFE39
:102C40007CFE7CFEBCFEBDFEDDFEBDFE7BF69BF683
:102C50009BF6DCF65DFFBFFFFFFFFFFFFFFFFFFFFF
:102C6000FFFFDFFFBEFF9EF79EF7BEFFBEFFBEFF6A
:102C70009EF79EF77DF77EF75EFF3DFF1DF7FDF6A1
:102C8000BCF67CF65CF63BF6BAED59E5F8DC97D479
:102C9000B7D4F8DC39E559ED59ED59ED59ED39ED79
:102CA00038ED9AF5BAF5BAF5DAF5FBF51BFE1BFE21
:102CB0001BFE3BFE3BF63BF67BF69CFEDDFEFDFE7F
:102CC0001DFF3EFF7EFF7EFF7EFF9EFFBFFFDFFFFB
:102CD000BFFFDFFF9FFF7FFF7BEE73ACD5C45BF6CA
:102CE0007CFE9CF61DFF3DFF7EFF7EF77EF79EFF7C
:102CF0009EFF7EFF5EFF9FFF5EFF5BE677D519E6D6
:102D0000FDFE3EFF3EFF9EFF9EFFBFFFBFFFDFFFBA
:102D1000DFFFDFFFBFFF9FFF5FFF5BF6D5C41AF643
:102D20009CFEFDFE5EFF3DF7BEFF9EFF9EFF7EFF09
:102D30007EFF7EFF5EFFBCF63AE63AEE3BEE3BF6E8
:102D40005BF65BF67BF67BFE9CFE9CFE9BF67BF6C1
:102D50007BF67BF67BF67BF69BF69CF69CF69CF668
:102D600078A478A478A478A478A478A478A478A483
:102D700078A457A457A4379C379C169C169CF69BA6
:102D8000D693B693B593D59BB59B9493949BB49BE4
:102D9000939BD4A376B49ADDFCF55DFE1CFEFBF597
:102DA000FBF5DAF5DBF5FBF51BF61BFE3BFE1BFE28
:102DB0001BFE1BFE1BF61BF61BF6FBF5FAF5DAF500
:102DC000DAF5DAEDDAF5DAF5FBF5FBF5DAF5DAF551
:102DD000DAF5DAF5DAF5DAF5DAF5DAF5DAF5FBF55A
:102DE000BAEDB9ED79ED79EDBAEDBAF599ED79ED88
:102DF00079ED79ED79ED79ED99F5BAF599F579ED0A
:102E00009AF599EDBAF599ED79E599E5DAED1AF6C5
:102E10003BF63BF63BF63BF65CFE9CFE9CFE9CFEC6
:102E20009CFE9CFEBCFEBCFEBDFEBCFE5BF65BF6E3
:102E30007BEEBCF65DFFDFFFFFFFFFFFFFFFFFFF45
:102E4000FFFFDFFFDFFFBFFFBFFFDFFFDFFFDFFFB2
:102E5000BFFFBFFF7EFF7EFF7EFF5EFF1DF7DCEE44
:102E6000DDFE7BEEFAEDDBEDBBED5AE5D8DC15C4FB
:102E700015C436CC77D4B7DCD8E4F9E4F9ECF8EC37
:102E8000F8EC39ED59F559ED7AED9AF5BAF5DAF530
:102E9000DAF5FBF5FBF51BF63BFE5CF67CF69CF6E3
:102EA000BDFEFDFE3EFF5EFF7FFF9FFFBFFFDFFF1A
:102EB000FFFFFFFF7EFF7EFFFDF616C5F2A378DD64
:102EC0005BFE7CFEDCFEDCF65EFF7EFF7EFFBEFF6F
:102ED0009EFF9EFF9EFF9FFF9FFFFDF6B8D557CD3B
:102EE000FDFE1EFF1DFF7EFF9EFFBFFFBFFFDFFF3A
:102EF000DFFFDFFFBFFFBFFF7FFFDDFEF6CC3BF64E
:102F0000BCFE1DFF5EFF3DFFBFFFBEFFBFFF9EFF7C
:102F10007EFF7EFF5EFFBCF65AEE3BEE5BF63BF6B5
:102F20005BF65BF67BF67CFE9CFE9CFE7BFE7BF6F6
:102F30007BF67BF69BF69BF69CF6BCFEBCFEBCFECD
:102F400078A478A478A478A478A478A478A478A4A1
:102F500078A457A457A4379C379C169C169C169CA3
:102F6000F69BD69BD69BD69BB59B7493949BD4A380
:102F700035ACB7C459D51CEE1BF65CFEFBF5DAF593
:102F8000FBF5FAF5DAF5FAF51BF61BF61BFEFAF57A
:102F9000FAF5FAF5FAF5FAF5FBF5FBF5FBF5FBF5B5
:102FA000FBF5FAF5FBF5FBF5FBF5FBF5DAF5DAF5E4
:102FB000DAF5DAF5BAEDBAEDDAF5FAF5BAEDDAF5F1
:102FC00099ED99ED99ED99EDDAF5DAF5BAF599ED16
:102FD00099ED99ED99F5BAF5BAF5DAFDBAF599F5E5
:102FE000BAF5BAF5BAF599EDB9EDFAF53BF65BFE2F
:102FF0005CFE5BF63BF63BF65BF69CFE9CFE9CFEA5
:103000009CFEBCFEBCF6BCF6BCFE9CFE7BF65BF6F2
:103010007BEEDCF65EFFDFFFFFFFFFFFFFFFDFFF62
:10302000BFFFDFFFDFFFDFFFDFFFDFFFDFFFDFFFD0
:10303000DFFFDFFF9EF79FFF9FFF7EFF3DF7DCEE88
:10304000BCF61AE678D558DDF8D497CC56CCD5BB6B
:1030500074B374B394B394BBD5C316CC57DC98E463
:1030600098E4B8E4B7E4B7E4F8E419E539ED39EDEC
:1030700059ED79ED9AEDDBF5FBF5FBEDFBED1BEE84
:103080007CF69CF6DDFE1EFF5EFF9FFFBFFFBFFFCD
:10309000DFFFBFFF9FFF7FFFFDF65BEEF2A333B4C0
:1030A000FAF57CFE9CFEBCFE3EFF7EFF9EFF9EFF6F
:1030B0009EF7BEFFBFFF9EFF9FFF5EFF3AE6F5BC97
:1030C000BCF61DFF1DFF5EFF7EFFBFFFBFFFDFFFE2
:1030D000FFFFFFFFBFFFBFFF7FFF3EFF77D5FAED8A
:1030E000BCFE1DFF5EFF5DFFBEFFDFFFDFFF9EFF3B
:1030F0009EFF7EFF3EFFBCF65BEE5BEE5BF63BF6B3
:103100005BF65BF67BFE7CFE9CFE9CFE7BFE7BF60C
:103110007BF67BF69BF69CF69CF6BCFEBCFEDCFECA
:1031200078A478A478A478A478A478A478A478A4BF
:1031300078A457A457A437A4379C179C169C169CB8
:10314000F79BF79BF69BD69B949B949B15A497BCEF
:1031500039D5DBE5FBED3CF6FBED3BF6BAED99E549
:10316000DAEDFAF5DAEDD9EDFAF5FAF5FAF5FAF560
:10317000FAF5DAF5DAF5FAF5FAF5FAF5FBF51BF6F4
:103180001BFE1BFE1BFEFBF5FBF5FAF5DAF5BAEDAF
:10319000BAED99ED99ED99EDFBF51BF6DAEDBAED87
:1031A00099EDBAEDBAEDDAF51BFE1BFEDAF5BAF5CC
:1031B000BAF599ED99ED99EDBAF5DAF5DAF5BAF5D2
:1031C0009AF579EDBAF5BAED1BF63CFE7CFE7CFE75
:1031D0009CFE7CFE7CF65BF65BF67CFE9CFE9CFE19
:1031E0009CFEBDF6BCF6BCF6DDFEBCFE9CFE9CF66D
:1031F0009BF6DCF67EFFDFFFFFFFFFFFFFFFDFFF39
:10320000BEFFDFFFDFFFDFFFDFFFDFFFDFFFBFFF0F
:10321000DFFFDFFF9EF7BFFFDFFF9EFF9EFF5DF733
:103220009CEE1ADE78D518CD35BC73A373AB33ABE7
:1032300012A3F2A2B19AB19AB1A2F2AA74C3D5CBE9
:1032400016D416D4F5D316CC36D457D457D477D455
:1032500098DCB8DCD8DC39E57AED9AEDBAEDFBF50F
:103260005CF67CF69CF6FDFE3EFF7FFF9FFF9EFF17
:103270007EF75DF77EFF7EFF3EFF1EFF16C5909B2B
:1032800057DD3BFE9CFEBCFE1EFF5EFF9EFF9EFFC9
:103290009EFFBEFFBEFFBFFF7EFF7EFF9CEED5BC44
:1032A0001AE6DDFE3EFF5EFF7EFFBFFFDFFFDFFFB2
:1032B000FFFFFFFFDFFFBFFF9FFF3EFFF9DDB8D538
:1032C0009CF61DFF5EFF5EFF9EFFBFFFDFFFBEFFA0
:1032D0009FFF9EFF5EFFBCF65BEE5BEE5BF63BF690
:1032E0005BF65BF67BFE7CFE9CFE9CFE7BFE7BF62B
:1032F0007BF67BF69BF69CF6BCFEBCFEBCFEDCFEC1
:1033000078A477A478A478A478A478A478A478A4DE
:1033100078A478A458A458A457A4379C179C179C49
:10332000F79BF79BD69BD59B949BD49B97BC7ADD50
:10333000FBED5CF65CF63CF61BF61BF6DAED99ED60
:10334000B9ED1BF6DAF5D9EDFAF5FAF5FAF5FAF575
:10335000FAF5FAF5FAF5FAF5FBF5FAF5FBF5FBF5F2
:10336000FBF51BFEFBF5FBF5DAF5DAF5DAF5BAED60
:10337000BAEDB9EDB9EDB9EDFBF51BF6DAEDDAED25
:1033800099E5DAEDDAEDDAF51BFE1BFEDAF5DAF592
:10339000DAF5BAF599ED99ED99EDDAF5DAF5DAF5B0
:1033A000BAF579ED99EDDAF53BFE5CFE9CFE9CFEEC
:1033B0009CFE9CFE7CF67CF67CF69CFE9CFE9CFEB5
:1033C0009CF6BDF69CF6BCF6BCFEBCFEBCFEBCFE8C
:1033D000BBF6FCF67EFFDFFFFFFFFFFFFFFFDFFF17
:1033E000DFFFDFFFBFFFBFFFBFFFBFFFBFFFBFFFAD
:1033F000BFFFDFFFBEFFDFFFDFFFBFFFDFFF9FFF7E
:103400001DF77CEEFAE5BADD76BC129BD192D29A1A
:10341000B19A9192709250925092709AB2AA13BB44
:1034200074C374C374C395C3B5C3B5C3D5C3F6CB56
:10343000F5C3D5BB16C477CCF9DC19DD7AE5DBF52D
:103440005CFE7DFE9DFEDDFE3EFF7FFF7FFF7EFF7B
:103450007EF77EF77EF73DFF7FFF3EFF1AE6709313
:1034600074C4FAF55BFEBCFEFDFE5EFF9FFF9EFF8F
:103470009EFF9EF7BFFFDFFF9EFF7FFFFDF6F5BCBF
:1034800077CD9CF63EFF5EFF7EFFBFFFBFFFDFFFF5
:10349000DFFFFFFFFFFFBFFFBFFF5EFF5BE698D5CB
:1034A0009CF61EFF5EFF7EFF9EFFDFFFDFFFDFFF5C
:1034B0009FFF9FFF7EFFDCF65BEE3BEE5BF65BF66D
:1034C0005BF65BF67BF67BFE9CFE9CFE7BFE7BFE4A
:1034D0009CF69BF69CF6BCFEBCFEBCFEBCFEDCFE75
:1034E00077A477A477A478A478A478A478A478A4FF
:1034F00058A458A458A458A438A4379C179C179CC7
:10350000F79BF7A3D69BB59B949B15AC39CDFBEDF0
:103510003CF65CF65CF63BF61BF61BF6FAF599ED0D
:10352000B9ED1AF6FAF5D9ED1AF61AFEFAF51AF609
:103530001BF6FAF5FAF5FAF5FAF5FBF51BF6FBF5CD
:10354000FAF5FAF5FAF5DAF5DAEDDAEDDAEDBAEDE3
:10355000DAEDBAEDDAEDDAEDDAF5FBF5FAF5FAF5D2
:10356000BAEDDAEDDAEDFAF51BFE1BF6FBF5DAF54E
:10357000DAF5BAED99ED99ED99EDDAF5FBF5DAF5B5
:10358000BAF579EDBAEDFAF55CFE7CFE9CFE9CFE88
:10359000BDFEBCFE9CF69CF69CFEBCFE9CF67CF63A
:1035A000BCF6BCF69CF69CF6BCF6BCF6BCFEBCFEBB
:1035B000BCF61DF79EFFFFFFFFFFFFFFFFFFFFFFB2
:1035C000DFFFBFFF9EFF9EFFBFFFBFFF9FFF9FFF6D
:1035D000BFFFDFFFBFFF9EF7DFFF9EF7DFFF9FFF0D
:1035E0007FFFFDF67DEE3CEED8C4329BD192B192C6
:1035F00091929192719250923092309271A2D2AA8D
:1036000013BB13BB34BB33BB13B333B334B334B3C7
:1036100054B333AB33AB94B3F6BB36C4B8D43AE54A
:10362000BBED5DF6BDFEDEFEFEFE3EFF7FFF7EFFD4
:103630007EFF3DF75EF77EFF7FFF5EFFBCF612ACBC
:10364000D1ABB9ED3BFE9CFEDDFE5EFF7EFF9EFF33
:103650009EFFBEFFDEFFDFFF9EFF9FFF1DF757C5EA
:10366000D5BC9CF63EFF3EFF7EFF9FFFBFFFFFFFE6
:10367000DFFFFFFFDFFFBFFFBFFF7EFFBCEEB8CD68
:103680009CEEFDFE7EFF7EFF9EFFBEFFDFFFDFFFA5
:10369000BFFF9EFF7EFFDCF65BEE5BF65BF65BF644
:1036A0005BF67BF67BFE7BFE7BF67BF69BF69BF662
:1036B0007BF69CF6BCFEBCFEBCFEBCFEBCFEBCFEAB
:1036C00077A477A477A477A477A477A478A478A420
:1036D00078A478A458A458A458A437A4179C179C7D
:1036E000D69BF6A3B59B949BF5ABF8CCFCED1CF6F2
:1036F0003CF63BF61BF6FAED1BF63BFE1BFEDAF53D
:10370000DAED1AF6FAF5FAF53BFE3BFE1AFE3BFE41
:103710001BF6FAF5FAF51BF6FBF5FBF5FBF5DAF50A
:10372000DAF5DAF5BAEDBAEDBAEDBAEDDAEDDAEDD1
:10373000DAF5DAF5FAF5FAF5FAF5FBF5FBF51BF62D
:10374000FAF5FBF5DAEDDAEDFBF5FBF5FAF5DAF56E
:10375000DAF5BAED99ED79E599EDDAF5FBF5DAF5FB
:10376000DAF599EDDAED1BF67CFE7CFE7CFE9CFE24
:103770009CF69CFEBCFEBDFEBDFEBCFE9CF69CF60F
:103780009CF6BCF69CF6BCF6BCFE9CFEBCFE9CF611
:103790009BF6FCF67EFFFFFFFFFFDFFFDFFFDFFF93
:1037A0009EFF5DF75EF77EFF9FFF9FFF9FFFBFFFBE
:1037B0009FFF9EFFBFFF9EFFDFFF3CEF9EF77EFF58
:1037C0007FFF5FFF3FFFBEF67BDD739BD292918A46
:1037D000718A518A318A30923092319A51A292A2E2
:1037E000B2AAB2AAB2AA92AA91A271A2519A509276
:1037F00050927092508A4F8A7092B19A13A394B3E8
:1038000097CC79DD7DFEDEFEBDFEDDFE3EFF5EFF78
:103810005EFF5DFF5EFF9FFF5EFF7FFFFDFE57CDFA
:103820004F9BB5CC1BFE5CFEFEFE3EFF7EFFBFFF46
:10383000BEFF9EFFBEFFDFFFBEFFBFFF5EFFF9DDE5
:1038400093AC7BEE1DFF3EFF7EFF9FFFBFFFDFFFC0
:10385000FFFFFFFFFFFFBFFFBFFF9FFFFDF6B8CDDC
:103860007BE61DFF5EFF5EFF9EFFDFFFDFFFBEF713
:10387000BFF79FFF7EFFDCF65BEE5BF67BFE7BFE19
:103880005BF65BF67BF67BF67BF67BF67BF69BF6D0
:103890007BF69CF6BCFEBCFEBCFEBCFEBCFEBCF6D1
:1038A00057A457A457A477A477A477A478A478A49E
:1038B00078A478A478A458A457A437A417A416A46D
:1038C00016A4F6A3B5A3D5A3B7C4BBE53DF61CF675
:1038D0003CF61BF6FAEDFAED3BFE3BFE3BFE1BFE13
:1038E000FAF51AF61AF61AF63BFE3BFE3BFE3BFED5
:1038F0001BFE1AF61BF61BF6FAF5FAF5DAF5BAED29
:10390000B9ED99ED99E599EDBAEDBAEDDAEDFAF583
:10391000FAF5FBF51BFEFBF5FAF5FAF5FBF53BFEB8
:103920001BF61BF6FAF5DAF5FAF5FAF5FAF5FAF5FB
:10393000DAF5DAF5BAED99ED99EDFAF5FBF5DAED90
:10394000FAF5DAED1BF63BF67CFE9CFE9CFE9CF63F
:103950007BF69CF6BDFEDDFEDDFEBCF69CF69CF61D
:103960009CF69CF69CF6BCF69CF69CF69CFE7BF6C0
:103970009BF6DCF67EFFDFFFDFFFDFFFDFFFDFFF11
:103980007EFFBBEE9BE6BCEE3EFF3EFF5EFF7FFF91
:10399000BFFFBFFFDFFF7EFF7EFF1CEF9EFF5DF7D7
:1039A0007FFF5FFF7FFFDFFE9CDD94A3F392B29267
:1039B000728A518A318A51925192719A72A292A25C
:1039C00092AA92A271A251A2309AEF91CF89AE81B0
:1039D000AE79AE798D796C716D71AD79EE892F8A82
:1039E000F19AD4B39BED9EFE9DFE9CF61EFF5EFFFA
:1039F0005EFF5DFF7EFF9EFF5EFF5EFF5EFF7BEE74
:103A0000F2ABB1AB79ED3CFEBEFE1EFF5EFF7EFF6A
:103A10009EFFBEFFDEFFFFFFBEFFBFFF9FFFBCEEAE
:103A200093AC5AEEFDFE1DFF7EFF9FFFBFFFDFFF41
:103A3000FFFFFFFFFFFFBFFFBFFFBFFF3EF7F9D54F
:103A40001ADE1DFF5EFF7EFF9EFFDFFFDFFFDFFF51
:103A5000BFF7BFFF7FFFDCF65BEE5BF65BF67BFE3E
:103A60007BF67BF67BF67BF67BF67BF67BF69BF6AE
:103A70009BF69CF69CF6BCFEBCFEDCFEBCFE9CF6F7
:103A800057A457A457A457A477A478A478A478A4DB
:103A900078A478A478A458A457A437A437A416A46B
:103AA000F5A3D5A3F5ABB8C49BE51CF65DFE5CFEA3
:103AB0003CF61BF63BF61BF63BFEFAF51BFE3BFE07
:103AC000FAF5FAF5FAF5FAF51AF61AF63BFE1AFEC9
:103AD0001BFE1AF6FAF5DAEDB9EDB9EDB9ED99ED8F
:103AE00099E599E599EDBAEDDAEDDAF5FAF5FBF538
:103AF000FBF51BF61BFE1BF6FAF5FAF5FBF51BFEB4
:103B0000FBF51BFE1BF6FBF5FBF5DAF5FBF5FBF50C
:103B1000FBF51BF6FBF5DAEDBAEDFAF5FAF5BAEDC1
:103B2000FAF51BF65BFE3BF65BF6BDFEBCFE7CF6D3
:103B30007CF69CF6BCFEBCFE9CF67BF67CF69CF606
:103B40009CF69CF69CF69CF69CF67CFE5BF65BF67F
:103B50005AEEBCEE5EFFBFFFDFFFDFFFDFFFBFFF00
:103B60003EFF5BE6F9DDD9DD7BEE9CF6BDFEFDFE9A
:103B70001EFF1EFF1DFF5EFF1DF73DF77EFF9FFF2F
:103B80007FFF3FFFFFFE5EEEB8C4749BD392928A24
:103B900011821182118A118A3192519A72A292AACB
:103BA000B3AA92AA92A271A2519A0F92EF89CE89DA
:103BB000EE81CE81AE81CE810F8A2F8A0F922F9215
:103BC0004F8AB09A57CCFCFD7EFE5CF6DDFE3EFFD0
:103BD0005EFF3DFF7EFF5DF77EFF5EFF5EFFFDFE49
:103BE00037D52F9B75CC1CFE9DFE1EFF7FFF9EFFD1
:103BF0009EFFBEFFDFFFFFFFBEFFDFFFBFFFFDF643
:103C000036C519E6DDFEFDFE5EFF9FFFBFFFDFFF4D
:103C1000FFFFFFFFDFFFBFFFBFFFBFFF7EFF5ADEDB
:103C200019D6FDF63DFF7EFF9EFFDFFFDFFFDFFFC2
:103C3000BFFFBFFF7FFFDDF67BEE7BF67BFE7BFEEB
:103C40007BF67BF67BF67BF65BF67BF67BF69CF6EB
:103C50009BF69CF69CF6BCF6BCFEDCFEBCFEBCF6FD
:103C600057A457A458A458A478A477A4779C779C09
:103C700078A478A478A477AC57A437A437A416AC5A
:103C8000F5A335B4B7C49AE53DF65DFE3CFE5CFE97
:103C90003CFE3BF65CFE5BFE5CFEFAF51BF63BFE73
:103CA0001AF6FAF5FAF5FAF5FAF5FAF5FAF5FAF57B
:103CB000FAF5DAF5B9ED99E599ED99ED99ED99ED0A
:103CC000B9EDB9EDBAEDFAF5FBF5FBF5FBF5FBF552
:103CD0001BF6FBF51BF61BF6FBF51BF6FBF5FBF5E0
:103CE000DAF51BFE1BFE1BFEDAF5DAF5FBFD1BFE0B
:103CF0001BFE1BFE1BF6DAEDBAEDFAF51BF6DAED4C
:103D00003BF65BF67CFE5BF65BF6BDFEBDFE9CFE05
:103D10009CF69CF69CF69CF67CF65BEE7CEE9CF6A4
:103D20007BF67BF67BF69CFE9CFE7BFE3AF6FAED7C
:103D30001AE67BEE3DF7BFFFDFFFDFFFBFFF9FFF10
:103D4000FDFE3BEE1AEEDAE5DAE558DD38D537D57B
:103D5000DAE5FAE5F9DD3AE63ADEDCEE3DFF5EFF54
:103D60003FFF3FFF7DEE39CD749BB18A107AD07949
:103D7000F081F081F181118A1192319A51A272A2DF
:103D800072A272A251A2319A109AEF91EE89CE8955
:103D9000CE81EE812F92719A91A291A271A271A20D
:103DA000719A909A53B319E55DFE7DFEDDFE1EFF0C
:103DB0003DFF5DFF7EFF5DF77EFF9FFF7EFF1EFFE5
:103DC000FAED50A372ABBAF57DFEDEFE3EFF7EFF3C
:103DD0009EFF9EFFDEFFFFFFDEFFDFFFBFFF3EFF18
:103DE0003AE6D8DDBCF6FDFE3EFF7EFFBFFFDFFFFB
:103DF000FFFFDFFFDFFFBFFF9FFF9FFF7FFF9BE610
:103E0000F9D5BCF6FDFE5EFF9EFFDFFFDFFFDFFFA3
:103E1000BFFFBFFF5EFFBCEE5BEE7BF67BF67BFE7B
:103E20007BF67BF67BF67BF67BF67BF67BF69CF6E9
:103E30009CF69CF6BCF6BCF6BCFEBCF6BCF6BCF62A
:103E400038A438A458A458A4589C579C579C579CF5
:103E5000579C77A477A457A457A457AC57AC36AC5B
:103E600056B418D59AE5FCED3CFE3CFE3CFE1BF634
:103E70001BF61BF65BFE5BFE5CFE3BFE3BFE3BFE69
:103E80003BFE1BFE1BFE1BFE1BF6FAF5DAF5B9ED39
:103E9000B9EDB9ED99E578E599EDB9EDBAEDBAED81
:103EA000FAF5FAF5FBF5FBF51BF61BF61BF61BF610
:103EB0001BF6FBF51BF6FBF51BF61BFEFBF5FBF5F6
:103EC000FBF5FBFDFBFDFBFDDAF5BAF5FBFDFBFDAC
:103ED000FBFDFBF5DAF5BAEDBAEDFBF53BF63BF68B
:103EE0007CFE7CFE9CFE9CFE7CFE9CFE9CFE9CFE62
:103EF0009CFE9CFE9CFE9CF67CF67CF67CF67CF69A
:103F00007BF65BF65BF65BF65BFE3BFEFAF5D9ED06
:103F10001AEE9BEE5EFFDFFFFFFFBFFF9FFF7FFFFD
:103F20009CF6DAED99E559E538DDB6CC75C455C493
:103F300054BC75BC74B473ACF5BCD9D59CEEBCEE66
:103F40005FFFFEFE9AD552932F72CE71AF71F0795A
:103F50001182118A118A3192529A529A52A251A216
:103F600072A292AA92AA51A2109A0F92309A709AB3
:103F7000D2A213B374BB54BBF3B2B2AA72AA51A2B9
:103F800051A250A2509AB4BB9BED5DFE9DFEDCF6A3
:103F90001DF77EFF9EFFBEFF9EFFBFFF7EFF3EFF21
:103FA0007CFED3B3AF9A96D45DFEBDFEFDF67EFFD8
:103FB0009EFF7DF7BEFFFEFFFFFFFFFFBFFF7FFFFE
:103FC000FDFED8DD9CF6DDFE5EFF7EFFBFFFDFFF5E
:103FD000DFFFBFFFDFFFBFFF9FFF7EFF9FFFFDEE05
:103FE00097CD3AE6FDFE3EFF5EFF9EFFDFFFDFFF5F
:103FF000DFFFBFFF3DF79BEE5AEE7BF65BF65BF60D
:104000007BFE9CFE9CF69BF67BF67BF69CF6BCFE4C
:10401000BCFEBCFEBCF6BCFEBCF6BCF6BCF6DCFED0
:1040200018A438A4389C389C589C589C789C779C41
:1040300077A477A457A457A457AC97B4B8BCD8C4F6
:10404000F8CCBAE5FBEDFBF51CFE3CFE3CFE3BFE6E
:104050001BF61AF61BF63BF63BFE3BF63BFE1BF649
:104060001BFE1BFE1BFE1BF6FAF5DAF5B9ED99ED0A
:1040700099E599ED78E578E5B9EDDAF5DAEDB9EDA0
:10408000FAF51BF61BF61BF61AF61BF61BF61BF6CB
:104090001BF61AF61BF6FAF5FAF5FAF5DAF5FAF563
:1040A000DAF5DAF5DAF5DAF5BAF5BAF5DAFDBAF5F0
:1040B000BAF5BAEDBAEDBAEDDAED1BF65CFE5CFED0
:1040C0009CFE9CFE9CFE9CFE7BF69CFE7BF69CFE72
:1040D0007BFE9CF69CF67CF67CF69CF67CF65BF60A
:1040E0005BF63BF65BF63BF63AF61AF6D9EDB9E528
:1040F000FAED9BF65EFF9FFF9FFF9FFF9FFF3EFF36
:104100003CF659E5F8DCF8DC96D414C4B3B392ABB2
:10411000B2ABF3B3D6C417CDFAE51AE67CEE7CEE6B
:104120003BE638C535AC907A2F72EF71CF79D079F4
:10413000F181118A3192529A329A319A31A251A266
:1041400051A292A292AA71A250A291AA13B374C3CF
:1041500095C3B5C3D6CBB6CB54BB14BBD3B2B3B2A5
:1041600092B292B271AA33B397D41CFE5CF69CEE65
:10417000FCEE7EF79EF7BFFF9EF7DFFF7EFF5FFF3F
:10418000BDFE96CC8E9A72B39AEDBEFE1EFF7EFFE8
:104190007EFF7DFFBEFFDEFFFEFFDFF7DFFFBFFF1D
:1041A0005EFF1AE67BEEDCFE3EFF7EFF9EFFBFFF5A
:1041B000DFFFDFFFDFFFBFFF9FFF7EFF9FFF3DF7BA
:1041C00057C598D5BCF61DFF1DFF5DFFBFFFDFFF84
:1041D000FFFFBFFF5EFFBCEE9BF69CF67BF67BF617
:1041E0009BF69BF69CF69CF69CF69CFEBCFEBCFEE9
:1041F000BCFEBCFEBCFEBCFEBCF6BCF6BCF6DCFEE7
:10420000189C179C389C389C58A478A498A498A40F
:1042100098AC77AC57A436A457ACB8BC1ACD5ADDCD
:104220009AE5FBEDDBEDDAF51BF61BFE1BFE1BFE34
:104230003BFE3BFE1BF61AF6FAEDFAF5FAF5FAF537
:10424000DAEDDAF5DAEDB9EDB9EDB9ED99ED99ED13
:1042500099E599ED78E578E5DAEDFAF5DAEDB9ED7D
:10426000FAF51BF61BF61AF61AF61BF61BF61BF6EA
:104270001BF61BF61BFEFAF5DAF5DAF5DAF5DAF5D8
:10428000DAF5BAF5BAF5DAF5DAF5DAF5BAF579ED7F
:1042900099ED99ED99EDDAEDFAF51BF65BFE5BF61B
:1042A0007CFE9CFE9CFE9CFE5BF69BF67BF67BF602
:1042B0007BF67BFE7BF67BF67CF67CF65CF63BEED3
:1042C0001BF61AF65BFE3BFE1BFEFAFD99ED78E548
:1042D00098E57BF61DF71DF71DEF7EFF7FFFDDFEE6
:1042E000DAED96D4F4BBB3BB72B351AB92B314BC4A
:1042F00096CC17D5DAE5DAE59DF69DF6DDFEBDF63E
:1043000017C5108B6E7A0D72EE71CF79D081AF79AF
:10431000AF79D0891292329A319A119A31A272A24F
:1043200072A292A291A2B2AA33BBF5CB78DC98E438
:1043300098DC36D4F5CBD6CB95CB54C314C3D3BAC3
:10434000B3BAB3BA92B291AA94BB9AEDFAED7CEEED
:10435000DCEE3DF77EF79EFFBFFFDFFFDFFF9FFF35
:10436000FEFE59DD10A331ABB7D47DFE1EFF3EFF2C
:104370005EFF9EFFBEFFDEFFDEF7FFFFDFFF9FFF5A
:104380005EFF7BEE5AEEDCFE1DFF5EFF9EFFBEFF72
:10439000BFFFDFFFDFFF9EFF9FFF9EFF9FFF5EFFD0
:1043A00077CDF5C43AEEFDFE3EFF3DFF7EFF9EFF5A
:1043B0009FFF9EFF3EFFBCF6BCF6BCFE9BF69BF645
:1043C0007BF67BF67BF67BF69CF6BCFEBCFEBCF671
:1043D000BCFEBCF6BCFEDCFEDCFEBCF6DCFEDCFE9D
:1043E000389C37941794379C379C57A457A477ACC4
:1043F00057AC16A456ACB7BCD8C419CD5ADD7AE573
:10440000DBED1BF61BF6FAF5FAF5FBF5FBF53BFECB
:104410003BFE3BFE1AF6DAEDFAF5DAEDD9EDDAED10
:10442000D9EDB9EDB9EDB9EDB9EDB9EDB9EDB9ED3C
:1044300099EDB9EDB9ED99EDDAF51BF6DAEDDAEDB6
:10444000FAF51AF61BF61AF6FAF5FAF51AF61AF64E
:104450001AF61AF6FAF5FAF5DAF5DAF5DAF5DAF522
:10446000BAF5BAF5BAF5DAF5FBFDDAF579E558E50E
:1044700058E578E5B9ED1BF63BF63BF65BF67CFEBE
:104480007CFE9CFE9BF67BF67BF69BF69BF67AF613
:104490005AEE9BFE5BF67BFE5BF65CFE5CFEDBF59C
:1044A0009AED5AEDBBF5DBFDBBFD59ED18EDD6DC01
:1044B00017D5F9E5FDF65EFF5EFF3EFF9CF678DD61
:1044C00055C472B331AB93BBD4C355CC96CC75C431
:1044D000D6C47CF6DEFEDAD57CEEDDFE7CEE78D549
:1044E00071A30D7A0D7A2E820F82108A929A329AD7
:1044F000329A529A129AF191F191119A72A272A281
:1045000092A291A2B1A294BBD8DC9BF57AED5AEDB0
:10451000F8E4F8E476D416CCF6CB95CB54C314C3A8
:10452000F3C2F4C2D3BAB1AA32B377CCBBED5CF616
:10453000BDFEDDF67FFF7EFF9FFFDFFFFFFFDFFF9A
:104540007FFF5CEEB2B372B315CCDBF59DFEDDF6FA
:104550001DF79EFF9EFF9DF7DEFFFFFFDFFF9FFF22
:104560007EFFFDF619DEBCF61DFF3DFF7EFF9EFFC0
:10457000BEFFDFFFBFFF9FFF7FFF7EFF7EFF5EFF6F
:10458000F9E5D4BC36CD5BF6FDFEFDFE1DFF3EFF1A
:104590001DFFDCF69BF67BF69BF6BCFEBCFE9CF694
:1045A0009BF67BF67BF69BF6BCFEDCFEBCFEBCFEFF
:1045B000BCFEBCF6BCF6DCF6DCF6DCF6DCFEFDFE92
:1045C00037943794379C1694169C169C37A457AC96
:1045D00036B456B497C4F8CCF8D418D539DD9AE57A
:1045E0001BF63BFE1BF6FAF5FAF5FAF5FBF51BFE9A
:1045F0003BFE3BFEFAF5DAEDDAEDDAEDD9EDDAED78
:10460000B9EDB9EDD9EDDAEDDAEDDAEDDAF5DAF5A5
:10461000DAF5DAF5DAF5B9EDFAF51BFEDAF5DAEDE9
:10462000FAF51AF61BF61AF6FAF5FAF51AF61AF66C
:10463000FAF5FAF5FAF5FAF5FAF5FAF5DAF5DAF542
:10464000DAF5DAF5DAF5DAF5FAF5BAED79E578E5DD
:1046500078E598E5D9ED3BF67CFE5BF65BF67BF6FC
:104660009CF67CF67BF65BEE7AF69BF69BF67AF68A
:104670007AF67BFE1AF63BF6FBF51BF6FBFDBBF567
:104680005AED3AED7AED5AED39E5D7DC76D4F3C33D
:10469000F2B3F5C43AE6FDF61DF79CEE78DD34BCC6
:1046A000B3B3B3BB55CC19E55AEDBBF51CFE3CF6D4
:1046B0009DFEFFFEFEFEBDF6DDFEFADDF6C455BC36
:1046C000D3B352AB32AB12A333ABD2A2D3AAD4AA88
:1046D000B4AAB4AA53A2119AF19932A272AA72AAE8
:1046E000519AD2AAD5BB3AE51CFE1CFEBAED99ED53
:1046F000BAF59AF518E5B7DC77DC16D4B5CB75CBEF
:1047000034CB34CBF3BA33BB12B3B4BB9BF51CFE32
:104710005DFEBDFE3FFF5EFF9EFFBEFFFFFFFFFF92
:10472000BFFFDDF675C492BBB3BB38ED3CFEBCFEEB
:10473000FDFE5EFF7DF79DF7DEFFDFFFBFFF9FFF02
:104740007FFF1DF739DE7BEEFCFE1DFF5DFF9EFF48
:10475000BEFFBEFFBFFF9FFF9FFF9FFF7FFF3EFF8C
:104760009CF6D5C4B4C498DD3AF67BF67BF65BEED6
:104770007BEE5BEE5AEE5BF67BF69CFEBCFE9CFE8F
:104780009BF67BF67BF69CF6BCFEDCFEBCFEBCFE1C
:10479000DCFEBCF6DCF6DCFEDCFEDCF6DCFEDCFE81
:1047A000579C3694F693F593169C56AC57B457B471
:1047B00077BCB8CCF8D419DD18DD18DD59E5DBED90
:1047C0003CFE5CFE3BFE1BF6FAF5FAF51BF63BFEE3
:1047D0003BFE3BFE1AF6FAF5FAF5FAF5DAEDFAF5D4
:1047E000DAEDDAEDFAF5FAF5FAF5FAF5FAF5FAF5A1
:1047F000FAF5FAF5FAF5DAED1BF61BFEDAF5DAED65
:10480000FAF5FAF51AF6FAF5FAF5FAF51AF61AF6CD
:10481000FAF5FAF5FAF5FAF5FAF5FAF5FAF5FAF520
:10482000DAF5FAF5DAF5DAEDDAEDB9EDB9E5B9E58B
:10483000B9E5D9ED1AF67CFE7CFE7CFE5BF67BF6D4
:104840007CF67CF67BF65BF65BF67BF67BF65AF63F
:104850003AF63AF6FAF5DAF5BAF59AF57AF55AED46
:1048600019E5F8E419DDD7D455C4F3BB92B330A3EE
:1048700070A333B436C5F9D519D6F9DDB9D517D536
:1048800038DD59EDDBFD3DFE1CFE1CFE3CFE7DFED1
:104890009DFEDEFE9DFE5CEE7CFE7DFE3BF6BAF5E7
:1048A00039E539ED97DC16CC37D4B5BB35B314B345
:1048B000F4B2F5B293AA32A2F19931A272AA92AAE5
:1048C000B1A2B5BBD8DC1DFE5DFE1CF61BF63BFE9F
:1048D0003CFE1BFE9AED18E5B8E457DCF6D3B5CBE9
:1048E00054CB34CB13C395CB33B352B319E5DBF5BB
:1048F0003CF67DFEFEFE3EFF7EFF9EFFDFFFFFFFDC
:10490000BFFF3EFF79E5D3BB72B396D4FBF59CFEA7
:10491000FDFE3DFF7DFF9EF7DEFFDFFFBFFF9FFF38
:104920009FFF3EFF5AE63AE6DCF61DF73DFF7EFFAD
:104930009EFFBEFFBFFFBFFFBFFF9FFF7EFF3EFF8B
:104940009CFE57DD57DD98E598E598DDD9E53AEE10
:104950003AEE5AEE5BF67BF67BFE7CFE9CFE9CFEFE
:104960009BF69BF69CF6BCFEBCFEBCFEBCFEDCFED1
:10497000DCFEDCFEDCFEDCFEDCFEDCFEDCFEDCFE67
:10498000369C169C159C159C36AC57B4B8C4D9CC33
:10499000F9D419DD39DD18DD39DD79E5DAED1BFEF5
:1049A0003CFE5BFE5BFE3BF61BF61BF61BF63BFE7E
:1049B0003BFE3BFE1BF61BF61BF61BF61BF61AF620
:1049C0001BF61BF61BF61BF6FAF5FAF5FAF5FAF5E7
:1049D000FAF5FAF5FAF5DAF51BF63BFEFAF5DAED3B
:1049E000FAF5FAF5FAF5FAF5FAF5FAF5FAF5FAF54F
:1049F000FAF5FAF5FAF5FAF5DAF5DAF5DAF5DAF5BF
:104A0000DAF5DAF5DAEDD9EDB9E5D9E5DAED1AEE50
:104A10001AF63BF67CFE9CFE7CFE7BF67BF69CFE4B
:104A20007CFE7CFE5BF63BF63BF63BF63BF61AF66D
:104A3000DAF5B9ED79ED18E5F8E4F8E4B7DC97DCE0
:104A400076CC35C435BC55BC55BC75C4B6CCF7D492
:104A500078DDFAEDBCF61DF7DCF6BCEEBDF6BDFE6A
:104A60003CF63CFE5DFE5DFE3CFE1CFE1CFE3CFE7C
:104A70007DFE5CF65CF69DFE7DFEFBF59AF5BAF5D3
:104A80007AF57AF5F9EC97DC98DC17CCF7CB76BBA6
:104A900055BB56BB15BBB3AA31A210A231A291AA35
:104AA00033B3B8DC9BED5DFE7DFE7CF67CFE7CFEC8
:104AB0005CFE3BFEFAF59AED39E5B7DC36D4D5D38A
:104AC00074CB54CB53C394CB94C393BB36CC39ED46
:104AD000DBF55CFEBDFEFDFE5EFF9EFFBEF7DFFF69
:104AE000BFFF7FFF7CFE54C4B3BB34C4BAF57CFE69
:104AF000BDFEFDFE7EFF9EFFBEFFBFFFBEFFBFFFF0
:104B0000BFFF7EFF7AE6F9DDBBF6FCFE3DFF5DF7F9
:104B10007EFFBEFFBFFFBFFF9FFF7EFF5EFF3EFF2A
:104B2000BCFED9E5D9EDFAF5D9EDB9E5FAED3AF6DD
:104B30007BF69CF69CFE9CFE7CFE7BFE7BFE9CFE38
:104B4000BCFEBCFEBCFEBCFEBCF6BCF6BCFEDDFE84
:104B5000DCFEDCFEDCFEBCF6BCF6BCF6DCFEDCFEFD
:104B6000159CF59BF59B36AC97BCD8CCF9D439E5B0
:104B70003AE55AE539E538DD9AED1BF65CFE5CFE58
:104B80003BF63BF63BF63BF63BF61BF61BF61BF6FD
:104B90001BF61BF63BFE3BFE3BFE3BFE1BF61BF6ED
:104BA0001BF61BF61BF61BF61BF6FAF5FAF5FAF5E3
:104BB000FAF5FAF5FAF5FAF51BF61BFEFAF5DAF551
:104BC000FAF5FAF5FAF5FAF5FAF5FAF5FAF5FAF56D
:104BD000FAF5FAF5FAF5DAF5DAF5DAEDB9EDB9ED57
:104BE000B9EDB9EDB9EDB9EDD9E5FAED1AEE5BF62F
:104BF0007BFE7BFE7CFE7CFE7CFE5CFE5CFE5CFE47
:104C00005CFE5CFE3BF6FBF5FAF5DAF5DAF5DAF573
:104C10009AF539EDF8E4B7DC97DC56D4D4C3D4C3A5
:104C2000F4C314BC96C479DD1BEE9DFE7CFE5CFED5
:104C30009CFEBCFEFDFEFDFEDCF6DDF6FDF6DDFEB7
:104C40009CFE7CFE3CF61BF6DAEDBAEDBAEDFAED11
:104C5000BAE5BAE5DAEDFBF59AED59ED18ED39F55F
:104C6000F8ECF8ECB7E477DC57D4F6CB17CCD6C326
:104C700075BB76BB54BB14B392AA309AEF9970A25D
:104C800073B35AE5DBF55CF6BDFEDDFEBCF67BF6E4
:104C90009CFE7CFE5BFE1BF6BAF538E5B7E436DC1D
:104CA000D5D3B4D394CB94C3D5CBD5CBD4C3B7DCB5
:104CB00039EDFBF57DFEDDFE3EFF7EF79EF7BEF78C
:104CC000DFFF9FFF1FFF79DD55CCD3BBF7DC1BFE59
:104CD0009CFEDCFE3DFF7EFF9EFFBFFF9EFFBFFFF1
:104CE000BFFF9FFFBBEEF9DD9BEEDCF63DFF5DFFF6
:104CF0007EFF9EFFBEFFBFFF9FFF9FFF7FFF5EFF08
:104D00001DFFFAEDD9ED1AF65BFE7CFE9CFE7BFEE4
:104D10009CFEBCFE9CFE9CFE7BF65BF65BF69BF667
:104D2000BCFEDCFEDCFEBCFEBCF6BCF6BCF6BCFE8B
:104D3000BCFEBCFEBCFEBCFEBCFEDCFEDCFEDCFE43
:104D4000F5A3D4A3F4A356BCF9D43AE55AE539E562
:104D500059ED59ED39E579E5DAF57CFE9CFE7CFEEE
:104D60001BF61AF61AF61AF61AF61AF61BF61BF6C0
:104D70001BF61BF61BF61BF61BF61BF61BF61AF6AC
:104D8000FAF51BF61BFE1BFE1BFE1BF61BF6FAF5C7
:104D90001BF6FAF5FAF5FAF51BF61BFEFAF5FAF52D
:104DA000FAF5DAF5FAF5FAF51AF6FAF5FAF5FAF58A
:104DB000DAF5DAF5DAF5DAEDDAEDB9EDB9EDB9ED06
:104DC00078E599E5D9EDFAEDFAED3BF67BFE9CFE30
:104DD0007CFE7BF65BF65BFE7CFE5CFE3BFE1BF620
:104DE0001BF6FBF5FBF5DBF5BAF57AED59ED19E5A8
:104DF000B8DC56D415CCD4C3B4C352B332B3D3BB8E
:104E0000D7D499ED5CF69DFEBDFEDDFEDDFEDDFE38
:104E1000BCFEFDFEFDFEFDFEFDF6FDF6DCEEBCEE8D
:104E20009CF65BEE1AEED9E599DD78DD78DD78DD6C
:104E300099DD58DD58DD79ED18E5D7E496E4D7EC37
:104E4000D7ECD8EC56DCF5CBD5CBB4BBB5BBB5BBFA
:104E5000B5BB95BB33B313B3D2AA70A2EE9170A2C7
:104E600036CCFBF55CFE9DFE1EFF3EFF1DFFFCFEEB
:104E7000BCF6BCFE7BF65BFEFBF59AF519EDB7E4DC
:104E800036DC15D415D415D416D416D415CC36D496
:104E900097DC59ED1CF6BDFEFDFE3EF79EF7BEF712
:104EA000FFFFBFFF7FFFDDFE38DDF3C334CC99F594
:104EB0003BFE9CFEFDFE3DFF9EFFDFFFBFFFBFFFF1
:104EC0009FFFBFFF1DF739DE7AEEDCF61DFF7EFF88
:104ED0009EFF9EFF9EFF9EFFBFFFBFFF9FFF7EFFC7
:104EE0001DFF3AEE1AF65BFE7CFE9CFEBCFEBCFE8D
:104EF000BCFEBCFEBCFE9CFE7BF67BF67BF69CF605
:104F0000BCFEDDFEFDFEFDFEDCFEBCF69BF67BF688
:104F10009BF69CF6BCFEDCFEDCFEDDFEDCFEBCFE91
:104F2000B4AB15B497C4D8D4F9DC39E55AED7AEDB1
:104F300059ED38E558E5B9ED1BF65BFE7CF65BF6FE
:104F40003BF6FAEDFAED1AF6FAEDFAF51AF61AF65C
:104F50001BF6FAF51BF61BF61AF61BF61BF6FAF50E
:104F60001BF61BFE3BFE3BFE3BFE1BFE1BFE1BF629
:104F70001BFEFAF51BF61BF6FAF51BF6FAF5FAF529
:104F8000DAF5DAF5DAF5FAF51AF6FAF5FAF5FAF5E8
:104F9000DAF5DAF5DAEDD9EDB9EDB9EDB9EDB9ED4E
:104FA00099E5B9EDDAED1AF61AF65BF69CFE9CFE71
:104FB0007BFE5BF63BF65BFE5CFE3CFEFBFDBAF562
:104FC0009AED9AED9AF55AED19EDD8E477DC16D4FE
:104FD000F6CBB4C353BB12AB32B373B355CC59ED5C
:104FE0001BFE7CFE9DFE9CF69CF6DDFEFDFEDDFEBE
:104FF000FDFE1DFF3DFF3EFF5EFF5EFF5EFF5EFFAD
:105000003EFFFDFEFDFEDDFEBCFE7CF63BEEFAED56
:1050100098DD57D517D5F7D495D455D434D435DC8D
:1050200035DC15DCB3CB52BB53BB73BB73BB94BB3A
:1050300094BB95BB33B333B312AB90A2EE89909A75
:10504000F7DC3CFE9DFEDDFE1EFF3DFF1DFF1CF755
:10505000FCF6BCF69BF67BF63BF6DAF579F5F8EC58
:1050600097E476DC97E497E476DC57DC56DC36D4BC
:1050700056D4F8E4BAED9DFEDDFE1DF79EFFBFFF9E
:10508000DFF7FFFFBFFF5FFF3BF6B6D434CCD6E4BB
:1050900099ED5BF6DCF61DF79EFFBFFFBFFFBEFF7D
:1050A0009EFFBFFF5EFF7AE67AE6DCF61DFF7EFF1D
:1050B0009EFF9EFF7EFF9EFFBFFFBFFF9FFF7EFF05
:1050C0001DFF5AEE5BF67BFE9CFEBCFEBCFE9CF612
:1050D000DCFEBCF6BCF6BCF69CF69BF69BF69CF69A
:1050E000DCFEDDFEFDFEFDFEDDFEBCFE9CF67BF67D
:1050F0009BF69CF6BCFEBCFEDCFEDCFEDCFEBCFED1
:10510000B4B376CCF9DCF9E4F8DC19E55AED7AF5BC
:1051100099ED58E599EDFAF53BF63BF65BF65BF653
:105120003BF6FAEDFAED1AF61AF61AF61AF61AF630
:105130001BF6FAF51BF63BFE1BF61BF63BFE1BF6B9
:105140001BFE3BFE3BFE3BFE3BFE1BFE1BF61BF627
:105150001BF6FAF51BF61BF6FAF5FAF5FAF5FAF571
:10516000DAF5DAF5DAF5FAF51AF6FAF5FAF5DAF526
:10517000DAF5DAF5DAEDD9EDB9EDB9ED99ED99EDAC
:10518000DAEDDAEDFAF5FAF5FAED1AF65BFE5BF612
:105190005BF65BFE5BFE3BFE3CFE1CFEDBFD9AF518
:1051A0007AED59ED19E5B8E477DC16D4B5C354BBF4
:1051B00033BB12B3F1AAF1A2B3BB96D4BAF57DFE0C
:1051C0009DFEDEFE9DFE7CF65BEEBDFEFDFE3EFF1F
:1051D0003EFF5EFF5EFF7EFF7FFF5EFF5EFF5EFFC6
:1051E0005EFF3DFF3EFF3EFFFDFEFDFEFDFEDDFEE0
:1051F000BDFE7CF63BF6FAF579EDB6D434CC14CC92
:10520000B3CB93C372C311B3B0AAD0A2D1A2D0A220
:10521000D1A232ABD1A2F1AAF1AAB0A22E92F1A2F0
:105220009AED5CFE9CF6DDFE1DF75EFF5DFF1CF750
:105230001DFFFCF6BCF6BCFE5BF61BF6DAF559ED7D
:1052400018EDD7E4F8E4B7E497DC77E456DC76DCD5
:1052500077DCD7E479ED7CFEBDFE1DFF7FFFDFFF2D
:10526000BFF7DFF7DFFF5FFFDDFE38E575D434CC35
:10527000D6DCFAF59CF6FDFE5EFF7EFF9EFFBEFFCC
:10528000BFFFBFFF7EFF9BE67AE6FCF61DFF5EFFD9
:105290007EFF7EFF9EFFBEFFBFFFBFFFBFFF9FFFE2
:1052A0003DFF5AEE5AEE5BF69CFE9CFEBCFEBCF641
:1052B000BCF6BCF6BCF6DCF6BCF6BCF6BCF6BCF63E
:1052C000DCFEDDFEDDFEDDFEDCFEDCFEBCFEBCFE4B
:1052D000BCFEBCFEBCFEBCFEBCFEBCFEBCFEBCFEFE
:1052E000F4BBB7D43AED39ED19E559ED7AED79ED26
:1052F00079ED99EDB9ED1AF63BF61AF61AEE3AEE9B
:105300001AF6FAEDFAED1AF6FAF51AF61AF61AF690
:105310001BF61AF63BFE3BFE1BF63BFE3BFE3BFE3E
:105320003BFE3BFE1BFE3BFE3BFE1BF61BF61BF64D
:105330001BF6FAF5FAF51BF61BF6FAF5FAF5FAF58F
:10534000DAF5DAF5DAF5DAF5FAF5FAF5DAF5DAF5A5
:10535000DAEDDAEDDAEDDAEDB9ED99ED99E599ED01
:10536000D9ED1AF63BF61AF6FAF51BF65BF65BFE7C
:105370005BFE3BF63BFE1BFE1CFEFCFDBBFD7AF517
:105380003AED19E598DC36D4F6CB53BB13BB13BB0F
:1053900012B3D1AAD1AA52B356CC59E57DFEBEFEB6
:1053A000BDFEBDFEBDFE7CFE1AEE5BEEFDFE3EFFC9
:1053B0003DFF5DFF7EFF7EFF7EFF5EFF5EFF5EF7CF
:1053C0005EFF5DFF3EFF3EFF3DFF1DFF3EFF5EFFB8
:1053D0005EFF1EFFFDFEBDFE3BF678E5F6DCB6D4B3
:1053E00035D414D4B3C372BB31B311ABF1AAF1AA53
:1053F000F1AA53B332B312AB32B311AB4E9231AB0D
:10540000DAF57CFEBDFEDDF61DF73DF73DF73DF715
:105410001DF7FCF6DCF6BCF67CFE3BF6DAF5B9F5DA
:1054200058ED58ED38E5F8E4D8E4D7E4B7E497E46C
:1054300097DC97DC18E53CFE9DFEFDFE7FFFDFFF5D
:10544000BFF7BFF7FFFF9FFF3EFFDAED95D4F3C331
:1054500074CC99E59CFEFDFE3DFF7EFFBFFF9EFFE5
:10546000DFFFDFFF9EFFDCEE9BEEDCF61DFF3EFF65
:105470005EFF7EFF9EFFBEFFBFFFBFFFBFFF7EFF41
:105480003DFF5AE65AEE7BF69CFE9CFEBCFEBCF647
:10549000BCF6BCF6BCF6BCF6BCF6BCF6BCF6BCF67C
:1054A000DCFEDCFEDCFEDDFEDCFEDCFEDCFEDCFE2B
:1054B000BCFEDCFEBCFEBCFEBCFEBCFE9CF6BCFE24
:1054C00076D4D7DC39ED5AED7AF59AED7AED79E5B7
:1054D00079E599E5DAED3BF63BF61AF6FAEDFAEDE9
:1054E0001AF6FAEDFAEDFAEDFAF5FAF5FAF51AF61A
:1054F0001BF61AF61BF61BF61BF63BFE3BFE3BFEAD
:105500003BFE3BFE1BFE1BFE1BFEFAF5FAF5FAF511
:10551000FAF5FAF5FAF5FAF5FAF5FAF5FAF5FAF513
:10552000DAF5DAF5DAF5DAF5DAF5DAF5DAF5DAF503
:10553000DAF5DAF5DAEDDAEDB9ED99ED99EDB9EDE7
:105540001AF63BF63BF6FAF5FAEDFAF53BF63BF6C2
:105550003BFE3BF61BFEFBFDDBFDBBFD5AF519EDEB
:10556000D8E457DC16D474C312B3D2B2F2B2D2B2BA
:10557000F2B2F1AA93BBB7D4DBF57CFEDEFEDDFE12
:105580007CF69CFE9DFE7CFEDAEDFAEDBCFEDCF6C0
:10559000FDF61DF73DFF5DFF5EFF3DFF5EFF5EFF19
:1055A0007EFF7EFF5EFF5EFF5EFF5EFF5EFF5EFFD3
:1055B0003EFF1EFFFDFEDDFEBDFE7CFE5CFE5CFED2
:1055C000BAF579F539EDF8DCB7DC96D476D456D453
:1055D00077D497DC97DC56D435CC15CC52B3F4BBDA
:1055E000DAF57CFEBDFEFDF61DF73DF75DF73DF7F4
:1055F0003DFF1DF7DCF6BCF69CF65BF61BF6DAF514
:10560000B9ED99ED79ED58ED39ED39ED19EDF8EC8D
:10561000D7E496DC96D4FBF57CFEDDFE3EFFBFFFB3
:105620009FF7DFFFDFF79FFF7FFF7CF6D6DC13C419
:1056300033C417DD3BF6DDFE1DFF5EFF9EFF9EFFC0
:10564000DFFFDFFFBFFF1DF7BBEEDCF6FDFE3DFF1A
:105650005EFF7EFF9EFFBFFFDFFFDFFFBFFF7EFF1E
:105660003EFF5AE65AEE7BF69CFE9CFEBCFEBCF664
:10567000BCF6BCF6BCF6DCF6DCF6DCF6DCF6BCF61A
:10568000DCF6DCFEDCFEDCFEDCFEDCFEDCFEDCFE52
:10569000DCFEDCFEBCFEBCFEBCFE9CF69CF6BCFE4A
:1056A00018E518E559EDBAF5BBF59AED79E599E5F8
:1056B00099EDBAEDFBF53BFE3BFEFAF5DAF5DAF5CE
:1056C000FAF5FAF5FAF5FAF5FAF5FAF5FAF51BF640
:1056D0001AF61BF61AF61AF61BF61BF63BFE5BFED5
:1056E0005BFE5CFE3BFE1BF61BF61AF61AF6FAF59D
:1056F000FAF5FAF5FAF5FAF5FAF5FAF5DAF5DAF572
:10570000DAF5DAF5BAEDB9EDB9EDBAEDBAEDBAED13
:10571000B9EDBAEDDAEDDAEDB9ED99EDB9EDD9ED16
:105720003BF63BF63BF63BF61BF61BF61BF61BF671
:10573000FBF5FBF5BAED79ED39ED19E5B7E436DCAB
:10574000B5CB54C333BBF2B2D2B2F2B213BB12B375
:1057500053B315C459E53CFEBDFE9DFEBDFEBCFE27
:105760005BF67CFE3BFEDAF558E5B9E59CFEBCF63F
:10577000FCF61CEF3DF75DF73DFF3DF75EFF7EFF5A
:10578000BFFF9EFF9EFF9EFF7EFF5EFF5DFF3DFF12
:105790003EFF3DFF1DFFFDF6DDFEFDFEDDFEDDFEF5
:1057A000DEFEBEFE9DFE7DFE5CFE3CFE3CFE1CFE63
:1057B0001CFEFCFD1CFEBBFD9AF579EDB7DCF7DCA9
:1057C0001BF69CFEDDFEFDFE1DF73DF73DF73DF7A8
:1057D0003EFF1DFFFCF6BCF69CF67BF63BF61AF688
:1057E000FAF5DAF5B9EDBAEDDAF5DBFDBAFD9AF5C1
:1057F00039ED96DC14C458E53BF6DEFE1EFF5EFF75
:105800009FFFDFFFBFF7BFFF9FFF1EFF78E595CC2F
:1058100054C4B6D4FAF5BDFEFDFE5EFF7EFF9EFFCA
:10582000DFFFDFFFBFFF7EFFDCEEFCF6FCFE1DFFAF
:105830003DFF7EFFBFFFBFFFDFFFDFFF9FFF7EFF5C
:105840003DFF5AE63AEE5BF67CFE7CFE9CFE9CFE3B
:10585000BCF6BCF6BCF6DCF6DCFEDCFEDCF6DCF608
:10586000DCF6DCF6BCF6BCF6BCFEDCFEDCFEDDFEE7
:10587000DCFEDCFEBCFEBCFE9CF69BF69BF6BCFE92
:1058800039E559ED7AEDBAF59AED79E579E5BAEDB4
:10589000FBED1BF61BF61BFEFBF5FAF5DAF5DAF568
:1058A000FAF5FAF5FAF5FAF51AF6FAF5FAF51BF63D
:1058B0001AF61BF6FAF5FAF51AF61AF61BF65BFE5F
:1058C0005BFE5CFE3BFE1BF61BF6FAF5FAF5FAF5FD
:1058D000FAF5FAF5FAF5FAF5FAF5FAF5DAF5DAF590
:1058E000DAF5BAEDB9EDB9EDB9EDB9EDB9EDBAED5D
:1058F000B9EDDAF5DAF5FAF5DAF5DAEDFAF51AF6E0
:105900003BF63BF63BF63CFE1BFEDBF5BAED9AEDB3
:1059100079E579E519E5B7D456CCF5CB73BBD1B2AF
:1059200090AA91B2B1B2D2BA33C373C394C315CCA7
:1059300097D49AED9EFEFEFEBDFE7BEE9BEE7BEEC7
:105940001AEEFAF579EDD7DC95D458DD9CFEDCF63D
:10595000FDF61CF73DF75DFF5EFF5DFF7EFF9EFFDE
:105960009EFF7EFF5DF75DF73DF73CF7FCF6FCEE32
:10597000DCEEFCF61DF71DFF1EFF3EFF1EFFFDFEC9
:105980001EFF1EFFFEFEDDFEBDFE9DFE9DFE7DFE9A
:105990005CFE3CFE3CFE1BFE1BFEFBF559E599ED53
:1059A0003BF6BDFEFDFEFDFE1DF73DF73DFF5DFF35
:1059B0005EFF3DFF1DFFFCF6BCF69CF65BF63BF67A
:1059C0001AF61AF61BF63BF63BFE3CFE1BFEDBFD11
:1059D00079EDF7DC54CCF7D4B9E57CFEFDFE3EFF53
:1059E0007FFFBFFF9EF7BFFFBFFF7FFF3BEE37DDAF
:1059F00095CC75CC99ED9CFEFDFE5EFF7EFF9EFF73
:105A0000DFFFDFFFBFFF9EFFFCEEFCF6FCF6FDFEB6
:105A10003DFF7EFFBFFFDFFFDFFFBFFF9EFF7EFF7B
:105A20001DFF3AE63AF65BFE7BFE5BFE7CFE9CFECB
:105A3000BCFEBCFEBCFEDCFEFDFEFDFEDDFEDCFEB3
:105A4000BCF6BCF6BCF6BCF6BCF6BCFEDDFEDDFE6C
:105A5000DDFEDCFEBCFEBCFE9CF67BF69BF6DCFEAF
:105A600038E579EDBAED99ED58DD38DD99E5FAEDD7
:105A70001BF63BF61BF6FAF5DAF5FBF5FBFDDAF55E
:105A8000DAF5DAF5DAF5FAF5FAF5FAF5FAF51BF6DC
:105A90001BF61BF6D9EDD9EDFAEDFAED1BF63BFE40
:105AA0003BFE5BFE3BF61BF61BF6FAF5FAF5FAF544
:105AB000DAEDDAEDDAF5DAF5DAF5DAF5DAF5DAF57E
:105AC000BAF5BAF599ED99ED99ED99EDBAEDBAF50A
:105AD000BAEDBAEDDAEDDAEDDAEDFAF51BF63CFEE9
:105AE0003BFE1BF61BF61BFEFBFDBAF559ED19E557
:105AF000F8DCB7DC56CCB4BB52B312B3D1AA70AA4F
:105B00002FAAB1BA13C353C394CBF5CB97D45AED94
:105B1000FBF57DFEDEFEBDFE9CFEBCF67BEE1AE6CE
:105B200078E558E5B6D414CCF3C3F7DC7CFEDDFE93
:105B30001DF71DF75DFF7EFF7EFF7EFF7EFF9EFF50
:105B40009EFF9EFF7EFF7DFF5DFF5DFF3DFF3DFFF2
:105B50005EFF7EFF3DFFFCF6DCF61DFF3EFF3EFFD5
:105B60003EF73EF73EF71EF71EF7FDF6DDF6DDFECB
:105B7000DDFEBDFE7CFE5CF65CFEFAED58DDB9E5AF
:105B80003BF6BCFEDDFEFDFE1DFF3DFF5EFF5EFF42
:105B90005EFF5EFF3EFF1DFFDDF6BCF67BF65BF6AB
:105BA0003BF65BF67CF69CFE9CFE7CFE3BFE1BFE01
:105BB000DAF578EDB6D495CC37DD3BF6DDFEFDFEAB
:105BC0005EFF7EFFBFFFDFFFBFFF9FFFDDFEB9E58A
:105BD000D6D454C417DD3BFEDDFE5EFF7EFF9EFF84
:105BE000DFFFDFFF9EFFBFFF1DF7FCF6DCF6FDFECB
:105BF0003DFF7EFFBFFFDFFFDFFFBFFF9EFF7EFF9A
:105C00001DFF3AEE3AF65BFE5BFE5BFE7CFE9CFE01
:105C10009CFEBCFEBCFEDDFEDDFEFDFEFDFEFDFECF
:105C2000BCF6BCF69BF69BF6BCF6BCFEDCFEDCFECE
:105C3000DCFEBCFEBCFEBCFEBCF69BF69CF6DDFEAC
:105C400058E579ED99ED58E518DD58DDBAEDFBED35
:105C50001BF61BF6FBF5DAF5DAF5FBFD1BFEFBF593
:105C6000DAF5DAEDFAF5FAF5FAF5FAF51BF61BF6C0
:105C70001BF61AF6B9EDD9EDDAEDDAED1BF63BF6C7
:105C80003BF65BFE3BF61BF61BF61AF6FAF5FAF549
:105C9000FAF5DAEDDAEDDAF5DAF5DAF5DAF5DAF57C
:105CA000BAF5BAF599ED99ED79ED99ED99EDBAED71
:105CB000BAEDDAF5DAF5FAF5FBF51BF61BFE3CFE5C
:105CC0001BFE1BF6FBFDDBFDBBFD39EDB8E477D415
:105CD00077D415CC93BB12ABB1AAB0AAB1B2B1B212
:105CE000F2C233CBB5D3D5CBF4CBF8E4DBF57DFEF4
:105CF000BDFEBDFE9DFE9CF67CF65BF6B9E558DD6B
:105D0000B6D475CCD3C372BB92BBD6DC5CF6DDFED9
:105D1000FCF61DF73DFF5DFF5EFF7EFF7EFF7EFF11
:105D20007DFF7EFF7EFF7DFF5DFF5DFF5DFF3DFF31
:105D30001DF73DFF5EFF3DFF1DF73EFF3DFF1DF7D9
:105D4000FDEEFDEE1DEF1DF71DF71DF71DF7FDF62E
:105D5000FDFEFDFEBCFE9CFE9CFED9E516D5B9E518
:105D60005BF6BDFEFDFEFDFE1DFF1DFF3DFF3EFF80
:105D70003EFF3EFF3EFF3DFFFDF6DCF6BCF69CF627
:105D80007BF69CF6BDFEDDFEBDFE7CFE3BF61BF603
:105D90001BFEDAF558E595CCD6D4B9ED9CFEDDFEB8
:105DA0001EFF5EFFDFFFFFFFDFFFDFFF5EFF1AE684
:105DB00038DD75CCD6DCDAF5BDFE5EFF7EFF7EFFFA
:105DC000DFFFBEFF9EF7BFFF3DF7FCF6DCF61DFFD1
:105DD0003EFF7EFF9FFFDFFFDFFFBFFF9EFF7EFFD7
:105DE0001DFF1AE61AEE3BF65BFE3BFE5BFE7CFEF9
:105DF0009CFEBCFEDCFEDDFEDDFEFDFEFDFEFDFECE
:105E0000DCF6BCF6BCF6BCF6BCF6BCFEDCFEDCFE8A
:105E1000DCFEBCFEBCFEBCFEBCF69CF6BCF6DDFEA9
:105E200079ED99ED79E558E558DD79E5DAEDFAF5A2
:105E3000FAF5FBF5FAF5FAF5FBF51BF61BFEFBF59B
:105E4000FBF5DAEDFBF51BFEFBF51BF63BFE1BFE3F
:105E50001BF61AF6B9E5D9EDDAEDDAED1BF61BF60D
:105E60003BF65BFE3BF61BF63BF61BF61BF6FAF524
:105E7000FAF5DAEDDAEDFAF5FAF5DAF5DAF5DAF55A
:105E8000BAF5BAF5BAED99ED99ED99ED99EDBAED4E
:105E9000DAF5FBF51BFE3BFE3BFE3BFE3BF63BFE15
:105EA0001BFEFBFDBAF559EDD8E436D4B4C353BBA1
:105EB000F1AAD1AAD1AA12B313BB12BB13C333CB1D
:105EC00094CBB4CB15D435CC96D4DAF57CFEDDFE7C
:105ED000DDFEBDFE9CFE5CFEDAED58E595D495D462
:105EE00054CCF3C3B3C393C3D3C317E51BF69CF6DB
:105EF000DCF61DF73DFF5DFF5DFF7EFF7EFF7EFF51
:105F00007DF77DFF7DFF5DFF5DFF5DFF3DFF3DFF99
:105F10001DFF3DFF3DFF3DFF3DFF3DFF1DF7FDF632
:105F2000FDF61DF71DF71DF71DF7FCF6FCF6DCF678
:105F3000DCF6FDFEDDFEFDFEDDFE1AEE77DD1AEE7F
:105F40007BF6DDFEFDFEFDFE1DF71DF71DFF1DFFAF
:105F50001DFF1DFF1DFF1DF7FDF6FCF6DCF6BCF670
:105F6000BCF6DDFEDDFEFDFEDDFE9CF67BF65BF69F
:105F70001AF61AFE1AF658E595CCD6CCDAEDDDFE07
:105F8000FDFE5EFFBFFFDFFFFFFFDFFF9FFFDCF6D1
:105F90001BEE17DDB6D458E57CFE3DFF5EFF7DF7B6
:105FA000BFFFBEF79EF7DFFF7EFFFCF6FCF61DFF8E
:105FB0003EFF5EFF7EFFBFFFDFFFBFFF7EFF7EFF76
:105FC0001DFFF9DDD9E51AF63BFE3BFE5BFE7BFECD
:105FD0009CFEBCFEDCFEDDFEDDFEDCFEDCFEFDFE2E
:105FE000DCF6DCF6BCF6BCF6BCF6DCFEBCFEBCFEA9
:105FF000BCFEDCFEBCFEBCFEBCF6BCF6BCF6DCFEA9
:10600000B9ED79E558E558E578E599EDDAEDFBF578
:10601000FAF5DAEDDAEDFAF5FBF5FBF5FBF5FBF554
:10602000FBF5DAEDFBF51BFEFBF51BF63CFE1BFE5C
:106030001BF6FAF5B9EDDAEDDAEDDAED3BF61AF624
:106040001AF63BF61BF61BF63BF61BF61BF6FAF5AB
:10605000FAF5B9EDB9EDFAF5FAF5DAF5DAF5DAF5BA
:10606000BAF5BAF5BAEDB9ED99ED99EDBAEDDAED0B
:10607000DAEDFBF53BFE3BFE1BFE1BF61BF6FBFDC4
:10608000DBFD9AFD39ED97DCF5D394C332BBF2B258
:10609000D2B2D2AA13BB54C374CB54CB54CB94D337
:1060A000D5D335D476D4B7D479E57CFE9CF6DDFE25
:1060B000DDFEBDFE7CFE1BF678EDD6DC14CC14CCE8
:1060C00055D435D476DC76DC96DC79ED3BF69CF65F
:1060D000DCF63DFF5EFF5DFF5DFF7EFF9EFF7EFF06
:1060E0007DFF7DFF7DFF5DFF5DFF5DFF5DFF3DFF90
:1060F0003DFF3DFF3DFF3DFF3DFF3DFF3DFF1DFFE0
:106100001DFF1DFF1DFF1DFFFDF6FCF6DCEEDCEEA6
:10611000DCF61DFF1DFF5EFFDCFE3AEE77DD1AEEBA
:106120007BF6DCFEFDFEFDF61DF71DF71DFF1DFFD6
:106130001DFF1DFF1DF7FDF6FDF61DF7FDF6FDF633
:10614000FDFEDDFEFDFEFDFEDDFEBCFE9BFE9BFEBC
:106150007BFE3BF63BF6DAEDD6D495CC58DD7CFEE3
:10616000FEFE1DFF3DF79EF7FFFFDFFFBFFF7FFF36
:10617000BDFE99E595D4F7DC1BF6DDFE3DFF7EFF05
:10618000BEFFBEF7BFFFDFFF9FFFFCF6FDF63EFF41
:106190003EFF3DF75EF7BFFFDFFFBFFF9FFF9FFFA3
:1061A0003DFFF9DDB8DDFAED3BFE3BFE5BFE7BFE1D
:1061B0009CFEBCFEDCFEDDFEDCFEDCFEDCFEDCFE6E
:1061C000DCF6DCF6DCFEDCFEDCFEDCFEBCFEBCFE4F
:1061D000BCFEDCFEBCFEBCFEBCF6BCF6BCF6BCF6EF
:1061E00099ED99ED79E578E579E5B9EDDAEDFBF52D
:1061F000FAF5BAEDB9EDDAEDBAEDDAEDDAF5DAF590
:10620000DAF5DAEDFAF51BF6FBF51BF63BFE3BFE85
:106210001BFEDAEDDAEDFAF5DAEDB9ED1BF6FBF57A
:10622000DAEDFBF5FAF51BF63BF61BF61BF6FAED7D
:10623000DAEDDAEDB9EDBAEDDAF5BAF599EDBAF5D0
:10624000DAF599EDDAF5DAF5DAEDFAED1BF61AEE94
:106250001AEE1AEEFAEDFAF5FAF5DAF5BAF5BAFD34
:106260007AFDF8EC76DCD4CB53BB12B332BB33BB34
:1062700053BB74BB94C3F6D3F6DBB5D3F6DBF5DBC7
:1062800036DCB7DCD7DC9AED7DFEBDFE9CF69CFECD
:106290009CFE7CFE3BFEB9ED17DDD7DCF7E4F8ECA5
:1062A00018ED19F519F5F8EC96DC17DD3BF69CF6C0
:1062B000FCF63DFF5EFF5EFF5EFF7EFF7EFF7EFF22
:1062C0007EFF5EFF5EFF5EFF5EFF5EFF5DFF5DFFC8
:1062D0003DFF3DFF3DFF3DFF3DFF3DFF3DFF3DFFDE
:1062E0003EFF3DFF1DFF1DFF1DF7FCF6FCF61CF7F2
:1062F0001DFF3EFF5EFF5EFF1DFF5AEE98D51AEEB2
:106300007BF6DCFEFDFEFDF61DF71DF71DF73DFFDC
:106310003DFF1DFF3DFF3DFF3DFF3DFF1DFF1DFFFD
:106320001DFFFDFEFDFEDCFEBCFEBCFEBCFE9CFEB9
:106330009CFE9CF67BF65BF6D9ED16D5F6D498ED6F
:106340007CFEFDFEFCF67EFFDFFFBFFF9FFF7EFFB2
:10635000FDFE3BF6F6DC95D457E57CFE3EFF7EFF66
:10636000BFFFBFFFBFFFDFFF9FFF3DF71DF73DFFF3
:106370003EFF3EFF5EFFBFFFBFFFDFFFBFFF7FFFB0
:10638000FDFEF9DDD9DD1AEEFAED5BFE5BFE7BFE6C
:106390009CFEBCFEDCFEDCFEDCFEDCF6DCF6DCF6A5
:1063A000DCFEDCFEDCFEDCF6BCF6BCF6BCF69CF6E5
:1063B0009CF6BCF6BCF6BCFEBCFEBCFEBCFEBCF64D
:1063C00099E599E599E599EDB9EDBAEDDAF5FAF5C2
:1063D000DAF5BAEDB9EDB9EDB9EDBAEDDAEDDAF518
:1063E000DAEDBAEDFAF51BF6FAF5FBF53BFE1BFE0E
:1063F0001BF6DAEDFAF51BF6FAF5BAEDFBF5DAED78
:10640000BAEDDAF5FAEDFBF51BF61BF61BF6FBF51C
:10641000DAEDDAEDB9EDB9EDDAF5BAF599EDBAF5EF
:10642000BAF599EDDAF5FAF5FAF51AF63BF63BF618
:106430003AEE1AEEDAEDDAEDDAF5BAF559ED18EDD5
:10644000D8EC76E4F5D394CB53C353C394C3B5CB04
:10645000D5CBD5CB37D437DC16DC37E437E457E47B
:1064600097DC96D479E57CFEDEFEDDFE9CFE7CFEAC
:106470005BFE3BFEDAF578E538E579ED9AF579FDD6
:106480009AFD9BFD7AFD38F5D7DC37DD3BF6BCF68F
:10649000FCF63DF75EFF7EFF5EFF7EFF7EFF7EFF28
:1064A0005EFF5EFF5EFF5EFF5EFF5EFF5DFF5DFF06
:1064B0005DFF5DFF5DFF5DFF3DFF3DFF3DFF3DFF7C
:1064C0005DFF3DFF3DFF1DFF1DFF1DFF1DFF1DFF6C
:1064D0003DFF5EFF5EFF5EFF1DFF5BEEB8DD3AEE47
:1064E0009BF6FDFE1DFF1DF71DF73DF73DFF3DFF30
:1064F0003DFF3DFF3EFF3EFF3EFF3DFF3DFF3DFFB9
:106500003DFF1DFFFDFEDCFEBCFEBCFEBCFEBCFE76
:10651000BCFEBCFEBCFEBCFE9CFEF9ED37DDF6D435
:1065200098E57BF6FDF69FFFBFFFBFFF9EFF3EFF96
:106530001DFF9CF698E5F6DCF6DCFAF5FDFE5EFF45
:106540009FFFBFFFBFFFBFFF9FFF5EFF1DF73DFF28
:106550003EFF5EFF7EFFBFFF9FFFDFFFBFFFBFFF6E
:10656000FDFE19E6F9E51AEEFAED3BF63BFE7BFE81
:106570009CFEBCFEDCFEFDFEFDFEDCF6DCF6DCF681
:10658000DCF6DCF6DCF6DCFEBCF6BCF69CF69BF634
:106590009CF69CF6BCFEBCF6BCFEDCFEBCFEBCF66B
:1065A00079E579E599EDBAEDDAEDDAEDDAF5DAEDDE
:1065B000BAEDBAEDB9ED99E599E599EDB9EDDAEDF8
:1065C000DAEDB9EDFAF51BF6FAF5FAF51BFE1BF656
:1065D0001BF6DAEDFAF51BF6FAF5BAEDFAF5BAEDB7
:1065E00099EDDAEDDAEDDAF5FAF5FAF5FBF5FAF50B
:1065F000DAEDDAEDB9EDB9EDDAF5BAEDB9EDDAF5D6
:10660000DAF5B9EDFAF5FAF51AF61AF63BF61AEEDE
:106610001AF6FAEDB9E5B9EDDAF599F518E596DC73
:1066200076DC35D4F4D3D4CBB4CBD5D336DC57DC3D
:1066300077E477E498E478E457DC98EC77E457E47F
:1066400056D496D4FBFDDEFEFEFEDDFE9CFE5BF620
:106650003BF6DAF578E537DD78EDFBFDFBFD9AFDDD
:106660009BFDBBFD7AFD59EDF7E458E55BF6DCFEDA
:10667000FDF63DFF7EFF7EFF5EFF5EFF7EFF7EFF3D
:106680005EFF5EFF5EFF5EFF5EFF5EFF5DFF5DFF24
:106690005DFF5DFF5DFF5DFF5DFF5DFF3DFF3DFF5A
:1066A0005DFF3DFF1DFF1DF7FDFE1DFF3DFF3DFF93
:1066B0003EFF7EFF7EFF5EFF3EFF7BEED8DD5BEEA2
:1066C000BCF6FDFE1DFF1DF71DF73DF73DFF3DFF2D
:1066D0003DFF3DFF5EFF5EFF5EFF3EFF3EFF3EFF74
:1066E0003EFF1DFFFDFEDCFEBCFEDCFEDCFEDDFE33
:1066F000FDFEFDFEDDFEBCFEDDFE9CFEB9EDF6D42A
:10670000F6CCB8DD5AEE3EFF9FFFDFFFBFFF5EFF16
:106710001DFFBCFE1AF658E5D5D498E5BCFE3EFF39
:106720005EFFBFFFBFFFBFFFBFFF9FFF5EFF1DF705
:106730001DFF5EFF7EFF9FFF9FFFBFFFBFFF9FFF0D
:10674000DCF63AE61AE63AF61AEE3BF65BFE7CFE1B
:106750009CFEBCFEDCFEFDFEDCF6DCF6DCF6DCFEC0
:10676000BCF6BCF6DCFEBCFEBCF69CF69CF69BF6CA
:106770009CF69CF69CFEBCFEBCFEDCFEBCFEBCFE99
:1067800078E579E5BAEDDAF5DAF5DAF5DAF5BAEDC4
:10679000B9EDDAEDBAED99E599E599E5B9EDFAF5D6
:1067A000FAF5B9EDDAED1BF6DAF5FAF51BFE1BF694
:1067B0001BF6DAEDDAEDFBF5DAF5DAEDDAF5DAED1E
:1067C000B9EDDAEDBAEDDAEDDAF5FAF5FAF5FAF552
:1067D000FAF5DAF5DAEDDAEDDAF5DAEDBAEDFBF540
:1067E000FAF5DAED1BF61AF61AF61AF6FAEDDAED04
:1067F000DAEDB9E578E599EDBAF579EDD7DC76D43F
:1068000076DC55DC35DC35DC35DC56E4B8E4D8EC38
:10681000D9ECF9F4B8EC98E477E497E477E435D46C
:1068200014CC59E59DFE9DFEBDFEDDFE9CFE3BF6B3
:10683000FAF599ED37E538E5BAF53BFEFBFD59F57C
:106840009AF57AF538ED18E517E558E57BF6DDFEA3
:106850001DF75DFF7EFF7EFF5DFF5EFF7EFF7EFF1B
:106860005EFF5EFF5EFF5EFF5EFF5EFF5DFF5DFF42
:106870005EFF5EFF5EFF5EFF5EFF5DFF3DFF3DFF73
:106880003DFF1DFFFCF6FCF6DCF61DF73DFF5EFF4D
:106890005EFF5EFF5EFF7EFF5EFF9BEED9DD9BF637
:1068A000DCFEFDFE1DFF1DF73DF73DF73DFF3EFF02
:1068B0003DFF3EFF5EFF5EFF3EFF3EFF3DFF3DFFB3
:1068C0003EFF1DFFFDFEDCFEDCFEDDFEFDFEFDFEEF
:1068D000FDFE1DFFDDFEBCF6BCFEBCFE3BF6B9E5D1
:1068E00037D536CD77CD5AE61DF79FFFBFFF5EFF48
:1068F0003DFFDDFE7CFED9EDF6D437DD3AF6DDFE58
:106900003EFF9FFFBFFFBFFFDFFFDFFF7EFF1DF7E3
:106910001DF75EFF7FFF7EFF7EFFBFFFBFFF7FFF94
:10692000BCF65AEE3AEE5BF61AEE3BF65BFE9CFEC8
:106930009CFEBCFEDCFEDCFEDCFEDCF6DCF6DCFEF7
:10694000BCF6BCFEBCFEBCF6BCF6BCFE9CF69CF6DF
:106950009CFE9CFE9CFE9CFE9CFEBCFEBCFEBCFE07
:1069600078E599EDBAEDFBF5FBF5FAF5DAF5B9ED59
:10697000BAEDDAF5DAF599ED99ED99EDBAED1BF688
:10698000FBF5BAEDDAEDFBF5DAF5FAF51BFE1BF6D1
:10699000FBF5DAEDDAEDDAF5DAEDDAEDDAEDDAF586
:1069A000BAEDDAEDB9EDBAEDDAF5FAF5FAF5DAF5B0
:1069B000DAF5DAF5DAEDDAEDDAF5DAEDFAF51BF615
:1069C0001BF61BF63BFEFAF5FAF5DAEDB9ED99E5A3
:1069D00099E599E578E579ED79ED38E5B7DC96D478
:1069E00096DC96E497E497E497E4B8ECF9F419F5AB
:1069F00019F519F5D8EC97E477DC36D415D415CC15
:106A0000D7DC3CFEDEFEBDFE9DFEBDFE5CFEFAED6B
:106A100099ED37E517DD78EDBAF5DAFD9AF538ED41
:106A2000BBFD9AF518E5F7E4F7DC78E57CFEDDFEC2
:106A30001DFF5DFF7EFF7EFF5DFF5DFF7EFF7EFF32
:106A40005EFF5EFF5EFF5EFF5EFF5EFF5EFF5DFF5F
:106A50005EFF5EFF5EFF5EFF5EFF5EFF5DFF5DFF50
:106A60001DFF1CF7DCF6BBEEDCF6FCF61DFF5EFF3F
:106A70005EFF3DFF3EFF7EFF5EFF9BEE19E6BCF62C
:106A80001DFF1DFF3DFF3DFF3DF73DFF5EFF3EFF4C
:106A90003EFF5EFF3EFF3EFF3EFF3DFF3DFF3DFFF1
:106AA0003DFF1DFF1DFFFDFEFDFEFDFEFDFEFDFE8B
:106AB000DCF6FDFEFDFEDCFEDDFEDDFE9CFE7BFE6B
:106AC0001AEE98DD56CDD8D57AE63DFF5EFF3DFF44
:106AD000FDF6FDFE9CFE3BF657E5F6D498E59CFEE0
:106AE0001DFF5EFF9FFFBFFFBFFFDFFF9EFF1CEF8D
:106AF000FCF65EFF7EFF5EFF5EFF7FFF9FFF5FFF96
:106B0000BCF67BEE7BF67BF63AF65BF65BF67BFE3D
:106B10009CFEBCFEDCFEFDFEDCFEDCF6DCFEDCFEEC
:106B2000BCFEBCFEBCFEBCFEBCFEBCFEBCFE9CFEB5
:106B30009CFE9CFE9CFE9CFE7BFE9CFE7CFE9CFEC6
:106B400058E599EDBAEDDAF5FBF5DAF5BAED99ED20
:106B5000BAEDBAEDBAED99ED99ED99EDDAF5FBF5EF
:106B6000FBF5DAEDDAEDFAF5DAF5DAF5FBF51BF619
:106B7000FBF5DAEDDAEDDAF5BAEDBAEDB9EDBAED2D
:106B8000B9EDDAED99EDB9EDDAF5DAF5FBF5DAF50F
:106B9000DAF5BAEDBAEDDAF5FAF5FAF5FBF51BF62A
:106BA0003BF63BF63BFEDAF5B9ED99ED78ED78E58D
:106BB00078E578E578ED58ED58E517E5D7DCD7DCD2
:106BC000F7E4F7EC18EDF8ECF8EC19F539FD19FDE0
:106BD00019FDB8ECB8E435D415D4B4C372B335C4D8
:106BE000DBF59DFEBEFEDEFE9CFE7CFE3BF6B9EDB7
:106BF00058E537E558E599ED99F579ED59ED59EDF9
:106C0000BBF57AED18E5B6D4B6D478E57CF6FDFE92
:106C10001DF73DFF5EFF7EFF5EFF5EFF7EFF7EFF96
:106C20007EFF5EFF5EFF5EFF5EFF5EFF5EFF5EFF5C
:106C30005EFF5EFF5EFF5EFF5EFF5DFF5DFF5DFF6F
:106C40001DF7FCF6DCEEBBEEBBF6FCF63DFF5EFF8F
:106C50005EFF3DF73DFF7FFF5EFFDCF65AEEDDFE97
:106C60001DFF1DFF1DFF3DF73DF73DF73DFF3DFFBC
:106C70003EFF3DFF3DFF3DFF3DFF3DFF3DFF1DFF53
:106C80001DFF1DFF1DFF1DFFFDFEFDFEFDFEFDFEA8
:106C90001DFFFDF6FCF6FDFE1DFFFDFEDDFEBCFE4C
:106CA0007BFE3AEEF9E5F9DD19DEBBEEFCF6DCEE33
:106CB000BBEEDCF6DDFEBCFED9ED16D557DD5BF68E
:106CC000FDFE3DFF7EFFDFFFDFFFDFFF9EFF3DF7A5
:106CD0001DF73DFF7EFF7EFF3EFF3EFF5EFF3EFF56
:106CE0009BEE7BF67BF69BF65BF65BF67BFE9CFEF3
:106CF000BCFEBCFEDCFEDCFEDCF6DCF6BCF6BCF664
:106D0000BCFEBCFEBCFEBCFEBCFEBCFEBCFEBCFEB3
:106D10009CFE9CFE9CFE7BFE7BF67BF67BF67BF668
:106D200058E599ED99ED99EDDAF5BAF599ED99ED0A
:106D3000BAED99ED79ED99ED99ED99EDBAF5DAF5B0
:106D4000FAF5DAF5BAEDDAF5DAF5DAF5DAF5FBF5B2
:106D5000FAF5BAEDBAEDDAF5BAEDBAED79E599EDF5
:106D600099EDBAED99ED99EDBAEDDAF5FBF5DAF5B5
:106D7000DAF5BAEDBAEDDAF5FAF5FBF51BF61BF626
:106D80003BF61BF61BF699ED99ED78ED58ED58EDB5
:106D900058ED58ED58E538E538E538E538E539ED92
:106DA00039ED59ED59F539F539F559FD3AFD19F532
:106DB000D8F476E415D4B4C393C331AB11A396D4FD
:106DC0007DFE9DFEBDFEDDFE9CFE5BF61BF6B9ED75
:106DD00099ED79ED99F599F599ED78ED59ED59ED34
:106DE00059ED18E5D7DC54CC75C498E59CFEDDFE62
:106DF000FDF63DFF5DFF5EFF5EFF7EFF7EFF7EFFD7
:106E00007EFF7EFF7EFF7EFF7EFF7EFF7EFF5EFFBA
:106E10005EFF5EFF5EFF5EFF5DFF5DFF5DFF5DFF8E
:106E20001DF7FCF6DCF6BBEEDCEEFCF63DFF5EFF8C
:106E30005EFF3DF75EFF7EFF3EFF1DFFBCF6FDFEE1
:106E40001DFFFDFE1DF71DF71DF71DF73DFF1DFF83
:106E50001DFF1DFF3DFF3DFF3DFF3DFF1DFF1DFFD2
:106E60003DFF3DFF1DFF1DFF1DFF1DFF1DFF1DFF02
:106E70001DFF1DF7FDF61DFF1DFFFDFEFDFEDDFEE6
:106E8000DDFEDDFEBCFEBCF69BEEDCF6FDF6FDF69F
:106E9000FCF61DFFFDFEFDFE5BFE98E537DDB8E567
:106EA0009CFE1DFF7EFF9FFFDFFFDFFFBFFF9FFFF9
:106EB0005EFFDCEEFDFE3EFF1DFFFDFEFDFEDCF68F
:106EC0007BEE7BF69BF69CFE7BF69CFEBCFEBCFE3E
:106ED000BCFEBCF6BCF6BCF6BCF6BCF69CF69BF65B
:106EE0009CF69CFE9CFE9CFE9CFE9CFE9CFE9CFEDA
:106EF0009CFE7CFE7BFE5BF65BF67BFE5BF65BF648
:106F000079EDBAF599ED79EDBAF599ED79EDBAF536
:106F1000BAF579ED79E599ED99EDBAEDBAF5BAF5ED
:106F2000DAF5DAF5BAEDDAF5DAF5BAEDBAEDFBF540
:106F3000DAF5BAEDBAEDDAF5BAEDBAED78E579E55C
:106F400079E599ED79E579E599EDBAF5DAF5DAF5CE
:106F5000FBF5DAF5DAEDFAF5FBF5FBF51BF61BF6BA
:106F60001BF61BF6FBF579ED58ED58ED38ED38EDD5
:106F700038ED38E518E518E538E559ED79ED9AF57D
:106F800059ED59ED59F559F559F55AF53AF5D8F441
:106F900098EC56DC93C393C372B3D0A231A318DD2F
:106FA0007DFEBDFEFEFEBCF69CF65BF61AF6DAF53B
:106FB00099F599F599F599F579ED99ED79ED38E52A
:106FC00039E5D7D4B6D434C475CCDAEDBCFEBCF602
:106FD000DCF61DF73DFF5EFF7EFF7EFF7EFF7EFF3E
:106FE0007EFF7EFF7EFF7EFF7EFF7EFF7EFF7EFFB9
:106FF0005EFF5EFF5EFF5EFF5DFF5DFF5DFF5DFFAD
:107000001DF7FCF6DCF6BBEEDCF6FCF63DFF5EFFA2
:107010005EFF3DF75EFF7EFF3DFF3EFFFDFE1DFF75
:107020001DFFFDFE1DF71DF71DF71DF71DFF1DFFC1
:107030001DFF1DFF3DFF3DFF3DFF3DFF3DFF3DFFB0
:107040003EFF3DFF1DFF1DFF1DFF1DFF1DFF1DFF1F
:107050001DF71DFF3DFF3DFFFDFEFDFEFDFEFDFE9C
:10706000DDFEBCFEDDFEFDFEDCFEFDFEFCF61DF7DA
:107070003DFF1DFFFDFE1DFFBDFE1AF658E537DD85
:107080003AF6FDFE3EFF7EFFBFFFDFFFBFFFDFFFE3
:107090005EFF39DEF9DD7BEE9BF67BEE9BF67BEE49
:1070A0009BF69CF69CF6BCFE9CF6BCFEDCFEBCFE91
:1070B000BCFEBCFEBCF6BCF6BCF69CF69BF69BF692
:1070C0009BF69BF69CFE9CFE9CFE9CFE9CFE9CFE02
:1070D0007CFE7BF65BF65BF65BF67BFE5BF65BF6B7
:1070E00079E599ED79ED79EDBAF599ED79EDBAEDAE
:1070F000BAF599ED99ED99ED99ED99EDBAF5BAF5E5
:10710000DAF5DAF5BAEDDAF5DAF5BAEDDAF5DAF557
:10711000FAF5BAEDBAEDBAED99EDBAED79E599ED7A
:1071200099ED99ED99EDB9EDBAEDDAF5DAF5DAF513
:10713000FBF5FBF51BF61BF6FBF5FBF51BF6FAF56D
:10714000DAF51BFEDAF579ED59ED38ED18ED18EDAD
:1071500018E518E518E518E518E559ED9AF59AF5DA
:107160007AED59ED39ED59ED5AF539F5D9EC98EC40
:1071700057E4F5DB73C353BB11ABD09A72AB79E51F
:107180009DFEFDFEFDFEBCF69CF67CFE3BF6DAF5B0
:10719000B9F5B9F5BAF5BAF599ED79ED59ED38E5E6
:1071A00018E5D7D495CC54C495CCFAEDBCFEDCFEE2
:1071B000FDFE1DFF3DFF5EFF7EFF7EFF7EFF7EFF2B
:1071C0007EFF7EFF7EFF7EFF7EFF7EFF7EFF7EFFD7
:1071D0005EFF5EFF5EFF5EFF5DFF5DFF5DFF5DFFCB
:1071E0001DF7FCF6DCF6BBEEDCF6FCF63DFF5DFFC2
:1071F0005EFF5EFF5EFF5EFF5EFF1DFFFDFE1DFF8B
:107200001DFFFDF61DF71DF71DF71DF71DFF1DFFE7
:10721000FDFEFDFE1DFF3DFF1DF73DFF3DFF3DFF58
:107220003DFF3DFF3DFF3DFF3DFF3DFF1DFF1DF7C6
:107230001DF71DF71DF71DFF1DFF1DFF1DFFFDFEA7
:10724000DDFEDDFEFDFEDDFEDDFEFDFEFDFE1DF7CD
:107250001DF71DFF1DFFFDFEBCFE7BFEB9EDF6D444
:10726000B9E5BCFE1EFF3EFF9FFFBFFFBFFFDFFF74
:107270003DFFF9DD77CDB8DD3AEE3AEE3AEE7BF63A
:107280007BF6BCF6DCFEBCFEBCFEBCFEDCFEBCFE3F
:10729000BCFEBCF6BCF6BCF6BCF69CF69CF69CF6B6
:1072A0009BF6BCFE9CFE9CF69CFE9CFE7CFE9CFE1F
:1072B0007CFE7BFE5BF65BF65BF65BF65BF65BF6F5
:1072C00058E599ED79E558E5BAEDBAED99EDBAF5DD
:1072D000BAF5BAF599ED99ED79ED79ED99EDBAED4B
:1072E000DAF5DAF5BAEDDAF5DAF5BAEDDAF5DAF576
:1072F000DAF5BAEDB9EDB9ED99EDBAED99EDB9ED73
:1073000079E579E5B9EDDAF5BAEDBAEDDAF5FBF53F
:10731000FBF51BFE1BFE1BF6FBF5FBF5FAF5DAF59C
:10732000BAEDDAF59AF579ED39ED18EDD7E4D8E450
:10733000D7E4D7E4F8E418E539E57AED9AF59AF55B
:10734000BBFD7AF55AED19ED3AEDD9E477E416DC98
:10735000B5D374CB33BBF1B2D0A28F92D3B3FBEDD4
:10736000DDFE1EFFDDFEDDFE9CF69CFE3BF6FAF523
:10737000DAF5DAF5DAF5DAF5BAF599ED58ED17E55B
:10738000F7DC96D475CC75CCD6D41BF6BCFEDCFEEF
:10739000FDFE1DFF3DFF5EFF5EFF5EFF7EFF7EFF89
:1073A0007EFF7EFF7EFF7EFF7EFF7EFF7EFF5EFF15
:1073B0005EFF5EFF5EFF5EFF5DFF5DFF5DFF5DFFE9
:1073C0003DFF1CF7DCF6DCEEDCF6FCF63DFF5DFF76
:1073D0005EFF5EFF5EFF5EFF5EFF1DFFFDFEFDFECA
:1073E0001DFFDCF6FDF6FDF6FCF61DF7FDFEFDFECD
:1073F000FDFEFDFE1DFF3DFF3DFF3DFF3DFF3DFF4F
:107400003DFF3DFF3DFF3DFF3DFF1DFF1DF71DF70C
:107410001DF71DF71DF71DF73DFF1DFF1DF71DFF94
:10742000FDFEFDFEFDFEFDFEFDFEFDFEFDFEFDFE84
:107430001DF71DF7FDF6FDFEDCFEBCFE1AF657DD5E
:1074400057DD1AEEBCFE1DFF7EFFBFFFBFFFBFFF73
:107450005EFF19DE77D557D598DDD9E51AEE5BEEDC
:107460009BF6BCF6DCFEDCFEDCFEDCFEDCFEDCFEBD
:10747000BCF6BCF6BCF69CF69CF69CF69CFE9CFE0C
:107480009CF6BCFEBCFEBCFEBCFE9CFE5BF65BF646
:107490007BFE7BFE7BFE7BFE5BF63AF63BF65BF605
:1074A00099EDBAF579ED58E579ED79ED58E579ED95
:1074B000BAF5DAF5DAF599ED79ED79ED99ED99ED21
:1074C000DAF5DAF5BAEDDAF5DAF5BAEDBAEDFAF59C
:1074D000DAF5BAED99ED99ED79E5BAEDBAEDDAF5AF
:1074E00079E579E5B9EDFAF5FAF5FAF51BF61BFE43
:1074F0001BFE3BFE3BFE1BF6FBF5FAF5DAEDDAED83
:1075000079ED79ED59ED59ED18EDD7E4B7DC97DC5D
:1075100096DCB7DCD7DCF8E439ED5AED7AF59BF56B
:10752000BCFD5AF51AEDD9E4B8E437D4B5CB33C372
:10753000F3BAF2BAB1B250A24F9AD09A97CC9DFE4C
:10754000FEFEFDFEDDF6DDFEBCFE9CFE5BFE1BFED0
:107550001BFEFAFD1BFEFBFDDAF5B9F558EDF7DC75
:10756000B6D476CC55CC95CC58E55BFEBDFEDDFEA1
:10757000FDFE3DFF3DFF5EFF5EFF5EFF5EFF5EFFC7
:107580007EFF7EFF7EFF7EFF7EFF7EFF7EFF7EFF13
:107590005EFF5EFF5EFF5EFF5EFF5EFF5DFF5DFF05
:1075A0003DFF1DF7FCF6DCF6DCF6FCF63DFF5DFF6B
:1075B0005EFF5EFF5EFF5EFF3EFFFDFEFDFEDDFE49
:1075C000FDFEDCF6DCF6FCF6FCF61DF7FDFEFDFE2E
:1075D000FDFEFDFE1DFF3DFF1DF73DFF3DFF3DFF95
:1075E0003DFF3DFF3DFF3DFF3DFF3DFF1DF71DF70B
:1075F0001DF71DF71DF73DFF3DFF3DFF1DF71DFF6B
:107600001DFFFDFEFDFE1DFF1DFF1DFF1DFF1DFFDC
:107610001DFF1DF7FDF61DF7FDFEFDFE7CFEF9EDDD
:1076200078DD78DDFAE5FDFE5EFF5EFF5EFFFCEED5
:107630007BE6F9DDF9E53AEE1AEE3AF63AF65BF654
:107640009CF6BCF6BCF6BCF6BCF6DCF6DCF6DCFE62
:10765000DCF6BCF6BCF6BCF69CF69CFE9CFEBCFEC2
:107660009CFE9CFE9CFE9CFE9CFE7CFE5BF65BF6FC
:107670005BF67BFE7CFE7BFE3BF61AF61AF63AF6CC
:10768000BAF5BAF579ED58E579ED58E538E558E5FC
:1076900099EDDAF5FBFD99ED79ED79ED99EDBAF516
:1076A000DAF5DAF5B9EDDAF5DAF5BAEDBAEDFBF5BA
:1076B000DAF5BAED99ED79E579E5BAEDDAF5DAF5CD
:1076C000B9ED99E5B9EDFBF51BFE3CFE3CFE3CFE39
:1076D0001BF61BFEFBF5FAF5FAF5BAED99ED99EDFF
:1076E00059E538E538E538EDF8E4B7DC76DC76D4F2
:1076F00056D476D476D4B8DCF9E43AED5AED9BF55D
:107700003AEDF9E4B8DC78D416CC95C3F3B291AA7B
:1077100051AA51AA30A20F9A2F9273AB7AE5BEFEFE
:10772000FEFEDCF6DDF6DCF6FDFE9CFE7CFE3BFE9E
:107730003BFE3BFE1BFE1BFEFAF5B9F558EDF7DCF0
:1077400096D475CC55CCD6D4B9ED7CFEDDFE1DFFAC
:107750001DFF3DFF5EFF5EFF5EFF5DFF5DFF5EFFA5
:107760005DFF5DFF5EFF7EFF7EFF7EFF7EFF7EFF93
:107770005EFF5EFF5EFF5EFF5EFF5EFF5EFF5EFF21
:107780005DFF3DFFFCF6DCF6DCF6FCF61DFF3DFF81
:107790003EFF5EFF7EFF5EFF3EFFFDFEDCFEDDFE88
:1077A000DDFEDCF6DCF6DCF6FCF6FDF6DCFEFDFECE
:1077B000DDFEFDFE1DFF1DFF1DF71DF73DFF1DFF3B
:1077C0003DFF3DFF3DFF3DFF3DFF3DFF3DFF3DFFD9
:1077D0001DF71DF71DF73DFF3DFF3DFF3DFF3DFF41
:1077E0001DFF1DFF1DFF1DFF1DFF1DFF1DFF1DFFB9
:1077F0001DFF1DFF1DF71DF7FCF61DFFDDFE9CFEA6
:107800001AEE78DD98DD5BEEBCF69BEE9BE65ADE69
:1078100039DE19E63AEE7CFE7BFE7CFE7CFE9CFEA9
:107820009CF69CF6BCF6DCFEDCFEDCF6DCF6DCF658
:10783000DCF6DCF6BCF6BCFE9CFE9CFE9CFEBCFEB0
:107840009CFE9CFE7CFE7BFE7BFE7BFE5BF65BF67D
:107850005BF65BFE7BFE5BFE3BF61AF61AF61AF64B
:10786000BAF5BAF579ED38E558E538E538E579E562
:1078700099EDBAF5BAF599ED99ED99ED99EDDAF53D
:10788000DAF5DAF5BAEDDAF5FAF5BAEDDAF5FAF590
:10789000DAF5BAEDBAED99EDB9EDBAEDFAF5DAF53A
:1078A000FAF5DAEDFAF53BF65CFE5CFE5CFE3BF6C3
:1078B0001BF6FAF5BAEDB9EDB9ED99ED79ED58E5AC
:1078C00038E518E5F8E4F8E4D7E497DC76D456D444
:1078D00056CC56CC36CC56D497DCB8DCB8DCD9E4E0
:1078E00078DC57DCF6CBD5C334B313B392AA51AAD4
:1078F00010A230AA30A270A2909A76CC3DFEBEFEB5
:10790000FDFEDCF6FDFEDCF6FDFE9CF67CFE5BFE7D
:107910005BFE5BFE5CFE3BFEFAF5B9ED59EDF7E46C
:10792000B7DC96D475D417DDFBF59CFEDDFE1DFF9C
:107930003DFF3DFF5EFF5EFF5DFF5DFF5DFF5DFFA5
:107940005DFF5DFF5EFF7EFF7EFF7EFF7EFF7EFFB1
:107950005EFF5EFF5EFF5EFF5EFF5EFF5EFF5EFF3F
:107960007EFF3DFF1DFFFCF6DCF6FCF61DF73DFF3C
:107970003DFF5EFF7EFF7EFF3EFFFDFEDCFEDCFE88
:10798000DCFEBCF6BCF6DCF6DCF6FCF6DCFEDCFE6F
:10799000DDFEDCFEFDFE1DFF1DF71DFF1DFF1DFFB3
:1079A0001DFF3DFF3DFF3DFF3DFF3DFF3DFF1DF73F
:1079B0001DF71DF71DFF3DFF3DFF3DFF3DFF3DFF57
:1079C0003DFF3DFF1DFF1DFF1DFF1DFF1DFF1DFF97
:1079D0001DFF1DFF3DFF3DF7FCF63DFF1DFFDDFEDA
:1079E000DDFE3BF6D9E5F9E51AE61AE67BE69BEE05
:1079F000BBEE9BEE3AEE5BF67BFE9CFE9CFEBCFE75
:107A00009CF6BCF6DCFEFDFE1DFFFDFEDCF6DCF6A2
:107A1000DCF6BCF6BCF6BCFE9CFE9CFE9CFE9CFE0E
:107A20007CFE7CFE5BFE5BF65BF65BF63BF63BF6B4
:107A30003BFE3BF63BF63BF63BF61AF6FAF5FAED63
:107A400079ED99ED38E517DD38E558E558E5BAEDFB
:107A5000BAF599ED99ED99EDBAEDBAF5BAF5DAF511
:107A6000DAF5DAF5BAEDDAF5DAF5BAEDBAEDDAF516
:107A7000DAF5BAEDBAEDDAF5DAF5DAF5DAF5DAEDE6
:107A80001BF63BF65CFE5CFE5CFE3BF63BF61BF633
:107A9000FAF5BAED99ED99ED79ED79ED58E538E51E
:107AA00018E518E5F8E4D7DCB7DC97DC76D456D4D3
:107AB00036CC36CC16CC16CC16CC16CCF5CBD5CBDA
:107AC000B5CB94C333B3F3AA71A271A251A272AA27
:107AD00031AA51AA51AAD2AA32AB39E5BEFEDEFEC6
:107AE000FDFEFDFEDCF6DCF6BCF69BF65BF65BF617
:107AF0003BFE5BFE5CFE3BFEFAF5B9ED59ED18E589
:107B0000D7DCB7D4B6D438E51BFE9CFEFDFE1DFFC6
:107B10003DFF5DFF5EFF5EFF5DFF3DFF3DFF5DFFE3
:107B20005EFF5EFF7EFF7EFF7EFF7EFF5EFF5EFFED
:107B30007EFF7EFF7EFF7EFF5EFF5EFF5EFF5EFFDD
:107B40007EFF5DFF1DFFFCF6DCF6FCF61DF73DFF3A
:107B50003EFF5EFF7EFF7EFF3DFFDCFEBCF6BCF617
:107B6000BCFEBCF6BCF6BCF6DCF6DCF6BCF6DCFE15
:107B7000DCFEDCFEFDFE1DFF1DF71DF71DFF1DFFDA
:107B80003DFF3DFF3DFF3DFF3DFF1DF71DF71DF78D
:107B90001DF71DF73DFF3DFF3EFF3DFF3DFF3DFF54
:107BA0003DF73DF73DFF1DFF1DFF1DFF1DFF3EFF84
:107BB0003EFF3EFF5EFF7EFF5DF75EFF1DFFDCFECA
:107BC000DDFEBDFE7BF65BF67BF6BCF6DCF6BCEEBE
:107BD000BBEEBCF67BF67BFEBCFE9CFE7BF69CF609
:107BE000BCFEBCF6DCFEFDFEFDF6FCF6DCF6DCF6CB
:107BF000DCF6BCF6BCF6BCFE9CFE9CFE9CFE7CFE4D
:107C00007CFE5BF63BF63BF61AF61BF63BFE5BFE94
:107C10003BFE1BF6FAF51AF61AF61AF6FAF5FAF51D
:107C200058E558E517DD17DD58E579ED99EDDAF5FA
:107C3000BAF599ED99ED99EDBAEDBAF5DAF5BAF52F
:107C4000DAF5DAF5BAEDBAEDDAF5BAEDDAF5FBF513
:107C5000FBF5DAF5DAF5DAF5FBF5DAF5FBF5DAF549
:107C60003CFE5CFE7CFE5CFE3BF63BF61BEEFAED5A
:107C7000DAED99E599ED99ED58E538E558E518E51F
:107C800018E518E5F8DC97D497D497D456CC56CCA1
:107C900036CC15CCF5C3D5C394C374BB54BB33BB2E
:107CA00013BBF2B2B1AA71A2519A51A272AA72AADE
:107CB00072B272B271AA13BB16CCDCF59EFEFEFE48
:107CC000FDFE1DFFDCF6DCF69BF69CF67BF65BF614
:107CD0005BFE5BFE5CFE3BF6DAF5B9ED79ED38ED67
:107CE000F8E4D7DCF7DC79ED5CFE9CFE1DFF3DFF80
:107CF0005EFF5EFF5EFF5EFF5DFF3DFF3DFF5DF7E8
:107D00005DFF5DFF5DFF5EFF5EFF5EFF5EFF5EFF8E
:107D10007EFF7EFF7EFF7EFF7EFF5EFF5EFF5EFFDB
:107D20007EFF5EFF1DFFFCF6FCF6FCF61DF73DFF37
:107D30003EFF5EFF7EFF7EFF3EFFFDFEBCFEBCFE03
:107D4000BCFEBCFEBCF6BCF6BCF6DCF6BCF6DCFE4B
:107D5000DCFEDCFEFDFE1DFF1DFF1DF71DFF1DFFF0
:107D60003DFF3DFF3DFF3DFF3DFF3DF73DFF3DFF3B
:107D70001DFF1DFF3DFF3DFF3EFF3DFF3DFF3DFF62
:107D80003DF73DF73DFF3DFF1DFF3DFF1DFF1DFF83
:107D90003EFF3EFF5EFF7EFF5EF77EFF3DFFFDFE86
:107DA000BCF6BCFEBCFEBDFEDDFEFDFEFDFE9BEE98
:107DB0009BEEBCF6BCF6BCFEBDFE7BFE9BF6BCFE9D
:107DC000DCFEDCFEDCFEBCF6BCF6DCF6FCF6DCF62B
:107DD000DCF6DCF6BCF69CF69CF67BFE7BFE7BFEBE
:107DE0005BFE3BF63BF61AF6FAEDFAF53BFE3BFE80
:107DF0001BF61AF6FAF5FAF5FAF5FAF51AF61BF685
:107E0000BAF5BAF579E558E579ED79ED58E579ED0A
:107E100099ED99EDBAF5BAF599ED99EDBAF599EDB7
:107E2000FAF5FAF5BAEDBAEDDAF5DAF5FBF51BFE7F
:107E30003BFEFBF5DAF5FBF51BFEDAF51BFE1BF648
:107E40005CFE5CFE7CFE3BF61BEE1BF61BF6FAEDC1
:107E5000B9E578E599E599ED17DD17DD38E5F7E443
:107E6000F7DC38E5F8DC96D496D496D456CC36CCEC
:107E700036CCF5C3D5C394BB53BB53BB33BBF3B2B2
:107E8000B1B291AA91AA71A2B2AA92A2B3B2B3B2AC
:107E9000B3BAB3BAD3BAB6CB3AED7EFE9EFEFEFEBF
:107EA000FDFE1DFF1DFFDCF6BCF6BCF69CFE7BFE56
:107EB0007CFE7CFE5CFE3BF6DAEDB9ED79F559ED22
:107EC00018E518E538E5DAF59DFEDDFE3EFF5EFFBC
:107ED0005EFF5EFF5EFF5EFF5DFF5DFF3DFF3DF706
:107EE0003DF73DF75DF75DFF5DFF5EFF5EFF7EFFE7
:107EF0005EFF5EFF7EFF7EFF7EFF7EFF7EFF7EFFDA
:107F00007EFF7EFF3DFF1DFF1DF71DFF3DFF5DFF57
:107F10005EFF5EFF7EFF7EFF5EFF1DFFDDFEBCFE9F
:107F2000BCFEBCFEBCF6BCF6BCF6DCF69CF6DDFE88
:107F3000DDFEDDFEFDFE1DFF1DFF3DFF3DFF3DFFA4
:107F40003DFF3DFF3DFF1DF73DF73DF73EFF5EFF67
:107F50001DFF1DFF3DFF3EFF3EFF3EFF3DFF3DFF7E
:107F60003DF73DF73DFF3DFF3DFF3DFF3DFF1DFF61
:107F70001DFF1DFF5EFF7EFF3DF75DF73EFF1DFF0E
:107F8000FDFEBCFEBCFEFDFEDDFEDDFE1DFFFDFEBA
:107F9000FDFEFDFEDDFEDDFEDDFE7BF6BCFEBCFE75
:107FA000DCFEFDFEFDFEDCF6DCF6FCF6FCF6DCF6A7
:107FB000DCF6DCF6BCF69BF67BF65BF65BF65BF676
:107FC0001AF63BF65BFE3BF6FAF5D9EDDAEDDAEDA3
:107FD000FAF5FAF5DAF5DAF5DAEDFAF51BFE5CFEFC
:107FE000180209050000000041542B43574A415034
:107FF0003D22000000000000000000000000000022
:108000000000000000000000000000000000000070
:108010000000000000000000000004000008000054
:108020000000000000020001000010004665620030
:1080300044656300576564005475650041756700C9
:10804000467269004A756C004A616E004D6F6E00A1
:108050004A756E0053756E00536570004D61720075
:1080600041707200536174004F637400546875006E
:108070004E6F76004D61790041542B4D515454554B
:108080005345524346473D302C312C2263393666E6
:1080900064666135316439383437333138316333AC
:1080A000353235343231656565616162222C2232A8
:1080B00068726F636939643139367267383868229B
:1080C0002C224D63506C354B79783050222C302C5B
:1080D000302C22220D0A000041542B434950534EAC
:1080E00054504346473D312C382C226E7470312E4B
:1080F000616C6979756E2E636F6D222C226E7470BF
:10810000322E616C6979756E2E636F6D222C226E32
:1081100074702E6E7473632E61632E636E220D0A6B
:1081200000000000548202080000002054010000FA
:10813000D001000814830208540100205C0B0000E9
:108140002C0200081001000043000000F8FFFFFFB0
:10815000004040404040404040404141414141405A
:10816000404040404040404040404040404040400F
:10817000400502020202020202020202020202029E
:1081800002202020202020202020200202020202A3
:1081900002029090909090901010101010101010FB
:1081A0001010101010101010101010100202020207
:1081B000020288888888888808080808080808084B
:1081C0000808080808080808080808080202020247
:1081D000400000000000000000000000000000005F
:1081E000000000000000000000000000000000008F
:1081F000000000000000000000000000000000007F
:10820000000000000000000000000000000000006E
:10821000000000000000000000000000000000005E
:10822000000000000000000000000000000000004E
:10823000000000000000000000000000000000003E
:10824000000000000000000000000000000000002E
:1082500000000000412D01020304041D0607080967
:108260000E01120A13FF0171172725232221203A3C
:1082700001013112020C10581F14460C10012DC8B8
:1082800014FD01012D5F14393C3A1E0A2905690AC3
:108290003917290A39671E488002082C041A5C0421
:1082A0001A60041A74041A50041A44041A3C041A7A
:1082B00058041A68041A70041A30041A54041A4C28
:1082C000041A38041A34041A6C041A40041A640498
:1082D00071100931343A35303A3235180A46656240
:1082E0002031372032300C2C4A616E1011144D6150
:1082F000721C4170720812791C4A756E04126C145B
:1083000041756714536570144F6374144E6F76543F
:04831000446563005D
:040000050800019559
:00000001FF
